date,venue,race_no,lane,racer_win_rate,local_win_rate,motor_2ren,boat_2ren,avg_st,finish
2024-01-01,徳山,1,1,5.4,5.58,33.1,28.7,0.144,1
2024-01-01,徳山,1,2,5.46,6.26,31.6,30.3,0.177,3
2024-01-01,徳山,1,3,5.51,4.95,34.8,38.2,0.113,2
2024-01-01,徳山,1,4,3.5,2.73,22.1,32.6,0.116,4
2024-01-01,徳山,1,5,5.56,5.44,17.4,30.8,0.158,5
2024-01-01,徳山,1,6,3.87,3.58,28.2,29.1,0.197,6
2024-01-01,津,2,1,4.17,4.22,44.5,24.7,0.19,1
2024-01-01,津,2,2,4.76,5.96,40.3,26.8,0.163,2
2024-01-01,津,2,3,5.21,5.62,34.5,38.0,0.21,5
2024-01-01,津,2,4,5.6,5.33,35.9,26.9,0.14,4
2024-01-01,津,2,5,6.3,6.99,25.7,29.2,0.183,3
2024-01-01,津,2,6,4.94,4.88,43.8,38.1,0.149,6
2024-01-01,芦屋,3,1,5.2,4.53,34.9,31.3,0.201,1
2024-01-01,芦屋,3,2,5.38,5.78,32.6,40.3,0.16,3
2024-01-01,芦屋,3,3,4.11,4.32,23.2,21.8,0.149,6
2024-01-01,芦屋,3,4,5.56,6.91,29.2,30.3,0.167,5
2024-01-01,芦屋,3,5,5.22,5.1,39.9,37.1,0.124,2
2024-01-01,芦屋,3,6,5.44,4.8,36.8,28.9,0.194,4
2024-01-01,蒲郡,4,1,3.27,3.78,22.8,38.5,0.13,1
2024-01-01,蒲郡,4,2,5.53,4.61,43.7,42.7,0.158,2
2024-01-01,蒲郡,4,3,5.24,4.66,42.7,30.7,0.158,4
2024-01-01,蒲郡,4,4,4.77,4.01,43.8,33.1,0.194,3
2024-01-01,蒲郡,4,5,4.71,4.51,31.1,34.0,0.147,6
2024-01-01,蒲郡,4,6,4.02,3.54,46.6,30.0,0.123,5
2024-01-02,びわこ,5,1,5.38,5.42,29.7,36.7,0.141,5
2024-01-02,びわこ,5,2,4.29,3.56,44.3,31.0,0.17,6
2024-01-02,びわこ,5,3,4.96,4.65,39.4,32.2,0.155,1
2024-01-02,びわこ,5,4,6.58,6.98,37.7,30.6,0.112,2
2024-01-02,びわこ,5,5,6.37,6.28,38.8,38.7,0.189,3
2024-01-02,びわこ,5,6,4.94,5.85,26.3,39.2,0.177,4
2024-01-02,下関,6,1,5.39,5.89,23.5,21.3,0.169,1
2024-01-02,下関,6,2,5.15,5.18,29.0,24.9,0.154,4
2024-01-02,下関,6,3,3.76,4.06,34.6,36.4,0.125,6
2024-01-02,下関,6,4,4.4,3.87,36.4,29.3,0.172,5
2024-01-02,下関,6,5,7.43,6.59,41.2,33.5,0.16,2
2024-01-02,下関,6,6,4.94,5.39,34.4,34.5,0.15,3
2024-01-02,平和島,7,1,4.87,5.67,35.3,27.0,0.127,1
2024-01-02,平和島,7,2,5.56,5.59,34.6,34.2,0.188,2
2024-01-02,平和島,7,3,5.62,4.99,38.6,29.9,0.198,3
2024-01-02,平和島,7,4,5.26,5.26,25.7,44.3,0.211,4
2024-01-02,平和島,7,5,6.17,6.4,16.7,35.5,0.158,5
2024-01-02,平和島,7,6,4.32,4.16,33.8,41.1,0.172,6
2024-01-02,江戸川,8,1,6.32,6.72,35.8,35.3,0.151,2
2024-01-02,江戸川,8,2,5.45,6.36,38.9,33.6,0.14,4
2024-01-02,江戸川,8,3,7.0,7.31,35.5,31.9,0.121,1
2024-01-02,江戸川,8,4,6.27,6.04,33.4,32.7,0.164,6
2024-01-02,江戸川,8,5,5.16,4.65,41.2,29.4,0.18,3
2024-01-02,江戸川,8,6,5.09,4.73,36.3,34.0,0.125,5
2024-01-03,鳴門,9,1,4.29,5.06,28.7,40.5,0.213,3
2024-01-03,鳴門,9,2,5.95,7.12,33.6,30.4,0.113,4
2024-01-03,鳴門,9,3,6.88,7.45,28.4,28.9,0.142,1
2024-01-03,鳴門,9,4,5.19,5.32,37.1,32.2,0.159,5
2024-01-03,鳴門,9,5,5.32,5.62,48.1,37.6,0.162,6
2024-01-03,鳴門,9,6,5.79,4.62,25.1,39.1,0.185,2
2024-01-03,福岡,10,1,4.62,3.92,34.6,32.9,0.12,3
2024-01-03,福岡,10,2,4.25,4.92,42.4,40.5,0.143,4
2024-01-03,福岡,10,3,5.27,5.03,32.6,26.2,0.109,2
2024-01-03,福岡,10,4,5.21,5.34,42.0,23.6,0.133,5
2024-01-03,福岡,10,5,5.79,5.57,42.2,35.3,0.118,1
2024-01-03,福岡,10,6,6.21,6.48,21.7,42.1,0.181,6
2024-01-03,尼崎,11,1,4.75,4.85,23.3,31.7,0.194,3
2024-01-03,尼崎,11,2,6.47,6.67,27.7,31.0,0.144,1
2024-01-03,尼崎,11,3,4.86,4.37,32.9,27.8,0.115,5
2024-01-03,尼崎,11,4,6.28,5.37,35.0,30.1,0.126,2
2024-01-03,尼崎,11,5,4.88,5.78,29.5,36.3,0.152,6
2024-01-03,尼崎,11,6,5.99,5.89,39.2,33.7,0.122,4
2024-01-03,桐生,12,1,4.32,3.23,34.6,40.6,0.107,1
2024-01-03,桐生,12,2,4.66,3.98,37.7,29.2,0.135,2
2024-01-03,桐生,12,3,4.64,4.9,28.2,26.7,0.096,4
2024-01-03,桐生,12,4,5.08,5.23,34.8,35.0,0.162,5
2024-01-03,桐生,12,5,4.36,3.43,27.9,26.0,0.186,3
2024-01-03,桐生,12,6,4.44,3.6,32.5,42.3,0.08,6
2024-01-04,浜名湖,1,1,6.79,7.28,32.2,28.8,0.094,1
2024-01-04,浜名湖,1,2,5.37,5.32,34.3,27.3,0.158,5
2024-01-04,浜名湖,1,3,6.69,7.81,34.0,29.4,0.158,2
2024-01-04,浜名湖,1,4,4.66,4.62,27.7,37.6,0.156,3
2024-01-04,浜名湖,1,5,5.22,4.78,28.4,32.6,0.141,4
2024-01-04,浜名湖,1,6,5.4,4.58,35.5,25.9,0.138,6
2024-01-04,児島,2,1,4.42,4.26,31.1,34.6,0.118,3
2024-01-04,児島,2,2,5.54,5.46,31.9,37.3,0.102,2
2024-01-04,児島,2,3,5.64,5.81,37.7,30.1,0.151,4
2024-01-04,児島,2,4,5.83,5.95,24.4,37.2,0.201,1
2024-01-04,児島,2,5,5.63,4.7,41.6,33.1,0.08,5
2024-01-04,児島,2,6,3.91,3.13,30.6,41.6,0.147,6
2024-01-04,宮島,3,1,5.83,6.06,35.8,40.0,0.133,2
2024-01-04,宮島,3,2,6.13,6.48,42.5,36.4,0.149,1
2024-01-04,宮島,3,3,4.4,3.41,39.1,33.7,0.171,6
2024-01-04,宮島,3,4,5.03,4.67,29.0,20.5,0.148,4
2024-01-04,宮島,3,5,5.78,5.42,34.9,38.5,0.08,5
2024-01-04,宮島,3,6,5.94,6.35,46.9,40.8,0.171,3
2024-01-04,唐津,4,1,5.35,5.47,44.4,33.8,0.211,3
2024-01-04,唐津,4,2,5.21,5.1,40.5,40.3,0.107,1
2024-01-04,唐津,4,3,5.74,5.34,24.3,40.2,0.177,4
2024-01-04,唐津,4,4,4.92,5.54,33.3,40.6,0.128,5
2024-01-04,唐津,4,5,5.6,5.18,39.7,35.6,0.128,6
2024-01-04,唐津,4,6,5.05,5.6,30.6,31.4,0.202,2
2024-01-05,常滑,5,1,5.52,5.79,29.2,24.1,0.11,2
2024-01-05,常滑,5,2,4.64,4.56,36.5,37.7,0.148,6
2024-01-05,常滑,5,3,4.51,4.29,27.8,40.8,0.159,3
2024-01-05,常滑,5,4,5.05,4.91,39.9,24.4,0.124,4
2024-01-05,常滑,5,5,7.93,8.51,34.2,38.3,0.232,1
2024-01-05,常滑,5,6,5.03,5.76,38.5,38.0,0.142,5
2024-01-05,丸亀,6,1,5.21,5.47,39.8,32.0,0.101,1
2024-01-05,丸亀,6,2,4.66,4.46,30.8,32.0,0.08,2
2024-01-05,丸亀,6,3,5.65,6.32,48.9,34.1,0.097,3
2024-01-05,丸亀,6,4,4.19,3.89,35.6,22.0,0.172,5
2024-01-05,丸亀,6,5,5.7,5.63,32.8,33.6,0.141,4
2024-01-05,丸亀,6,6,3.72,3.7,47.9,45.9,0.206,6
2024-01-05,戸田,7,1,4.96,4.91,27.4,31.8,0.24,3
2024-01-05,戸田,7,2,5.16,5.48,40.0,27.3,0.153,5
2024-01-05,戸田,7,3,5.67,5.74,45.9,29.9,0.163,1
2024-01-05,戸田,7,4,6.89,5.72,30.3,30.8,0.183,2
2024-01-05,戸田,7,5,6.8,5.85,40.3,32.2,0.137,4
2024-01-05,戸田,7,6,4.48,3.23,32.4,25.0,0.137,6
2024-01-05,多摩川,8,1,4.18,4.44,30.5,22.1,0.184,1
2024-01-05,多摩川,8,2,5.76,5.82,39.4,34.2,0.203,5
2024-01-05,多摩川,8,3,5.79,6.04,24.8,33.0,0.151,2
2024-01-05,多摩川,8,4,4.04,5.02,35.7,26.7,0.1,4
2024-01-05,多摩川,8,5,5.31,4.88,35.6,30.2,0.179,3
2024-01-05,多摩川,8,6,5.36,5.95,53.0,28.0,0.144,6
2024-01-06,大村,9,1,4.92,3.66,24.9,31.5,0.165,3
2024-01-06,大村,9,2,3.63,3.35,40.6,37.3,0.157,4
2024-01-06,大村,9,3,6.03,5.68,26.8,29.2,0.211,2
2024-01-06,大村,9,4,6.56,6.27,41.6,30.4,0.154,1
2024-01-06,大村,9,5,6.17,5.87,34.4,36.0,0.202,5
2024-01-06,大村,9,6,3.66,3.49,35.1,34.7,0.206,6
2024-01-06,三国,10,1,5.55,6.63,28.5,33.3,0.176,1
2024-01-06,三国,10,2,4.96,5.15,33.1,34.7,0.155,4
2024-01-06,三国,10,3,5.38,5.91,28.2,32.6,0.183,3
2024-01-06,三国,10,4,5.58,4.95,42.9,47.9,0.231,6
2024-01-06,三国,10,5,6.14,6.21,35.7,43.3,0.114,5
2024-01-06,三国,10,6,5.35,6.2,36.3,30.0,0.17,2
2024-01-06,若松,11,1,5.55,5.59,42.3,31.3,0.135,2
2024-01-06,若松,11,2,6.59,5.76,43.3,30.2,0.121,1
2024-01-06,若松,11,3,5.3,4.52,32.5,39.6,0.202,5
2024-01-06,若松,11,4,5.81,6.23,30.5,36.1,0.159,3
2024-01-06,若松,11,5,4.91,4.95,35.2,30.6,0.145,4
2024-01-06,若松,11,6,5.61,6.14,43.4,37.5,0.239,6
2024-01-06,住之江,12,1,6.06,6.54,40.2,33.6,0.176,1
2024-01-06,住之江,12,2,5.32,5.94,19.2,37.8,0.124,2
2024-01-06,住之江,12,3,5.17,4.64,37.6,28.5,0.128,5
2024-01-06,住之江,12,4,5.37,5.67,42.2,33.1,0.197,3
2024-01-06,住之江,12,5,5.31,5.65,42.4,32.0,0.151,6
2024-01-06,住之江,12,6,5.48,4.94,42.2,31.6,0.176,4
2024-01-07,徳山,1,1,6.36,5.96,32.3,36.6,0.162,1
2024-01-07,徳山,1,2,5.11,4.03,33.4,20.7,0.173,4
2024-01-07,徳山,1,3,4.68,4.55,36.9,25.4,0.099,3
2024-01-07,徳山,1,4,3.36,2.78,46.1,27.7,0.183,6
2024-01-07,徳山,1,5,5.7,5.51,34.6,37.4,0.221,5
2024-01-07,徳山,1,6,5.52,4.94,39.1,32.5,0.189,2
2024-01-07,津,2,1,5.13,4.31,35.8,48.6,0.2,1
2024-01-07,津,2,2,4.53,4.28,42.0,29.1,0.136,5
2024-01-07,津,2,3,6.26,6.04,27.2,24.7,0.136,2
2024-01-07,津,2,4,6.15,5.77,38.4,45.2,0.201,3
2024-01-07,津,2,5,6.27,6.96,29.8,28.3,0.156,6
2024-01-07,津,2,6,6.87,5.43,27.3,32.4,0.152,4
2024-01-07,芦屋,3,1,5.53,5.66,28.6,30.2,0.188,2
2024-01-07,芦屋,3,2,4.72,5.94,51.2,25.2,0.171,1
2024-01-07,芦屋,3,3,6.18,6.32,33.5,30.8,0.153,3
2024-01-07,芦屋,3,4,6.14,5.91,31.9,26.8,0.158,4
2024-01-07,芦屋,3,5,5.22,5.84,37.6,37.0,0.172,5
2024-01-07,芦屋,3,6,5.27,5.09,40.3,27.5,0.207,6
2024-01-07,蒲郡,4,1,4.62,3.25,29.9,21.9,0.159,4
2024-01-07,蒲郡,4,2,6.05,5.25,29.7,44.7,0.171,3
2024-01-07,蒲郡,4,3,6.46,7.93,44.1,34.8,0.172,1
2024-01-07,蒲郡,4,4,4.79,4.15,35.4,28.3,0.158,5
2024-01-07,蒲郡,4,5,7.74,7.23,34.1,33.0,0.175,2
2024-01-07,蒲郡,4,6,4.91,4.42,23.5,28.4,0.179,6
2024-01-08,びわこ,5,1,3.58,2.89,46.3,20.9,0.148,3
2024-01-08,びわこ,5,2,5.03,4.54,34.6,34.0,0.157,5
2024-01-08,びわこ,5,3,5.25,4.74,31.2,35.4,0.182,2
2024-01-08,びわこ,5,4,4.9,5.46,43.2,40.8,0.209,6
2024-01-08,びわこ,5,5,5.23,5.72,25.4,35.3,0.141,1
2024-01-08,びわこ,5,6,3.66,3.12,34.9,39.3,0.195,4
2024-01-08,下関,6,1,7.15,7.13,24.5,28.8,0.109,1
2024-01-08,下関,6,2,6.71,6.84,24.4,37.9,0.204,2
2024-01-08,下関,6,3,4.72,4.52,37.0,37.8,0.201,3
2024-01-08,下関,6,4,6.59,7.4,39.6,24.8,0.155,4
2024-01-08,下関,6,5,5.02,5.56,32.5,28.4,0.211,5
2024-01-08,下関,6,6,5.62,6.18,42.4,36.0,0.08,6
2024-01-08,平和島,7,1,7.43,7.16,26.4,35.4,0.175,1
2024-01-08,平和島,7,2,6.19,5.9,28.5,35.1,0.187,2
2024-01-08,平和島,7,3,5.73,5.67,54.8,29.7,0.208,3
2024-01-08,平和島,7,4,5.27,5.71,41.3,41.6,0.172,5
2024-01-08,平和島,7,5,4.86,5.17,39.1,42.4,0.175,6
2024-01-08,平和島,7,6,6.92,7.02,24.6,26.9,0.11,4
2024-01-08,江戸川,8,1,5.2,5.25,36.2,30.8,0.159,1
2024-01-08,江戸川,8,2,3.7,3.85,28.7,35.1,0.189,4
2024-01-08,江戸川,8,3,6.17,5.22,42.7,30.4,0.182,3
2024-01-08,江戸川,8,4,2.81,2.36,36.5,43.3,0.17,5
2024-01-08,江戸川,8,5,3.99,4.85,47.6,34.2,0.152,6
2024-01-08,江戸川,8,6,6.28,7.9,40.0,41.6,0.179,2
2024-01-09,鳴門,9,1,5.79,5.33,26.0,34.4,0.135,2
2024-01-09,鳴門,9,2,4.13,3.84,22.0,25.9,0.103,3
2024-01-09,鳴門,9,3,5.81,7.01,24.5,29.9,0.192,1
2024-01-09,鳴門,9,4,5.07,6.1,32.6,27.1,0.114,4
2024-01-09,鳴門,9,5,5.71,4.88,28.1,37.2,0.18,6
2024-01-09,鳴門,9,6,6.02,6.37,22.5,32.1,0.175,5
2024-01-09,福岡,10,1,4.27,4.85,43.6,39.9,0.165,4
2024-01-09,福岡,10,2,6.03,5.6,17.3,51.0,0.185,2
2024-01-09,福岡,10,3,4.49,5.37,46.1,43.3,0.159,6
2024-01-09,福岡,10,4,5.22,3.9,23.1,34.6,0.125,5
2024-01-09,福岡,10,5,5.29,6.45,44.1,33.7,0.202,3
2024-01-09,福岡,10,6,5.06,5.61,26.3,32.3,0.114,1
2024-01-09,尼崎,11,1,6.85,8.27,38.4,29.7,0.185,1
2024-01-09,尼崎,11,2,6.2,6.38,37.0,37.6,0.14,2
2024-01-09,尼崎,11,3,3.68,3.41,25.0,33.1,0.126,5
2024-01-09,尼崎,11,4,5.85,5.0,29.3,28.3,0.186,3
2024-01-09,尼崎,11,5,6.25,6.04,45.3,24.9,0.212,6
2024-01-09,尼崎,11,6,2.62,4.21,46.0,27.8,0.166,4
2024-01-09,桐生,12,1,5.48,6.89,30.0,35.6,0.093,3
2024-01-09,桐生,12,2,6.73,6.16,38.7,33.6,0.123,1
2024-01-09,桐生,12,3,4.89,4.59,40.3,37.9,0.14,6
2024-01-09,桐生,12,4,5.68,5.62,42.2,49.9,0.19,5
2024-01-09,桐生,12,5,5.23,4.71,28.7,28.0,0.146,2
2024-01-09,桐生,12,6,6.14,5.9,33.6,26.7,0.218,4
2024-01-10,浜名湖,1,1,4.18,4.88,46.9,36.5,0.187,1
2024-01-10,浜名湖,1,2,4.73,4.98,28.8,29.9,0.138,5
2024-01-10,浜名湖,1,3,5.55,5.83,24.8,46.2,0.201,3
2024-01-10,浜名湖,1,4,5.03,4.98,38.9,36.5,0.1,4
2024-01-10,浜名湖,1,5,8.39,7.25,42.1,36.3,0.156,2
2024-01-10,浜名湖,1,6,4.19,4.29,45.5,32.8,0.145,6
2024-01-10,児島,2,1,5.29,3.7,35.0,27.4,0.144,1
2024-01-10,児島,2,2,4.25,3.6,45.4,34.7,0.215,6
2024-01-10,児島,2,3,4.49,4.45,43.8,39.8,0.16,4
2024-01-10,児島,2,4,5.28,4.93,48.9,34.0,0.119,3
2024-01-10,児島,2,5,6.15,6.54,34.0,29.9,0.161,5
2024-01-10,児島,2,6,4.06,4.55,31.6,36.3,0.204,2
2024-01-10,宮島,3,1,4.52,4.57,33.8,21.9,0.154,3
2024-01-10,宮島,3,2,4.95,3.93,32.4,33.8,0.164,5
2024-01-10,宮島,3,3,6.05,5.3,33.4,42.0,0.135,2
2024-01-10,宮島,3,4,6.5,6.27,32.9,35.4,0.198,6
2024-01-10,宮島,3,5,4.55,3.93,27.2,28.7,0.13,4
2024-01-10,宮島,3,6,4.49,4.56,37.9,29.5,0.165,1
2024-01-10,唐津,4,1,6.28,5.78,33.5,40.8,0.142,1
2024-01-10,唐津,4,2,4.35,3.85,31.3,47.1,0.146,4
2024-01-10,唐津,4,3,4.84,4.74,39.6,35.1,0.232,6
2024-01-10,唐津,4,4,6.85,7.01,39.2,25.3,0.156,2
2024-01-10,唐津,4,5,5.16,3.87,41.2,31.7,0.145,3
2024-01-10,唐津,4,6,5.17,5.42,26.1,28.4,0.17,5
2024-01-11,常滑,5,1,6.92,7.43,31.8,38.7,0.109,1
2024-01-11,常滑,5,2,4.11,3.86,32.7,30.9,0.163,5
2024-01-11,常滑,5,3,5.9,5.04,30.4,31.5,0.12,2
2024-01-11,常滑,5,4,4.39,4.39,39.1,37.4,0.125,3
2024-01-11,常滑,5,5,4.48,4.75,20.7,41.4,0.143,6
2024-01-11,常滑,5,6,5.74,6.36,37.4,40.3,0.165,4
2024-01-11,丸亀,6,1,5.11,5.58,25.8,37.9,0.172,2
2024-01-11,丸亀,6,2,3.19,3.13,39.5,29.4,0.163,6
2024-01-11,丸亀,6,3,6.07,5.67,41.1,22.9,0.184,3
2024-01-11,丸亀,6,4,6.21,5.65,30.7,47.5,0.131,4
2024-01-11,丸亀,6,5,5.12,4.51,43.3,44.4,0.135,5
2024-01-11,丸亀,6,6,6.57,7.24,40.8,40.9,0.13,1
2024-01-11,戸田,7,1,4.76,5.24,47.6,36.9,0.117,1
2024-01-11,戸田,7,2,6.78,6.48,29.6,40.1,0.165,2
2024-01-11,戸田,7,3,5.02,4.57,37.1,34.7,0.2,4
2024-01-11,戸田,7,4,3.84,4.08,41.3,36.7,0.196,5
2024-01-11,戸田,7,5,4.45,5.01,27.5,21.0,0.196,6
2024-01-11,戸田,7,6,5.09,4.26,25.7,27.1,0.147,3
2024-01-11,多摩川,8,1,3.86,4.97,29.0,35.5,0.167,3
2024-01-11,多摩川,8,2,4.94,5.55,29.8,40.7,0.133,6
2024-01-11,多摩川,8,3,7.3,7.49,35.8,47.5,0.173,2
2024-01-11,多摩川,8,4,6.13,5.43,42.9,41.2,0.14,4
2024-01-11,多摩川,8,5,5.58,5.58,28.2,37.4,0.089,5
2024-01-11,多摩川,8,6,5.0,4.83,37.2,26.6,0.181,1
2024-01-12,大村,9,1,6.46,7.08,45.9,32.2,0.122,1
2024-01-12,大村,9,2,5.71,6.38,35.1,41.2,0.19,3
2024-01-12,大村,9,3,5.9,6.14,36.6,35.4,0.195,4
2024-01-12,大村,9,4,7.14,7.07,41.9,33.5,0.151,2
2024-01-12,大村,9,5,5.09,4.32,30.0,32.1,0.235,6
2024-01-12,大村,9,6,6.33,5.73,37.5,38.0,0.223,5
2024-01-12,三国,10,1,6.0,6.32,31.9,26.0,0.212,1
2024-01-12,三国,10,2,6.42,7.26,31.4,38.9,0.152,2
2024-01-12,三国,10,3,5.31,5.31,42.8,34.7,0.155,4
2024-01-12,三国,10,4,5.74,5.2,31.5,33.7,0.14,6
2024-01-12,三国,10,5,4.79,5.99,44.3,36.7,0.158,3
2024-01-12,三国,10,6,5.72,5.67,37.1,35.8,0.209,5
2024-01-12,若松,11,1,5.34,5.9,43.8,27.3,0.148,2
2024-01-12,若松,11,2,5.54,5.48,32.6,29.9,0.146,4
2024-01-12,若松,11,3,5.93,6.84,21.5,33.3,0.145,1
2024-01-12,若松,11,4,4.45,4.36,27.7,38.2,0.163,6
2024-01-12,若松,11,5,5.77,5.62,24.1,37.6,0.17,5
2024-01-12,若松,11,6,6.38,7.12,27.4,29.3,0.214,3
2024-01-12,住之江,12,1,4.12,3.39,41.4,29.9,0.157,3
2024-01-12,住之江,12,2,6.21,6.01,35.3,29.0,0.221,2
2024-01-12,住之江,12,3,4.3,4.3,40.0,36.9,0.224,5
2024-01-12,住之江,12,4,4.86,4.81,26.0,35.5,0.165,4
2024-01-12,住之江,12,5,5.5,4.24,30.3,34.7,0.116,6
2024-01-12,住之江,12,6,5.03,5.24,33.8,28.7,0.188,1
2024-01-13,徳山,1,1,6.12,5.89,36.7,27.3,0.206,1
2024-01-13,徳山,1,2,5.64,4.58,27.7,39.9,0.22,2
2024-01-13,徳山,1,3,6.65,6.28,33.7,34.0,0.175,3
2024-01-13,徳山,1,4,6.34,7.13,27.0,25.9,0.172,4
2024-01-13,徳山,1,5,3.03,3.51,36.1,31.1,0.234,6
2024-01-13,徳山,1,6,4.65,4.71,27.7,29.4,0.174,5
2024-01-13,津,2,1,6.86,6.84,48.0,28.3,0.151,1
2024-01-13,津,2,2,5.06,5.37,45.2,30.0,0.16,3
2024-01-13,津,2,3,4.66,3.95,35.4,23.6,0.164,4
2024-01-13,津,2,4,4.74,4.14,25.3,45.2,0.113,2
2024-01-13,津,2,5,6.0,5.78,26.9,40.3,0.221,5
2024-01-13,津,2,6,5.1,5.73,37.4,46.0,0.14,6
2024-01-13,芦屋,3,1,5.27,5.19,48.4,32.0,0.16,2
2024-01-13,芦屋,3,2,6.99,6.95,42.3,37.1,0.15,1
2024-01-13,芦屋,3,3,5.43,4.88,43.5,25.7,0.201,3
2024-01-13,芦屋,3,4,5.31,4.85,33.4,36.8,0.186,5
2024-01-13,芦屋,3,5,6.39,6.06,36.6,24.6,0.187,4
2024-01-13,芦屋,3,6,4.98,5.68,39.8,17.1,0.161,6
2024-01-13,蒲郡,4,1,6.04,6.82,28.1,43.4,0.127,1
2024-01-13,蒲郡,4,2,6.56,6.99,28.4,29.8,0.144,2
2024-01-13,蒲郡,4,3,6.55,5.77,38.3,37.7,0.18,3
2024-01-13,蒲郡,4,4,6.92,7.21,41.0,37.4,0.223,6
2024-01-13,蒲郡,4,5,6.68,6.53,33.0,28.2,0.095,4
2024-01-13,蒲郡,4,6,4.71,5.01,24.7,42.6,0.17,5
2024-01-14,びわこ,5,1,3.99,3.83,28.7,35.0,0.225,1
2024-01-14,びわこ,5,2,5.09,4.11,25.1,23.9,0.185,4
2024-01-14,びわこ,5,3,5.46,5.09,35.6,42.4,0.136,6
2024-01-14,びわこ,5,4,4.59,5.12,27.8,27.2,0.111,3
2024-01-14,びわこ,5,5,5.87,7.41,28.0,39.7,0.169,5
2024-01-14,びわこ,5,6,5.12,4.98,30.2,45.6,0.093,2
2024-01-14,下関,6,1,6.09,4.87,45.3,47.7,0.194,2
2024-01-14,下関,6,2,3.99,3.92,29.3,30.5,0.194,6
2024-01-14,下関,6,3,5.27,4.12,33.9,34.5,0.135,5
2024-01-14,下関,6,4,7.29,6.56,27.6,29.1,0.202,3
2024-01-14,下関,6,5,5.73,5.3,32.0,40.4,0.128,1
2024-01-14,下関,6,6,6.82,6.86,39.5,38.5,0.214,4
2024-01-14,平和島,7,1,3.8,3.24,45.2,45.8,0.183,1
2024-01-14,平和島,7,2,4.88,4.84,37.0,27.5,0.125,2
2024-01-14,平和島,7,3,5.08,4.44,37.7,32.4,0.196,6
2024-01-14,平和島,7,4,5.1,5.18,33.8,30.0,0.146,3
2024-01-14,平和島,7,5,6.05,6.82,23.1,31.6,0.145,5
2024-01-14,平和島,7,6,4.95,4.64,40.5,35.1,0.119,4
2024-01-14,江戸川,8,1,4.6,4.37,29.6,35.2,0.166,3
2024-01-14,江戸川,8,2,4.84,2.65,35.6,22.6,0.169,6
2024-01-14,江戸川,8,3,5.67,5.44,33.7,33.2,0.141,2
2024-01-14,江戸川,8,4,4.48,5.19,34.9,39.7,0.151,5
2024-01-14,江戸川,8,5,5.23,5.51,40.8,35.4,0.136,4
2024-01-14,江戸川,8,6,7.06,6.89,33.0,42.8,0.198,1
2024-01-15,鳴門,9,1,4.07,4.31,37.7,32.6,0.119,1
2024-01-15,鳴門,9,2,5.07,4.2,41.3,40.9,0.259,3
2024-01-15,鳴門,9,3,4.81,4.28,15.0,30.4,0.154,4
2024-01-15,鳴門,9,4,6.01,6.36,36.5,38.0,0.211,2
2024-01-15,鳴門,9,5,4.94,4.11,46.3,41.8,0.186,6
2024-01-15,鳴門,9,6,5.57,5.43,35.6,32.9,0.178,5
2024-01-15,福岡,10,1,5.13,5.31,32.3,25.1,0.192,2
2024-01-15,福岡,10,2,6.08,6.33,23.4,28.3,0.142,1
2024-01-15,福岡,10,3,4.22,4.66,33.3,36.3,0.145,5
2024-01-15,福岡,10,4,4.65,4.63,39.1,34.3,0.144,6
2024-01-15,福岡,10,5,5.57,5.77,33.2,29.4,0.179,3
2024-01-15,福岡,10,6,5.1,5.3,37.6,18.6,0.164,4
2024-01-15,尼崎,11,1,4.84,4.81,25.5,32.6,0.187,1
2024-01-15,尼崎,11,2,6.11,6.27,43.3,40.1,0.218,2
2024-01-15,尼崎,11,3,5.28,5.44,36.3,35.8,0.167,3
2024-01-15,尼崎,11,4,3.3,2.89,20.8,34.4,0.16,6
2024-01-15,尼崎,11,5,6.09,6.61,35.7,44.0,0.226,5
2024-01-15,尼崎,11,6,6.44,6.7,37.9,39.6,0.135,4
2024-01-15,桐生,12,1,5.33,5.56,21.8,29.3,0.141,1
2024-01-15,桐生,12,2,4.81,5.37,34.6,34.1,0.16,6
2024-01-15,桐生,12,3,4.93,5.6,38.2,34.9,0.161,4
2024-01-15,桐生,12,4,6.42,6.98,37.6,39.3,0.164,2
2024-01-15,桐生,12,5,5.37,4.13,44.4,34.6,0.119,3
2024-01-15,桐生,12,6,4.52,5.78,38.5,24.6,0.179,5
2024-01-16,浜名湖,1,1,3.26,3.51,46.7,22.5,0.201,4
2024-01-16,浜名湖,1,2,7.75,8.01,33.7,40.6,0.178,1
2024-01-16,浜名湖,1,3,6.11,5.8,22.5,46.2,0.148,3
2024-01-16,浜名湖,1,4,5.74,4.8,25.5,31.0,0.142,5
2024-01-16,浜名湖,1,5,6.52,6.24,38.4,37.6,0.122,2
2024-01-16,浜名湖,1,6,4.46,5.1,38.2,34.1,0.113,6
2024-01-16,児島,2,1,4.81,5.5,32.9,32.1,0.164,2
2024-01-16,児島,2,2,4.96,4.86,45.7,43.0,0.151,4
2024-01-16,児島,2,3,5.36,5.59,41.2,35.8,0.245,1
2024-01-16,児島,2,4,4.2,4.99,32.1,32.2,0.08,5
2024-01-16,児島,2,5,6.22,6.7,41.8,44.1,0.158,3
2024-01-16,児島,2,6,4.66,4.44,42.4,36.3,0.113,6
2024-01-16,宮島,3,1,7.17,6.26,36.6,37.7,0.182,1
2024-01-16,宮島,3,2,5.08,5.16,40.6,30.1,0.119,4
2024-01-16,宮島,3,3,6.51,6.73,30.7,36.4,0.164,3
2024-01-16,宮島,3,4,4.15,4.22,33.9,27.3,0.168,6
2024-01-16,宮島,3,5,4.99,5.23,25.1,33.7,0.175,5
2024-01-16,宮島,3,6,6.48,5.76,24.4,35.4,0.176,2
2024-01-16,唐津,4,1,5.73,6.15,38.9,44.9,0.17,1
2024-01-16,唐津,4,2,4.37,3.54,45.0,42.8,0.178,4
2024-01-16,唐津,4,3,5.57,5.15,45.8,38.0,0.178,5
2024-01-16,唐津,4,4,6.45,6.75,40.2,27.0,0.178,2
2024-01-16,唐津,4,5,4.88,4.8,41.2,39.7,0.182,6
2024-01-16,唐津,4,6,5.9,5.19,29.2,37.3,0.15,3
2024-01-17,常滑,5,1,4.34,4.02,27.4,30.0,0.153,1
2024-01-17,常滑,5,2,3.98,3.16,38.2,34.4,0.196,2
2024-01-17,常滑,5,3,5.06,5.46,24.9,47.7,0.202,4
2024-01-17,常滑,5,4,4.24,4.46,21.9,29.3,0.186,3
2024-01-17,常滑,5,5,4.91,5.48,27.7,35.7,0.143,5
2024-01-17,常滑,5,6,5.86,5.27,48.3,30.5,0.23,6
2024-01-17,丸亀,6,1,6.58,6.11,35.9,36.3,0.181,1
2024-01-17,丸亀,6,2,7.02,7.36,32.0,27.9,0.101,3
2024-01-17,丸亀,6,3,5.94,5.74,27.1,30.8,0.215,2
2024-01-17,丸亀,6,4,4.82,5.63,38.2,34.3,0.139,6
2024-01-17,丸亀,6,5,4.23,3.94,33.5,36.1,0.179,4
2024-01-17,丸亀,6,6,5.62,5.02,19.9,30.9,0.127,5
2024-01-17,戸田,7,1,5.9,5.77,27.9,34.2,0.226,1
2024-01-17,戸田,7,2,6.57,7.39,45.5,29.1,0.231,3
2024-01-17,戸田,7,3,5.15,5.01,39.2,34.3,0.154,2
2024-01-17,戸田,7,4,4.68,4.05,40.6,38.2,0.198,5
2024-01-17,戸田,7,5,6.48,6.77,47.3,26.5,0.168,4
2024-01-17,戸田,7,6,3.81,3.38,42.9,31.2,0.135,6
2024-01-17,多摩川,8,1,4.65,5.15,45.9,27.1,0.08,1
2024-01-17,多摩川,8,2,4.39,4.3,39.3,33.1,0.135,3
2024-01-17,多摩川,8,3,4.44,4.41,30.5,50.1,0.189,4
2024-01-17,多摩川,8,4,4.4,4.14,23.5,29.6,0.134,6
2024-01-17,多摩川,8,5,4.97,4.5,25.6,26.9,0.158,2
2024-01-17,多摩川,8,6,6.53,6.16,42.4,35.5,0.16,5
2024-01-18,大村,9,1,5.03,4.63,41.8,36.1,0.152,4
2024-01-18,大村,9,2,5.96,6.15,29.2,44.3,0.169,3
2024-01-18,大村,9,3,6.88,7.49,34.4,37.2,0.123,2
2024-01-18,大村,9,4,3.14,3.87,21.7,38.1,0.131,5
2024-01-18,大村,9,5,5.2,5.36,39.3,44.6,0.173,1
2024-01-18,大村,9,6,4.8,5.23,36.1,31.2,0.157,6
2024-01-18,三国,10,1,4.78,5.71,16.0,29.8,0.184,3
2024-01-18,三国,10,2,8.0,6.45,45.1,43.3,0.192,1
2024-01-18,三国,10,3,5.76,5.22,40.7,27.3,0.15,2
2024-01-18,三国,10,4,4.29,4.07,36.1,25.9,0.201,5
2024-01-18,三国,10,5,3.88,3.86,29.6,30.1,0.163,6
2024-01-18,三国,10,6,6.36,5.94,41.9,33.7,0.19,4
2024-01-18,若松,11,1,5.65,5.52,37.7,33.8,0.211,1
2024-01-18,若松,11,2,4.56,4.15,44.6,35.8,0.152,4
2024-01-18,若松,11,3,5.01,4.84,31.8,22.2,0.19,6
2024-01-18,若松,11,4,4.83,4.38,40.1,33.6,0.161,5
2024-01-18,若松,11,5,5.31,4.43,37.2,36.2,0.159,3
2024-01-18,若松,11,6,5.93,6.29,36.0,32.8,0.194,2
2024-01-18,住之江,12,1,4.23,5.32,36.8,25.5,0.172,2
2024-01-18,住之江,12,2,3.56,2.18,23.8,35.6,0.158,5
2024-01-18,住之江,12,3,5.68,6.05,20.3,32.2,0.131,4
2024-01-18,住之江,12,4,4.85,4.78,33.1,25.3,0.143,3
2024-01-18,住之江,12,5,4.35,3.33,36.9,37.6,0.176,6
2024-01-18,住之江,12,6,6.4,5.93,27.1,30.3,0.156,1
2024-01-19,徳山,1,1,3.83,4.29,25.3,32.2,0.157,1
2024-01-19,徳山,1,2,4.95,5.78,17.3,39.3,0.24,3
2024-01-19,徳山,1,3,5.38,5.82,47.8,26.9,0.163,5
2024-01-19,徳山,1,4,5.96,6.05,39.6,31.5,0.162,2
2024-01-19,徳山,1,5,4.74,4.65,34.0,27.0,0.215,4
2024-01-19,徳山,1,6,4.02,4.68,29.8,37.0,0.159,6
2024-01-19,津,2,1,5.83,5.2,25.4,47.0,0.147,1
2024-01-19,津,2,2,5.94,5.98,38.3,37.8,0.201,2
2024-01-19,津,2,3,5.54,5.65,44.5,38.9,0.125,5
2024-01-19,津,2,4,5.73,5.36,32.4,28.3,0.151,4
2024-01-19,津,2,5,6.4,6.4,49.5,33.5,0.272,3
2024-01-19,津,2,6,5.9,5.6,15.2,33.1,0.166,6
2024-01-19,芦屋,3,1,5.06,5.47,35.6,27.1,0.193,3
2024-01-19,芦屋,3,2,6.0,6.6,42.7,33.9,0.112,2
2024-01-19,芦屋,3,3,6.75,7.18,35.7,31.4,0.161,1
2024-01-19,芦屋,3,4,5.06,4.64,50.2,35.4,0.139,4
2024-01-19,芦屋,3,5,4.67,5.11,40.3,32.7,0.162,6
2024-01-19,芦屋,3,6,4.29,5.07,37.6,48.9,0.134,5
2024-01-19,蒲郡,4,1,5.31,5.91,41.9,35.9,0.161,1
2024-01-19,蒲郡,4,2,5.95,6.5,35.4,36.7,0.149,3
2024-01-19,蒲郡,4,3,4.4,4.86,38.1,43.5,0.162,4
2024-01-19,蒲郡,4,4,6.72,7.32,30.7,32.9,0.165,5
2024-01-19,蒲郡,4,5,5.87,6.49,31.6,45.8,0.15,2
2024-01-19,蒲郡,4,6,5.16,4.74,37.9,34.1,0.218,6
2024-01-20,びわこ,5,1,5.37,6.37,40.1,39.0,0.168,2
2024-01-20,びわこ,5,2,6.05,6.61,30.0,37.0,0.252,3
2024-01-20,びわこ,5,3,5.14,4.73,24.9,41.1,0.162,6
2024-01-20,びわこ,5,4,7.24,8.75,28.8,40.3,0.182,1
2024-01-20,びわこ,5,5,5.88,5.87,46.1,37.7,0.172,4
2024-01-20,びわこ,5,6,6.3,6.58,37.3,44.6,0.178,5
2024-01-20,下関,6,1,5.42,5.81,36.2,28.3,0.204,3
2024-01-20,下関,6,2,4.17,3.53,34.9,39.9,0.201,2
2024-01-20,下関,6,3,4.21,3.82,28.7,32.9,0.098,6
2024-01-20,下関,6,4,6.05,5.96,38.2,28.4,0.109,4
2024-01-20,下関,6,5,6.56,7.18,31.8,41.2,0.149,1
2024-01-20,下関,6,6,5.88,5.61,40.6,29.4,0.127,5
2024-01-20,平和島,7,1,4.68,5.42,44.9,36.0,0.099,1
2024-01-20,平和島,7,2,6.01,6.02,45.9,25.8,0.184,2
2024-01-20,平和島,7,3,6.72,6.68,42.2,30.1,0.111,3
2024-01-20,平和島,7,4,4.79,4.18,43.4,42.0,0.17,4
2024-01-20,平和島,7,5,5.28,4.87,45.2,35.9,0.177,5
2024-01-20,平和島,7,6,3.39,2.93,27.2,36.2,0.163,6
2024-01-20,江戸川,8,1,4.97,5.29,47.1,23.3,0.159,2
2024-01-20,江戸川,8,2,5.32,5.2,32.6,40.0,0.144,1
2024-01-20,江戸川,8,3,5.4,5.46,33.8,40.0,0.16,3
2024-01-20,江戸川,8,4,5.35,4.75,29.2,27.7,0.167,4
2024-01-20,江戸川,8,5,4.34,4.48,38.7,23.4,0.219,5
2024-01-20,江戸川,8,6,5.29,5.93,35.5,30.4,0.237,6
2024-01-21,鳴門,9,1,4.51,4.48,39.6,34.5,0.118,2
2024-01-21,鳴門,9,2,5.51,5.77,42.9,40.1,0.174,5
2024-01-21,鳴門,9,3,4.3,4.22,36.5,31.6,0.163,6
2024-01-21,鳴門,9,4,6.93,8.23,32.3,36.4,0.152,4
2024-01-21,鳴門,9,5,5.83,5.88,33.4,34.8,0.125,1
2024-01-21,鳴門,9,6,4.69,5.01,35.9,40.6,0.159,3
2024-01-21,福岡,10,1,3.38,3.57,24.5,41.2,0.091,3
2024-01-21,福岡,10,2,3.73,4.71,26.0,34.7,0.141,5
2024-01-21,福岡,10,3,5.06,5.46,33.7,39.6,0.147,4
2024-01-21,福岡,10,4,5.02,5.22,48.3,36.2,0.167,2
2024-01-21,福岡,10,5,4.64,5.52,27.2,28.5,0.157,6
2024-01-21,福岡,10,6,7.36,5.94,37.5,38.3,0.121,1
2024-01-21,尼崎,11,1,5.06,3.74,45.2,32.8,0.199,2
2024-01-21,尼崎,11,2,5.02,4.75,45.3,42.6,0.085,3
2024-01-21,尼崎,11,3,7.18,6.96,25.5,34.0,0.156,1
2024-01-21,尼崎,11,4,4.92,4.73,31.8,36.0,0.132,6
2024-01-21,尼崎,11,5,5.26,6.04,37.6,33.3,0.179,5
2024-01-21,尼崎,11,6,6.49,6.79,47.6,42.1,0.159,4
2024-01-21,桐生,12,1,6.17,6.65,26.0,40.2,0.141,1
2024-01-21,桐生,12,2,5.82,5.34,30.9,21.6,0.128,3
2024-01-21,桐生,12,3,5.84,5.87,41.4,36.1,0.138,2
2024-01-21,桐生,12,4,5.01,5.38,37.2,28.1,0.16,4
2024-01-21,桐生,12,5,5.09,5.63,47.0,31.8,0.148,5
2024-01-21,桐生,12,6,5.27,5.01,19.9,35.7,0.181,6
2024-01-22,浜名湖,1,1,5.45,5.73,34.0,27.0,0.159,1
2024-01-22,浜名湖,1,2,4.38,4.58,43.7,40.4,0.105,4
2024-01-22,浜名湖,1,3,3.79,4.43,39.3,38.2,0.129,6
2024-01-22,浜名湖,1,4,5.48,5.54,29.0,34.9,0.183,2
2024-01-22,浜名湖,1,5,4.36,3.09,33.2,35.0,0.151,3
2024-01-22,浜名湖,1,6,4.71,5.14,34.6,34.7,0.126,5
2024-01-22,児島,2,1,6.86,6.78,32.8,25.6,0.14,1
2024-01-22,児島,2,2,5.73,6.17,39.9,33.9,0.153,2
2024-01-22,児島,2,3,6.07,6.35,38.4,34.9,0.133,5
2024-01-22,児島,2,4,4.46,5.06,20.3,32.7,0.244,4
2024-01-22,児島,2,5,4.27,4.25,44.0,33.0,0.181,6
2024-01-22,児島,2,6,5.03,6.92,35.5,30.8,0.143,3
2024-01-22,宮島,3,1,5.11,4.22,31.0,29.6,0.159,2
2024-01-22,宮島,3,2,5.45,5.53,27.2,30.3,0.13,1
2024-01-22,宮島,3,3,2.87,2.67,23.4,31.4,0.19,6
2024-01-22,宮島,3,4,5.54,5.03,48.6,39.5,0.199,4
2024-01-22,宮島,3,5,4.3,4.95,33.6,32.5,0.172,3
2024-01-22,宮島,3,6,6.17,6.18,38.4,30.0,0.178,5
2024-01-22,唐津,4,1,6.23,6.07,35.7,32.3,0.111,1
2024-01-22,唐津,4,2,6.06,6.91,30.6,28.6,0.211,4
2024-01-22,唐津,4,3,7.47,7.5,28.8,39.9,0.219,3
2024-01-22,唐津,4,4,6.96,6.79,45.4,31.7,0.105,2
2024-01-22,唐津,4,5,6.33,7.58,47.1,38.2,0.152,6
2024-01-22,唐津,4,6,5.11,4.61,33.1,18.7,0.166,5
2024-01-23,常滑,5,1,3.53,4.39,39.2,26.9,0.158,2
2024-01-23,常滑,5,2,5.9,6.12,29.0,30.2,0.163,3
2024-01-23,常滑,5,3,4.57,3.9,43.0,28.4,0.198,6
2024-01-23,常滑,5,4,6.28,7.33,39.8,38.7,0.128,1
2024-01-23,常滑,5,5,6.04,6.96,44.7,47.9,0.171,5
2024-01-23,常滑,5,6,6.41,6.42,34.6,27.7,0.195,4
2024-01-23,丸亀,6,1,4.96,5.67,29.4,34.4,0.143,2
2024-01-23,丸亀,6,2,5.71,5.97,27.2,37.4,0.132,1
2024-01-23,丸亀,6,3,5.41,5.0,51.0,24.7,0.186,4
2024-01-23,丸亀,6,4,3.42,2.38,38.9,31.1,0.173,6
2024-01-23,丸亀,6,5,5.03,4.39,15.9,35.2,0.127,3
2024-01-23,丸亀,6,6,5.63,4.8,47.1,40.5,0.19,5
2024-01-23,戸田,7,1,5.77,5.46,44.0,35.1,0.08,3
2024-01-23,戸田,7,2,5.34,5.92,32.9,32.5,0.137,1
2024-01-23,戸田,7,3,4.95,4.59,29.8,37.3,0.141,4
2024-01-23,戸田,7,4,6.02,5.6,37.5,36.2,0.202,2
2024-01-23,戸田,7,5,4.82,4.73,26.0,44.1,0.175,6
2024-01-23,戸田,7,6,5.08,3.85,45.7,34.6,0.165,5
2024-01-23,多摩川,8,1,7.13,7.68,32.6,22.9,0.166,2
2024-01-23,多摩川,8,2,5.32,4.57,29.5,26.5,0.168,4
2024-01-23,多摩川,8,3,6.43,5.99,36.6,37.3,0.142,6
2024-01-23,多摩川,8,4,7.52,7.65,41.2,31.4,0.161,5
2024-01-23,多摩川,8,5,5.37,6.09,49.7,41.2,0.184,3
2024-01-23,多摩川,8,6,4.8,4.7,39.3,29.3,0.193,1
2024-01-24,大村,9,1,5.62,6.31,43.8,31.0,0.206,1
2024-01-24,大村,9,2,5.4,5.67,25.0,29.3,0.156,4
2024-01-24,大村,9,3,5.03,4.95,41.8,42.5,0.187,5
2024-01-24,大村,9,4,5.0,4.81,37.2,32.2,0.142,3
2024-01-24,大村,9,5,5.2,4.62,38.4,45.0,0.163,2
2024-01-24,大村,9,6,4.96,4.67,30.2,33.1,0.224,6
2024-01-24,三国,10,1,3.75,3.97,27.8,49.4,0.153,1
2024-01-24,三国,10,2,4.25,3.97,26.0,39.9,0.151,5
2024-01-24,三国,10,3,4.72,4.41,44.0,28.2,0.097,2
2024-01-24,三国,10,4,4.26,3.99,41.4,29.1,0.191,6
2024-01-24,三国,10,5,6.89,7.69,31.7,32.7,0.131,3
2024-01-24,三国,10,6,6.55,5.68,41.4,26.1,0.13,4
2024-01-24,若松,11,1,5.43,6.75,32.3,34.1,0.184,3
2024-01-24,若松,11,2,5.42,6.0,36.4,36.2,0.148,2
2024-01-24,若松,11,3,5.46,6.33,40.1,32.5,0.08,4
2024-01-24,若松,11,4,6.16,5.61,21.0,27.1,0.192,1
2024-01-24,若松,11,5,4.94,5.07,43.6,33.9,0.156,6
2024-01-24,若松,11,6,7.03,7.67,34.3,25.6,0.132,5
2024-01-24,住之江,12,1,4.54,4.35,51.4,26.8,0.143,1
2024-01-24,住之江,12,2,5.24,4.75,25.7,37.2,0.196,2
2024-01-24,住之江,12,3,5.45,6.08,27.8,35.0,0.136,4
2024-01-24,住之江,12,4,6.15,6.79,28.1,41.6,0.143,3
2024-01-24,住之江,12,5,5.23,4.35,35.0,35.7,0.153,5
2024-01-24,住之江,12,6,5.09,5.09,24.9,34.3,0.13,6
2024-01-25,徳山,1,1,5.76,6.3,44.1,37.0,0.159,1
2024-01-25,徳山,1,2,4.45,4.17,36.9,35.3,0.16,3
2024-01-25,徳山,1,3,6.03,6.16,37.1,35.9,0.141,4
2024-01-25,徳山,1,4,5.89,6.14,33.5,31.5,0.24,2
2024-01-25,徳山,1,5,5.18,5.34,26.9,34.7,0.223,6
2024-01-25,徳山,1,6,6.03,6.39,35.8,39.8,0.155,5
2024-01-25,津,2,1,7.74,8.54,32.8,28.9,0.17,1
2024-01-25,津,2,2,6.13,5.81,41.7,42.2,0.089,2
2024-01-25,津,2,3,4.7,3.86,30.7,32.7,0.196,6
2024-01-25,津,2,4,6.45,7.66,39.2,37.3,0.16,4
2024-01-25,津,2,5,5.93,6.17,40.1,49.4,0.185,3
2024-01-25,津,2,6,6.96,6.15,27.0,31.7,0.137,5
2024-01-25,芦屋,3,1,6.21,5.57,37.4,38.2,0.168,2
2024-01-25,芦屋,3,2,6.61,6.12,35.9,29.0,0.18,5
2024-01-25,芦屋,3,3,6.32,6.56,41.8,33.1,0.109,1
2024-01-25,芦屋,3,4,5.23,6.05,38.0,38.0,0.224,6
2024-01-25,芦屋,3,5,6.8,5.91,41.1,32.5,0.155,3
2024-01-25,芦屋,3,6,5.75,6.74,22.0,34.3,0.135,4
2024-01-25,蒲郡,4,1,6.07,6.68,32.2,34.3,0.11,1
2024-01-25,蒲郡,4,2,6.26,5.92,42.8,21.6,0.095,2
2024-01-25,蒲郡,4,3,4.92,4.93,34.4,33.6,0.185,4
2024-01-25,蒲郡,4,4,4.14,3.39,49.8,19.9,0.154,6
2024-01-25,蒲郡,4,5,5.88,5.39,35.0,39.2,0.202,3
2024-01-25,蒲郡,4,6,6.16,6.31,42.7,42.3,0.148,5
2024-01-26,びわこ,5,1,6.3,5.96,35.3,34.5,0.213,1
2024-01-26,びわこ,5,2,4.86,3.91,38.4,31.3,0.175,2
2024-01-26,びわこ,5,3,5.04,5.66,33.8,37.8,0.178,3
2024-01-26,びわこ,5,4,3.84,4.43,36.2,39.9,0.09,6
2024-01-26,びわこ,5,5,3.26,2.73,42.3,37.4,0.159,5
2024-01-26,びわこ,5,6,6.16,5.98,37.8,34.8,0.083,4
2024-01-26,下関,6,1,5.13,4.52,15.0,30.6,0.091,1
2024-01-26,下関,6,2,6.2,6.62,21.6,39.1,0.176,5
2024-01-26,下関,6,3,6.13,5.16,26.6,25.4,0.121,3
2024-01-26,下関,6,4,4.07,3.38,28.3,35.2,0.148,6
2024-01-26,下関,6,5,4.69,3.91,31.5,34.2,0.127,2
2024-01-26,下関,6,6,7.21,6.86,35.3,42.1,0.137,4
2024-01-26,平和島,7,1,6.25,5.4,34.8,34.5,0.184,3
2024-01-26,平和島,7,2,4.73,4.44,22.4,33.7,0.138,4
2024-01-26,平和島,7,3,4.34,4.07,27.9,27.4,0.183,6
2024-01-26,平和島,7,4,5.81,5.12,35.4,23.6,0.142,5
2024-01-26,平和島,7,5,5.94,6.03,33.5,38.8,0.165,2
2024-01-26,平和島,7,6,6.12,6.06,32.6,35.7,0.144,1
2024-01-26,江戸川,8,1,6.46,6.2,33.2,38.1,0.142,2
2024-01-26,江戸川,8,2,7.06,7.93,39.1,35.3,0.125,1
2024-01-26,江戸川,8,3,5.41,5.51,31.0,33.6,0.152,5
2024-01-26,江戸川,8,4,6.78,6.97,23.1,27.9,0.103,4
2024-01-26,江戸川,8,5,5.91,6.12,30.5,35.3,0.132,3
2024-01-26,江戸川,8,6,3.95,3.41,44.6,25.7,0.202,6
2024-01-27,鳴門,9,1,6.34,7.03,37.0,35.7,0.156,1
2024-01-27,鳴門,9,2,4.24,4.45,36.1,28.5,0.233,3
2024-01-27,鳴門,9,3,4.48,4.62,21.1,28.9,0.105,4
2024-01-27,鳴門,9,4,5.21,5.37,42.3,38.5,0.2,2
2024-01-27,鳴門,9,5,4.88,5.51,31.2,30.0,0.212,6
2024-01-27,鳴門,9,6,5.56,5.98,40.8,25.5,0.155,5
2024-01-27,福岡,10,1,4.13,4.13,38.4,35.2,0.091,1
2024-01-27,福岡,10,2,5.85,6.0,42.7,26.0,0.176,2
2024-01-27,福岡,10,3,5.54,5.75,39.4,30.2,0.164,5
2024-01-27,福岡,10,4,3.93,4.23,34.2,23.9,0.128,4
2024-01-27,福岡,10,5,6.9,7.49,40.2,22.9,0.155,3
2024-01-27,福岡,10,6,5.74,5.95,33.0,44.2,0.21,6
2024-01-27,尼崎,11,1,5.63,5.39,38.2,35.6,0.226,1
2024-01-27,尼崎,11,2,5.33,5.97,32.7,31.5,0.236,3
2024-01-27,尼崎,11,3,4.85,4.84,27.2,21.0,0.195,6
2024-01-27,尼崎,11,4,4.8,4.54,27.7,27.2,0.164,4
2024-01-27,尼崎,11,5,6.08,6.49,24.1,33.5,0.117,2
2024-01-27,尼崎,11,6,5.11,5.1,34.0,30.1,0.105,5
2024-01-27,桐生,12,1,5.59,5.67,34.8,38.8,0.093,1
2024-01-27,桐生,12,2,4.41,3.63,34.6,31.3,0.178,6
2024-01-27,桐生,12,3,3.02,2.94,48.3,38.9,0.209,2
2024-01-27,桐生,12,4,3.91,3.2,39.6,39.4,0.132,4
2024-01-27,桐生,12,5,5.6,4.52,32.1,43.4,0.234,3
2024-01-27,桐生,12,6,7.17,6.82,28.9,20.2,0.191,5
2024-01-28,浜名湖,1,1,5.18,3.82,41.1,39.6,0.137,2
2024-01-28,浜名湖,1,2,5.74,6.28,35.3,44.0,0.15,4
2024-01-28,浜名湖,1,3,4.88,3.32,29.0,39.7,0.167,6
2024-01-28,浜名湖,1,4,5.69,4.45,32.6,36.8,0.183,3
2024-01-28,浜名湖,1,5,6.26,7.35,31.6,38.1,0.104,5
2024-01-28,浜名湖,1,6,5.96,5.95,36.0,30.2,0.148,1
2024-01-28,児島,2,1,5.53,6.89,35.2,36.8,0.093,1
2024-01-28,児島,2,2,4.66,4.61,37.1,29.2,0.219,5
2024-01-28,児島,2,3,4.9,5.01,25.9,37.1,0.18,3
2024-01-28,児島,2,4,7.26,7.28,36.6,27.9,0.1,2
2024-01-28,児島,2,5,5.03,4.72,40.0,19.4,0.118,4
2024-01-28,児島,2,6,6.69,6.32,31.0,27.1,0.19,6
2024-01-28,宮島,3,1,5.16,5.03,39.7,36.3,0.15,1
2024-01-28,宮島,3,2,4.85,5.25,41.2,33.7,0.224,3
2024-01-28,宮島,3,3,5.12,6.12,31.7,24.1,0.207,2
2024-01-28,宮島,3,4,4.16,4.59,27.5,25.7,0.153,6
2024-01-28,宮島,3,5,4.25,4.0,27.6,34.1,0.158,5
2024-01-28,宮島,3,6,4.9,4.07,25.4,32.2,0.212,4
2024-01-28,唐津,4,1,5.98,5.78,37.0,27.3,0.156,1
2024-01-28,唐津,4,2,8.5,8.89,35.3,27.6,0.196,2
2024-01-28,唐津,4,3,4.55,4.74,26.2,43.0,0.197,6
2024-01-28,唐津,4,4,4.8,3.98,24.8,36.4,0.18,5
2024-01-28,唐津,4,5,5.62,5.26,37.2,24.9,0.159,3
2024-01-28,唐津,4,6,6.68,6.37,32.3,42.0,0.221,4
2024-01-29,常滑,5,1,7.74,7.97,33.7,31.7,0.196,1
2024-01-29,常滑,5,2,4.27,4.37,25.3,29.2,0.113,5
2024-01-29,常滑,5,3,4.67,4.05,38.4,38.5,0.15,2
2024-01-29,常滑,5,4,6.16,4.92,21.1,38.1,0.181,4
2024-01-29,常滑,5,5,5.14,4.35,31.1,37.1,0.131,3
2024-01-29,常滑,5,6,3.95,3.23,40.6,36.5,0.118,6
2024-01-29,丸亀,6,1,5.78,6.29,26.6,29.1,0.186,2
2024-01-29,丸亀,6,2,4.81,5.1,36.1,40.4,0.186,1
2024-01-29,丸亀,6,3,5.24,5.17,25.2,27.9,0.193,4
2024-01-29,丸亀,6,4,6.36,6.5,33.7,37.0,0.175,3
2024-01-29,丸亀,6,5,4.96,4.79,33.0,45.1,0.192,5
2024-01-29,丸亀,6,6,5.02,4.57,34.8,35.0,0.239,6
2024-01-29,戸田,7,1,6.37,5.43,43.9,31.5,0.211,3
2024-01-29,戸田,7,2,6.6,6.92,42.4,34.1,0.13,2
2024-01-29,戸田,7,3,6.08,7.32,20.7,32.6,0.196,1
2024-01-29,戸田,7,4,5.14,6.39,44.7,28.5,0.209,4
2024-01-29,戸田,7,5,6.15,6.36,36.4,28.6,0.141,5
2024-01-29,戸田,7,6,5.51,6.6,32.4,19.4,0.147,6
2024-01-29,多摩川,8,1,5.08,4.35,44.7,18.8,0.129,1
2024-01-29,多摩川,8,2,5.02,5.45,34.1,31.1,0.235,5
2024-01-29,多摩川,8,3,5.22,4.55,29.6,37.8,0.179,3
2024-01-29,多摩川,8,4,4.68,5.08,22.9,31.8,0.15,2
2024-01-29,多摩川,8,5,5.53,5.12,29.2,44.7,0.185,4
2024-01-29,多摩川,8,6,5.44,6.01,40.4,41.2,0.242,6
2024-01-30,大村,9,1,4.82,5.49,43.9,31.5,0.21,1
2024-01-30,大村,9,2,5.86,5.27,45.2,33.0,0.147,2
2024-01-30,大村,9,3,4.86,5.5,40.4,41.3,0.18,5
2024-01-30,大村,9,4,5.24,5.77,32.2,51.5,0.152,4
2024-01-30,大村,9,5,6.55,7.0,34.8,32.6,0.175,3
2024-01-30,大村,9,6,6.16,5.98,38.0,39.1,0.187,6
2024-01-30,三国,10,1,5.27,5.29,47.3,30.3,0.171,2
2024-01-30,三国,10,2,5.75,4.52,37.6,31.7,0.156,1
2024-01-30,三国,10,3,5.87,5.71,41.2,36.6,0.164,4
2024-01-30,三国,10,4,5.65,5.45,31.8,34.2,0.127,5
2024-01-30,三国,10,5,6.7,6.56,34.8,33.2,0.161,3
2024-01-30,三国,10,6,5.47,4.98,41.5,29.8,0.196,6
2024-01-30,若松,11,1,5.48,4.15,31.8,30.1,0.179,1
2024-01-30,若松,11,2,4.55,5.51,30.9,21.7,0.08,2
2024-01-30,若松,11,3,5.31,4.92,29.8,27.4,0.207,5
2024-01-30,若松,11,4,7.19,7.07,18.5,39.1,0.147,4
2024-01-30,若松,11,5,6.97,6.81,43.1,34.0,0.134,3
2024-01-30,若松,11,6,4.8,5.54,41.7,34.4,0.181,6
2024-01-30,住之江,12,1,5.82,5.34,32.1,30.8,0.186,2
2024-01-30,住之江,12,2,5.84,6.76,37.5,24.4,0.165,1
2024-01-30,住之江,12,3,5.12,5.79,39.4,36.6,0.151,3
2024-01-30,住之江,12,4,5.15,5.19,38.7,36.6,0.15,4
2024-01-30,住之江,12,5,5.8,4.83,29.7,29.3,0.153,5
2024-01-30,住之江,12,6,5.15,4.64,39.8,35.7,0.103,6
2024-01-31,徳山,1,1,5.36,6.3,36.7,39.1,0.2,4
2024-01-31,徳山,1,2,7.11,7.53,41.8,28.9,0.189,2
2024-01-31,徳山,1,3,4.88,6.26,39.1,32.7,0.167,6
2024-01-31,徳山,1,4,6.55,6.91,43.7,42.9,0.117,3
2024-01-31,徳山,1,5,4.48,4.55,45.2,38.0,0.124,5
2024-01-31,徳山,1,6,6.45,6.14,34.5,35.9,0.097,1
2024-01-31,津,2,1,5.49,5.58,47.7,42.0,0.136,3
2024-01-31,津,2,2,7.14,6.96,44.8,43.7,0.142,1
2024-01-31,津,2,3,5.5,5.0,28.3,31.7,0.191,5
2024-01-31,津,2,4,5.21,4.95,25.6,43.0,0.08,2
2024-01-31,津,2,5,5.98,5.15,39.4,41.6,0.131,4
2024-01-31,津,2,6,4.31,4.63,35.8,35.4,0.208,6
2024-01-31,芦屋,3,1,6.75,6.81,37.7,28.7,0.163,1
2024-01-31,芦屋,3,2,5.09,5.15,20.3,42.3,0.122,5
2024-01-31,芦屋,3,3,4.46,3.97,38.9,28.6,0.171,6
2024-01-31,芦屋,3,4,7.63,7.96,48.8,28.0,0.184,2
2024-01-31,芦屋,3,5,6.0,6.41,24.0,27.3,0.12,4
2024-01-31,芦屋,3,6,4.69,4.12,25.0,34.7,0.18,3
2024-01-31,蒲郡,4,1,6.09,5.98,49.0,44.5,0.146,1
2024-01-31,蒲郡,4,2,6.6,6.13,37.9,34.3,0.136,2
2024-01-31,蒲郡,4,3,3.84,3.52,21.1,47.7,0.213,4
2024-01-31,蒲郡,4,4,5.71,6.32,44.0,40.1,0.192,3
2024-01-31,蒲郡,4,5,5.84,5.52,26.8,27.2,0.175,5
2024-01-31,蒲郡,4,6,4.04,5.09,45.3,31.7,0.144,6
2024-02-01,びわこ,5,1,6.56,6.75,40.5,37.0,0.186,1
2024-02-01,びわこ,5,2,4.57,4.44,34.5,41.6,0.217,3
2024-02-01,びわこ,5,3,4.65,4.21,33.7,42.3,0.172,5
2024-02-01,びわこ,5,4,4.63,5.16,37.0,33.7,0.164,4
2024-02-01,びわこ,5,5,5.24,6.25,43.7,34.3,0.191,2
2024-02-01,びわこ,5,6,4.57,4.41,28.6,37.1,0.161,6
2024-02-01,下関,6,1,5.5,6.32,23.0,35.1,0.157,2
2024-02-01,下関,6,2,6.05,6.07,31.4,29.7,0.272,4
2024-02-01,下関,6,3,3.6,3.04,32.4,31.7,0.157,6
2024-02-01,下関,6,4,5.94,5.65,25.5,29.1,0.147,1
2024-02-01,下関,6,5,5.88,5.68,35.1,35.3,0.231,3
2024-02-01,下関,6,6,5.87,6.3,28.3,35.1,0.166,5
2024-02-01,平和島,7,1,4.3,4.43,41.2,34.9,0.183,3
2024-02-01,平和島,7,2,6.15,6.92,33.5,35.2,0.158,4
2024-02-01,平和島,7,3,5.38,4.7,40.2,44.2,0.22,2
2024-02-01,平和島,7,4,4.44,5.35,30.0,33.7,0.225,6
2024-02-01,平和島,7,5,6.24,6.41,33.9,28.7,0.175,1
2024-02-01,平和島,7,6,6.45,7.18,25.3,31.0,0.149,5
2024-02-01,江戸川,8,1,4.19,3.64,46.1,41.9,0.103,3
2024-02-01,江戸川,8,2,5.78,5.06,33.2,31.3,0.18,1
2024-02-01,江戸川,8,3,3.2,2.46,42.1,33.1,0.1,5
2024-02-01,江戸川,8,4,6.11,5.96,32.7,36.6,0.202,4
2024-02-01,江戸川,8,5,5.93,5.9,32.3,28.5,0.169,6
2024-02-01,江戸川,8,6,5.16,5.71,38.4,39.2,0.105,2
2024-02-02,鳴門,9,1,4.26,4.27,31.8,44.0,0.109,2
2024-02-02,鳴門,9,2,5.14,5.15,35.9,38.5,0.233,4
2024-02-02,鳴門,9,3,4.86,3.8,36.7,39.1,0.151,1
2024-02-02,鳴門,9,4,5.43,6.34,37.3,27.7,0.138,5
2024-02-02,鳴門,9,5,3.66,3.82,41.1,45.7,0.158,3
2024-02-02,鳴門,9,6,4.29,4.88,37.7,30.4,0.184,6
2024-02-02,福岡,10,1,6.94,8.03,27.0,30.1,0.192,1
2024-02-02,福岡,10,2,4.68,3.6,48.0,40.4,0.176,2
2024-02-02,福岡,10,3,4.98,4.74,39.3,29.7,0.203,6
2024-02-02,福岡,10,4,4.53,5.31,34.0,37.3,0.145,5
2024-02-02,福岡,10,5,5.95,5.14,42.6,24.7,0.095,3
2024-02-02,福岡,10,6,5.83,5.89,26.5,39.3,0.109,4
2024-02-02,尼崎,11,1,3.69,2.99,32.3,30.4,0.171,5
2024-02-02,尼崎,11,2,6.12,6.57,33.8,25.7,0.16,1
2024-02-02,尼崎,11,3,5.97,5.92,40.1,31.4,0.21,2
2024-02-02,尼崎,11,4,4.38,4.68,24.4,38.4,0.117,4
2024-02-02,尼崎,11,5,4.49,4.22,36.2,33.4,0.147,3
2024-02-02,尼崎,11,6,5.41,4.83,41.5,38.9,0.203,6
2024-02-02,桐生,12,1,4.83,5.9,22.5,30.8,0.17,1
2024-02-02,桐生,12,2,7.03,5.97,35.3,39.2,0.114,2
2024-02-02,桐生,12,3,7.28,8.07,38.8,18.3,0.155,4
2024-02-02,桐生,12,4,5.09,5.05,56.6,32.7,0.126,3
2024-02-02,桐生,12,5,5.08,4.9,34.4,38.6,0.168,5
2024-02-02,桐生,12,6,5.27,5.55,31.7,40.9,0.187,6
2024-02-03,浜名湖,1,1,3.95,4.28,36.7,37.1,0.159,1
2024-02-03,浜名湖,1,2,4.89,5.17,40.8,33.6,0.188,2
2024-02-03,浜名湖,1,3,4.61,5.48,47.3,35.5,0.156,5
2024-02-03,浜名湖,1,4,5.76,6.23,24.6,37.4,0.177,4
2024-02-03,浜名湖,1,5,4.27,4.6,24.5,42.9,0.165,6
2024-02-03,浜名湖,1,6,6.75,7.44,30.4,47.2,0.125,3
2024-02-03,児島,2,1,5.73,5.07,28.2,31.3,0.117,1
2024-02-03,児島,2,2,4.07,3.62,32.8,34.0,0.188,4
2024-02-03,児島,2,3,5.1,4.87,35.2,38.9,0.184,2
2024-02-03,児島,2,4,3.34,4.63,41.7,35.6,0.172,3
2024-02-03,児島,2,5,4.4,4.2,33.4,30.2,0.109,6
2024-02-03,児島,2,6,5.98,5.68,35.2,21.6,0.153,5
2024-02-03,宮島,3,1,6.02,5.82,24.5,33.5,0.149,2
2024-02-03,宮島,3,2,4.95,4.71,41.0,41.0,0.187,3
2024-02-03,宮島,3,3,5.85,6.32,41.1,36.4,0.162,4
2024-02-03,宮島,3,4,7.8,7.81,33.3,31.8,0.159,1
2024-02-03,宮島,3,5,4.27,3.08,37.1,24.4,0.169,5
2024-02-03,宮島,3,6,6.55,7.56,37.6,30.7,0.119,6
2024-02-03,唐津,4,1,5.5,5.06,31.8,23.4,0.164,1
2024-02-03,唐津,4,2,5.56,5.78,28.1,42.6,0.133,3
2024-02-03,唐津,4,3,5.51,4.93,42.2,34.1,0.166,2
2024-02-03,唐津,4,4,5.38,5.15,38.3,31.6,0.162,4
2024-02-03,唐津,4,5,3.91,3.51,31.5,34.1,0.201,6
2024-02-03,唐津,4,6,5.53,4.2,27.7,31.0,0.081,5
2024-02-04,常滑,5,1,4.54,5.54,39.3,31.8,0.202,1
2024-02-04,常滑,5,2,6.04,6.18,27.8,39.8,0.166,2
2024-02-04,常滑,5,3,4.64,5.21,32.4,34.3,0.183,6
2024-02-04,常滑,5,4,3.87,4.26,41.6,39.2,0.217,5
2024-02-04,常滑,5,5,6.18,7.13,33.0,44.4,0.221,4
2024-02-04,常滑,5,6,7.24,7.75,28.8,40.8,0.171,3
2024-02-04,丸亀,6,1,4.67,4.41,32.3,30.4,0.172,1
2024-02-04,丸亀,6,2,7.29,8.01,42.2,40.9,0.207,2
2024-02-04,丸亀,6,3,6.09,6.29,34.1,31.3,0.142,3
2024-02-04,丸亀,6,4,4.17,4.48,34.8,34.6,0.172,6
2024-02-04,丸亀,6,5,4.81,4.74,23.7,20.7,0.092,5
2024-02-04,丸亀,6,6,3.57,3.86,45.3,31.3,0.217,4
2024-02-04,戸田,7,1,4.1,3.34,51.2,30.8,0.159,2
2024-02-04,戸田,7,2,5.55,5.41,32.2,26.8,0.111,4
2024-02-04,戸田,7,3,5.7,6.96,42.5,45.0,0.177,3
2024-02-04,戸田,7,4,4.09,4.1,20.1,32.3,0.218,6
2024-02-04,戸田,7,5,6.55,6.33,25.5,31.2,0.147,1
2024-02-04,戸田,7,6,7.4,6.97,32.6,33.3,0.149,5
2024-02-04,多摩川,8,1,6.34,5.74,33.3,31.5,0.141,2
2024-02-04,多摩川,8,2,3.66,4.72,37.0,35.8,0.234,4
2024-02-04,多摩川,8,3,5.98,6.01,43.5,37.2,0.172,1
2024-02-04,多摩川,8,4,5.71,6.43,20.7,33.4,0.146,3
2024-02-04,多摩川,8,5,3.46,3.91,29.3,32.8,0.144,6
2024-02-04,多摩川,8,6,4.99,3.9,28.6,32.3,0.161,5
2024-02-05,大村,9,1,5.26,4.91,29.2,44.1,0.163,1
2024-02-05,大村,9,2,5.18,5.07,45.0,37.1,0.2,6
2024-02-05,大村,9,3,5.76,6.42,49.1,34.4,0.101,3
2024-02-05,大村,9,4,4.84,3.78,30.9,40.5,0.203,5
2024-02-05,大村,9,5,4.39,5.92,27.1,33.8,0.111,2
2024-02-05,大村,9,6,5.88,6.44,35.9,33.8,0.167,4
2024-02-05,三国,10,1,5.87,5.92,31.7,25.2,0.141,1
2024-02-05,三国,10,2,5.19,5.26,40.5,36.9,0.171,2
2024-02-05,三国,10,3,5.63,5.64,38.6,23.9,0.205,5
2024-02-05,三国,10,4,6.28,6.32,43.1,34.5,0.129,4
2024-02-05,三国,10,5,5.63,5.73,35.9,40.3,0.19,3
2024-02-05,三国,10,6,3.9,3.69,36.1,45.1,0.175,6
2024-02-05,若松,11,1,5.88,5.74,27.4,35.6,0.211,2
2024-02-05,若松,11,2,4.39,4.68,24.2,21.0,0.146,1
2024-02-05,若松,11,3,5.18,4.88,37.7,33.0,0.141,5
2024-02-05,若松,11,4,6.09,6.7,41.7,38.5,0.08,4
2024-02-05,若松,11,5,5.14,5.3,24.1,42.9,0.173,6
2024-02-05,若松,11,6,5.62,5.45,30.1,37.4,0.146,3
2024-02-05,住之江,12,1,6.36,5.83,36.3,41.5,0.156,2
2024-02-05,住之江,12,2,5.58,6.81,25.0,37.7,0.163,4
2024-02-05,住之江,12,3,5.08,4.92,42.7,38.0,0.127,1
2024-02-05,住之江,12,4,4.17,4.61,36.8,41.6,0.175,3
2024-02-05,住之江,12,5,5.45,6.07,37.9,47.3,0.138,5
2024-02-05,住之江,12,6,5.94,6.08,31.5,37.1,0.111,6
2024-02-06,徳山,1,1,5.89,5.77,32.9,33.7,0.199,1
2024-02-06,徳山,1,2,6.75,7.01,34.1,24.4,0.185,2
2024-02-06,徳山,1,3,5.07,5.6,44.6,35.0,0.2,5
2024-02-06,徳山,1,4,3.74,3.5,32.7,37.6,0.132,3
2024-02-06,徳山,1,5,4.51,4.54,36.0,40.3,0.191,6
2024-02-06,徳山,1,6,5.72,5.83,36.3,43.7,0.08,4
2024-02-06,津,2,1,3.57,3.4,27.1,38.4,0.133,4
2024-02-06,津,2,2,5.62,5.18,32.0,27.9,0.176,1
2024-02-06,津,2,3,5.26,5.86,28.9,36.3,0.243,6
2024-02-06,津,2,4,6.71,7.46,22.4,25.9,0.129,5
2024-02-06,津,2,5,5.05,4.99,40.5,35.2,0.171,3
2024-02-06,津,2,6,6.6,6.18,47.3,32.4,0.135,2
2024-02-06,芦屋,3,1,4.61,4.87,32.9,46.0,0.159,2
2024-02-06,芦屋,3,2,4.37,3.87,36.4,34.4,0.196,5
2024-02-06,芦屋,3,3,5.6,5.83,34.6,36.2,0.19,3
2024-02-06,芦屋,3,4,4.92,3.9,29.8,36.1,0.08,4
2024-02-06,芦屋,3,5,5.91,5.61,27.6,44.9,0.211,6
2024-02-06,芦屋,3,6,6.78,7.6,27.5,50.4,0.129,1
2024-02-06,蒲郡,4,1,5.19,6.15,29.1,40.1,0.151,1
2024-02-06,蒲郡,4,2,5.48,5.59,35.0,29.6,0.142,2
2024-02-06,蒲郡,4,3,5.34,4.67,30.4,30.1,0.16,4
2024-02-06,蒲郡,4,4,5.54,5.17,35.4,26.0,0.08,5
2024-02-06,蒲郡,4,5,3.79,3.24,26.8,38.0,0.119,3
2024-02-06,蒲郡,4,6,4.95,4.22,24.2,37.0,0.175,6
2024-02-07,びわこ,5,1,4.53,5.74,22.1,35.6,0.176,2
2024-02-07,びわこ,5,2,4.45,4.35,31.9,27.6,0.159,4
2024-02-07,びわこ,5,3,4.86,5.27,27.6,36.7,0.139,3
2024-02-07,びわこ,5,4,5.47,5.62,28.2,29.4,0.13,1
2024-02-07,びわこ,5,5,6.14,6.79,31.5,34.5,0.103,5
2024-02-07,びわこ,5,6,4.53,4.13,24.1,23.3,0.178,6
2024-02-07,下関,6,1,6.97,6.04,25.7,33.1,0.133,1
2024-02-07,下関,6,2,3.78,3.33,36.5,37.2,0.194,4
2024-02-07,下関,6,3,7.57,7.27,36.0,38.9,0.148,2
2024-02-07,下関,6,4,4.9,4.5,26.9,30.5,0.105,5
2024-02-07,下関,6,5,3.78,4.99,46.6,40.4,0.151,6
2024-02-07,下関,6,6,6.58,6.66,38.6,29.4,0.196,3
2024-02-07,平和島,7,1,6.14,6.06,43.3,19.3,0.178,1
2024-02-07,平和島,7,2,3.81,3.01,40.8,27.3,0.136,4
2024-02-07,平和島,7,3,5.02,5.27,28.6,35.5,0.196,3
2024-02-07,平和島,7,4,3.16,3.52,35.0,28.3,0.207,6
2024-02-07,平和島,7,5,7.21,6.8,45.6,33.4,0.112,2
2024-02-07,平和島,7,6,5.68,5.97,42.0,28.3,0.175,5
2024-02-07,江戸川,8,1,4.01,4.72,23.8,34.6,0.13,4
2024-02-07,江戸川,8,2,5.47,5.32,44.6,47.2,0.152,2
2024-02-07,江戸川,8,3,6.38,6.04,28.6,43.3,0.145,1
2024-02-07,江戸川,8,4,5.05,4.94,30.4,38.1,0.202,6
2024-02-07,江戸川,8,5,3.97,3.97,24.2,29.8,0.201,5
2024-02-07,江戸川,8,6,5.72,5.05,40.0,20.3,0.134,3
2024-02-08,鳴門,9,1,5.75,5.38,21.2,38.5,0.135,2
2024-02-08,鳴門,9,2,4.02,4.13,29.0,37.4,0.149,4
2024-02-08,鳴門,9,3,4.96,4.54,20.9,27.1,0.183,1
2024-02-08,鳴門,9,4,4.1,3.45,37.0,36.5,0.134,5
2024-02-08,鳴門,9,5,3.74,3.53,40.9,43.4,0.152,6
2024-02-08,鳴門,9,6,5.8,6.42,38.0,29.2,0.17,3
2024-02-08,福岡,10,1,4.71,4.41,27.5,28.0,0.139,5
2024-02-08,福岡,10,2,6.46,5.69,34.3,30.2,0.21,4
2024-02-08,福岡,10,3,4.98,5.43,35.1,30.9,0.212,3
2024-02-08,福岡,10,4,7.07,7.73,40.1,34.5,0.121,1
2024-02-08,福岡,10,5,5.43,5.8,34.6,29.6,0.123,6
2024-02-08,福岡,10,6,6.64,6.44,37.9,42.0,0.129,2
2024-02-08,尼崎,11,1,6.35,6.15,31.8,37.6,0.116,1
2024-02-08,尼崎,11,2,5.95,5.47,29.0,35.2,0.155,5
2024-02-08,尼崎,11,3,5.57,5.68,28.3,29.8,0.174,2
2024-02-08,尼崎,11,4,6.71,6.18,42.3,38.3,0.158,3
2024-02-08,尼崎,11,5,6.19,7.23,27.4,37.4,0.154,4
2024-02-08,尼崎,11,6,6.5,6.97,27.7,32.1,0.167,6
2024-02-08,桐生,12,1,5.01,6.03,31.3,30.7,0.111,1
2024-02-08,桐生,12,2,5.64,5.9,35.9,33.0,0.132,5
2024-02-08,桐生,12,3,5.8,5.85,46.1,29.3,0.142,3
2024-02-08,桐生,12,4,6.73,5.99,40.1,42.4,0.154,2
2024-02-08,桐生,12,5,3.27,3.02,23.3,34.9,0.159,6
2024-02-08,桐生,12,6,6.31,6.5,31.2,30.8,0.108,4
2024-02-09,浜名湖,1,1,5.14,4.07,31.3,41.0,0.151,1
2024-02-09,浜名湖,1,2,4.9,3.78,37.8,35.7,0.139,2
2024-02-09,浜名湖,1,3,5.66,5.3,37.2,32.6,0.08,4
2024-02-09,浜名湖,1,4,4.79,4.28,37.6,31.0,0.178,3
2024-02-09,浜名湖,1,5,5.52,4.59,29.8,39.3,0.15,6
2024-02-09,浜名湖,1,6,5.29,5.57,36.6,37.7,0.131,5
2024-02-09,児島,2,1,6.92,7.9,40.5,31.0,0.193,1
2024-02-09,児島,2,2,5.99,5.44,30.8,36.6,0.221,3
2024-02-09,児島,2,3,7.61,9.0,26.0,33.7,0.126,2
2024-02-09,児島,2,4,4.85,4.8,41.6,39.5,0.168,5
2024-02-09,児島,2,5,5.5,5.57,38.9,33.9,0.177,6
2024-02-09,児島,2,6,6.17,7.2,36.2,25.5,0.206,4
2024-02-09,宮島,3,1,5.51,4.33,27.2,35.0,0.183,5
2024-02-09,宮島,3,2,4.78,5.05,21.7,22.4,0.152,1
2024-02-09,宮島,3,3,4.91,3.54,35.1,26.0,0.182,2
2024-02-09,宮島,3,4,5.65,6.02,31.3,38.8,0.203,3
2024-02-09,宮島,3,5,6.7,6.32,41.3,35.5,0.125,4
2024-02-09,宮島,3,6,4.86,4.53,35.5,40.2,0.149,6
2024-02-09,唐津,4,1,4.42,4.36,25.6,26.6,0.192,4
2024-02-09,唐津,4,2,7.17,6.31,37.9,27.0,0.166,5
2024-02-09,唐津,4,3,5.43,5.33,31.8,37.0,0.212,3
2024-02-09,唐津,4,4,6.26,6.31,34.7,47.0,0.084,1
2024-02-09,唐津,4,5,3.6,3.4,33.3,56.6,0.172,6
2024-02-09,唐津,4,6,6.67,6.41,38.2,43.9,0.166,2
2024-02-10,常滑,5,1,5.07,4.99,33.9,38.0,0.163,1
2024-02-10,常滑,5,2,3.99,3.35,37.1,24.4,0.169,2
2024-02-10,常滑,5,3,4.58,4.96,30.2,28.8,0.136,3
2024-02-10,常滑,5,4,8.11,6.84,34.7,32.5,0.192,4
2024-02-10,常滑,5,5,2.93,3.71,27.3,33.5,0.112,6
2024-02-10,常滑,5,6,4.89,5.38,40.7,30.3,0.177,5
2024-02-10,丸亀,6,1,5.46,4.97,46.8,31.1,0.185,1
2024-02-10,丸亀,6,2,6.59,5.27,49.1,32.6,0.116,4
2024-02-10,丸亀,6,3,7.61,7.9,26.2,31.1,0.205,2
2024-02-10,丸亀,6,4,5.19,5.0,49.9,32.1,0.205,3
2024-02-10,丸亀,6,5,4.57,5.15,39.1,23.5,0.181,5
2024-02-10,丸亀,6,6,4.76,4.87,36.7,30.9,0.139,6
2024-02-10,戸田,7,1,5.28,4.65,40.7,45.3,0.205,2
2024-02-10,戸田,7,2,6.63,6.74,34.4,30.3,0.159,1
2024-02-10,戸田,7,3,5.91,5.64,30.1,31.3,0.179,4
2024-02-10,戸田,7,4,4.32,4.29,32.1,29.3,0.173,3
2024-02-10,戸田,7,5,3.96,3.32,43.1,35.7,0.177,5
2024-02-10,戸田,7,6,4.99,5.24,31.3,27.2,0.159,6
2024-02-10,多摩川,8,1,5.99,6.37,25.7,25.8,0.194,1
2024-02-10,多摩川,8,2,5.78,5.96,45.4,26.6,0.197,3
2024-02-10,多摩川,8,3,6.09,6.86,25.2,36.2,0.149,2
2024-02-10,多摩川,8,4,5.41,4.76,28.1,37.7,0.188,5
2024-02-10,多摩川,8,5,3.93,5.28,42.4,35.9,0.123,4
2024-02-10,多摩川,8,6,5.61,5.02,45.8,34.6,0.172,6
2024-02-11,大村,9,1,5.59,6.45,33.4,27.8,0.158,1
2024-02-11,大村,9,2,4.82,4.83,32.3,36.2,0.168,2
2024-02-11,大村,9,3,5.14,5.68,42.3,39.2,0.189,4
2024-02-11,大村,9,4,5.01,5.54,26.7,33.5,0.095,3
2024-02-11,大村,9,5,4.67,3.94,38.8,29.5,0.146,6
2024-02-11,大村,9,6,4.64,5.46,31.4,35.0,0.114,5
2024-02-11,三国,10,1,5.23,4.98,52.2,43.3,0.178,1
2024-02-11,三国,10,2,4.67,4.56,36.2,34.5,0.129,3
2024-02-11,三国,10,3,5.87,6.04,20.3,34.4,0.203,5
2024-02-11,三国,10,4,5.6,4.73,40.5,27.3,0.116,4
2024-02-11,三国,10,5,7.69,7.32,26.1,36.5,0.167,2
2024-02-11,三国,10,6,4.13,3.17,32.6,36.0,0.171,6
2024-02-11,若松,11,1,4.37,4.87,41.3,49.8,0.153,2
2024-02-11,若松,11,2,4.18,3.85,30.1,31.1,0.129,4
2024-02-11,若松,11,3,5.32,5.03,39.3,33.3,0.159,3
2024-02-11,若松,11,4,5.68,5.75,34.7,34.2,0.179,5
2024-02-11,若松,11,5,6.49,7.4,42.7,30.9,0.104,1
2024-02-11,若松,11,6,5.52,5.99,33.5,32.0,0.211,6
2024-02-11,住之江,12,1,3.56,2.62,37.6,31.5,0.168,3
2024-02-11,住之江,12,2,5.06,4.88,24.2,24.1,0.174,2
2024-02-11,住之江,12,3,4.46,4.38,39.3,44.6,0.129,6
2024-02-11,住之江,12,4,7.45,7.47,44.9,18.6,0.209,1
2024-02-11,住之江,12,5,3.53,3.97,42.0,40.9,0.2,5
2024-02-11,住之江,12,6,4.64,4.35,34.6,36.2,0.142,4
2024-02-12,徳山,1,1,4.09,3.38,38.5,28.0,0.123,1
2024-02-12,徳山,1,2,6.16,5.93,32.3,39.2,0.175,2
2024-02-12,徳山,1,3,6.3,5.69,36.3,30.1,0.194,3
2024-02-12,徳山,1,4,4.34,5.12,26.8,40.7,0.166,4
2024-02-12,徳山,1,5,4.27,4.07,34.6,29.6,0.178,5
2024-02-12,徳山,1,6,5.36,5.35,21.9,35.6,0.115,6
2024-02-12,津,2,1,6.79,7.41,43.9,35.9,0.14,1
2024-02-12,津,2,2,6.32,6.45,33.1,24.6,0.182,2
2024-02-12,津,2,3,4.09,4.13,39.8,33.2,0.186,4
2024-02-12,津,2,4,3.91,3.72,38.1,39.2,0.208,6
2024-02-12,津,2,5,5.3,5.71,43.2,43.8,0.127,3
2024-02-12,津,2,6,4.33,4.8,25.6,40.8,0.191,5
2024-02-12,芦屋,3,1,6.25,6.4,36.7,31.2,0.159,2
2024-02-12,芦屋,3,2,6.09,5.96,41.9,23.7,0.2,5
2024-02-12,芦屋,3,3,6.48,6.51,40.7,42.7,0.14,1
2024-02-12,芦屋,3,4,5.2,5.3,23.6,32.8,0.15,3
2024-02-12,芦屋,3,5,5.18,4.24,44.4,36.5,0.224,4
2024-02-12,芦屋,3,6,4.21,4.36,23.2,35.1,0.135,6
2024-02-12,蒲郡,4,1,4.04,4.07,26.1,28.9,0.204,5
2024-02-12,蒲郡,4,2,4.73,4.37,32.6,42.3,0.118,1
2024-02-12,蒲郡,4,3,5.94,4.97,32.2,40.5,0.159,3
2024-02-12,蒲郡,4,4,4.66,4.09,30.6,34.6,0.202,4
2024-02-12,蒲郡,4,5,4.8,4.34,39.5,23.0,0.143,2
2024-02-12,蒲郡,4,6,4.26,3.64,37.1,23.9,0.127,6
2024-02-13,びわこ,5,1,4.68,4.06,42.5,34.9,0.154,1
2024-02-13,びわこ,5,2,4.64,4.97,34.7,28.4,0.184,2
2024-02-13,びわこ,5,3,5.98,5.41,37.4,41.8,0.177,3
2024-02-13,びわこ,5,4,5.3,5.04,26.4,27.0,0.159,4
2024-02-13,びわこ,5,5,3.59,3.5,38.0,34.2,0.123,6
2024-02-13,びわこ,5,6,4.12,4.46,45.5,21.5,0.166,5
2024-02-13,下関,6,1,4.66,4.06,31.1,33.4,0.159,2
2024-02-13,下関,6,2,5.38,4.55,15.6,37.1,0.206,4
2024-02-13,下関,6,3,4.65,4.77,40.9,37.2,0.201,5
2024-02-13,下関,6,4,5.71,5.9,31.4,40.5,0.178,3
2024-02-13,下関,6,5,4.92,5.47,27.1,35.7,0.08,1
2024-02-13,下関,6,6,6.02,5.7,35.5,23.9,0.21,6
2024-02-13,平和島,7,1,5.05,5.74,38.2,30.9,0.177,1
2024-02-13,平和島,7,2,5.9,4.91,28.2,37.3,0.149,2
2024-02-13,平和島,7,3,7.22,6.97,36.0,30.1,0.135,3
2024-02-13,平和島,7,4,3.88,2.59,43.6,32.8,0.195,5
2024-02-13,平和島,7,5,5.45,5.78,39.2,26.3,0.198,6
2024-02-13,平和島,7,6,5.5,6.94,34.9,43.2,0.145,4
2024-02-13,江戸川,8,1,4.48,4.79,30.1,28.2,0.119,1
2024-02-13,江戸川,8,2,4.95,4.97,33.0,44.3,0.142,5
2024-02-13,江戸川,8,3,5.42,5.36,35.4,24.0,0.195,2
2024-02-13,江戸川,8,4,5.26,4.27,37.5,33.0,0.203,3
2024-02-13,江戸川,8,5,4.1,4.11,28.1,35.8,0.12,4
2024-02-13,江戸川,8,6,5.08,5.0,30.8,28.7,0.155,6
2024-02-14,鳴門,9,1,5.88,6.09,31.1,25.6,0.184,1
2024-02-14,鳴門,9,2,5.85,6.04,37.0,33.3,0.166,3
2024-02-14,鳴門,9,3,5.62,5.01,30.1,36.7,0.145,4
2024-02-14,鳴門,9,4,5.42,4.04,47.2,37.6,0.179,5
2024-02-14,鳴門,9,5,4.22,4.04,34.5,29.0,0.162,6
2024-02-14,鳴門,9,6,5.88,5.23,19.8,33.5,0.135,2
2024-02-14,福岡,10,1,5.57,6.01,34.1,30.6,0.132,1
2024-02-14,福岡,10,2,4.72,5.13,32.2,41.9,0.198,4
2024-02-14,福岡,10,3,6.35,6.07,43.6,36.5,0.156,2
2024-02-14,福岡,10,4,4.79,4.93,37.0,32.7,0.17,5
2024-02-14,福岡,10,5,5.86,5.12,38.6,36.3,0.181,6
2024-02-14,福岡,10,6,8.22,8.05,35.5,29.3,0.205,3
2024-02-14,尼崎,11,1,4.52,4.74,26.7,28.2,0.184,1
2024-02-14,尼崎,11,2,6.07,5.81,28.5,35.1,0.179,4
2024-02-14,尼崎,11,3,5.18,5.61,39.7,33.4,0.133,3
2024-02-14,尼崎,11,4,4.79,5.15,38.5,35.5,0.205,6
2024-02-14,尼崎,11,5,5.0,4.76,47.4,22.1,0.168,2
2024-02-14,尼崎,11,6,5.42,6.73,42.5,38.2,0.129,5
2024-02-14,桐生,12,1,6.35,6.46,22.1,40.0,0.195,2
2024-02-14,桐生,12,2,4.93,5.29,29.5,38.4,0.124,4
2024-02-14,桐生,12,3,5.4,4.57,34.9,36.9,0.116,1
2024-02-14,桐生,12,4,4.86,5.16,36.3,31.4,0.142,6
2024-02-14,桐生,12,5,4.74,4.3,45.7,39.7,0.115,3
2024-02-14,桐生,12,6,5.6,5.38,38.0,38.4,0.141,5
2024-02-15,浜名湖,1,1,5.68,6.17,37.1,29.2,0.184,1
2024-02-15,浜名湖,1,2,5.95,6.6,29.1,33.2,0.14,5
2024-02-15,浜名湖,1,3,7.27,7.8,23.4,36.4,0.142,2
2024-02-15,浜名湖,1,4,5.48,5.38,35.9,36.1,0.161,3
2024-02-15,浜名湖,1,5,5.27,5.55,27.6,34.0,0.156,6
2024-02-15,浜名湖,1,6,6.09,5.36,32.6,29.2,0.178,4
2024-02-15,児島,2,1,5.29,5.75,39.8,43.9,0.166,2
2024-02-15,児島,2,2,4.93,5.3,45.5,35.9,0.141,3
2024-02-15,児島,2,3,5.64,5.66,30.1,19.8,0.142,5
2024-02-15,児島,2,4,5.6,4.36,35.0,23.6,0.225,4
2024-02-15,児島,2,5,4.28,4.72,29.9,37.1,0.161,6
2024-02-15,児島,2,6,6.02,5.27,43.8,34.3,0.126,1
2024-02-15,宮島,3,1,5.32,5.17,44.4,34.8,0.1,2
2024-02-15,宮島,3,2,6.22,5.61,32.7,28.9,0.162,4
2024-02-15,宮島,3,3,5.62,5.29,29.8,38.7,0.157,1
2024-02-15,宮島,3,4,4.65,5.09,35.3,29.7,0.205,6
2024-02-15,宮島,3,5,4.57,4.39,41.7,27.1,0.205,5
2024-02-15,宮島,3,6,5.14,5.9,46.4,37.4,0.166,3
2024-02-15,唐津,4,1,6.24,6.29,35.6,41.9,0.141,3
2024-02-15,唐津,4,2,5.66,5.41,34.3,38.3,0.16,2
2024-02-15,唐津,4,3,4.7,4.81,25.6,33.3,0.137,6
2024-02-15,唐津,4,4,6.1,6.39,47.1,42.1,0.184,1
2024-02-15,唐津,4,5,4.04,4.02,32.7,30.3,0.15,5
2024-02-15,唐津,4,6,6.8,6.16,30.6,37.2,0.106,4
2024-02-16,常滑,5,1,5.45,5.03,29.0,37.2,0.21,1
2024-02-16,常滑,5,2,4.86,3.86,39.5,34.9,0.235,5
2024-02-16,常滑,5,3,4.99,4.59,40.6,24.8,0.185,3
2024-02-16,常滑,5,4,4.92,4.41,42.0,44.6,0.145,4
2024-02-16,常滑,5,5,7.05,6.7,33.3,27.1,0.155,2
2024-02-16,常滑,5,6,5.0,4.58,24.5,26.3,0.128,6
2024-02-16,丸亀,6,1,6.03,6.24,29.4,35.4,0.159,1
2024-02-16,丸亀,6,2,4.57,5.08,37.9,28.2,0.195,2
2024-02-16,丸亀,6,3,4.14,5.28,27.4,28.7,0.149,4
2024-02-16,丸亀,6,4,5.96,5.9,44.1,36.3,0.207,3
2024-02-16,丸亀,6,5,5.58,4.11,32.0,27.8,0.163,5
2024-02-16,丸亀,6,6,4.22,3.56,33.2,32.9,0.08,6
2024-02-16,戸田,7,1,6.44,6.71,33.1,29.2,0.205,1
2024-02-16,戸田,7,2,4.99,3.73,29.1,22.8,0.202,5
2024-02-16,戸田,7,3,4.68,4.52,52.7,41.1,0.114,4
2024-02-16,戸田,7,4,4.2,3.19,36.2,48.1,0.213,6
2024-02-16,戸田,7,5,5.03,5.15,42.1,25.4,0.096,2
2024-02-16,戸田,7,6,5.67,6.62,36.6,42.7,0.139,3
2024-02-16,多摩川,8,1,5.92,6.74,40.9,26.5,0.19,1
2024-02-16,多摩川,8,2,4.95,3.47,42.0,39.3,0.177,4
2024-02-16,多摩川,8,3,3.92,4.53,40.6,36.9,0.151,3
2024-02-16,多摩川,8,4,4.86,4.68,29.0,35.5,0.145,6
2024-02-16,多摩川,8,5,6.12,5.63,47.8,27.3,0.176,2
2024-02-16,多摩川,8,6,6.68,5.36,42.0,41.3,0.21,5
2024-02-17,大村,9,1,5.96,5.09,28.1,31.2,0.163,1
2024-02-17,大村,9,2,5.22,5.76,24.0,15.7,0.148,5
2024-02-17,大村,9,3,5.04,4.43,38.0,45.6,0.156,6
2024-02-17,大村,9,4,4.55,5.73,34.7,37.7,0.203,3
2024-02-17,大村,9,5,4.48,5.05,40.9,36.9,0.195,4
2024-02-17,大村,9,6,5.33,5.01,40.3,30.1,0.174,2
2024-02-17,三国,10,1,3.33,3.99,30.6,32.5,0.131,3
2024-02-17,三国,10,2,4.5,4.8,43.2,43.9,0.202,1
2024-02-17,三国,10,3,4.2,4.98,43.3,39.0,0.188,5
2024-02-17,三国,10,4,4.89,5.54,43.9,27.8,0.192,6
2024-02-17,三国,10,5,6.29,6.46,42.8,40.2,0.191,2
2024-02-17,三国,10,6,6.23,6.27,27.2,38.3,0.113,4
2024-02-17,若松,11,1,6.06,5.27,39.4,34.9,0.186,1
2024-02-17,若松,11,2,6.51,6.69,39.9,42.3,0.167,2
2024-02-17,若松,11,3,5.65,5.98,31.5,38.8,0.203,3
2024-02-17,若松,11,4,6.21,6.49,27.6,36.3,0.207,4
2024-02-17,若松,11,5,3.67,3.81,30.8,45.4,0.16,5
2024-02-17,若松,11,6,4.81,4.98,31.3,28.9,0.159,6
2024-02-17,住之江,12,1,3.37,4.25,25.5,34.7,0.239,6
2024-02-17,住之江,12,2,4.09,4.88,36.4,31.0,0.16,3
2024-02-17,住之江,12,3,5.56,6.46,32.6,35.0,0.203,1
2024-02-17,住之江,12,4,4.86,5.06,31.4,30.4,0.148,4
2024-02-17,住之江,12,5,3.74,2.59,30.2,35.0,0.203,5
2024-02-17,住之江,12,6,5.27,5.68,40.3,33.5,0.159,2
2024-02-18,徳山,1,1,6.79,6.61,40.8,39.7,0.218,3
2024-02-18,徳山,1,2,6.97,7.0,34.5,32.4,0.148,2
2024-02-18,徳山,1,3,3.15,3.47,35.7,28.6,0.159,6
2024-02-18,徳山,1,4,5.81,5.6,47.0,29.5,0.156,1
2024-02-18,徳山,1,5,5.2,5.65,39.2,29.9,0.157,4
2024-02-18,徳山,1,6,5.04,5.03,30.3,29.9,0.163,5
2024-02-18,津,2,1,5.54,5.44,29.3,42.6,0.192,4
2024-02-18,津,2,2,6.36,6.57,33.5,34.7,0.252,1
2024-02-18,津,2,3,6.44,6.23,39.3,47.3,0.176,3
2024-02-18,津,2,4,6.65,7.04,45.9,35.5,0.178,5
2024-02-18,津,2,5,7.99,8.18,36.0,42.3,0.144,2
2024-02-18,津,2,6,4.67,4.7,32.6,37.3,0.157,6
2024-02-18,芦屋,3,1,4.28,4.59,26.5,35.2,0.163,5
2024-02-18,芦屋,3,2,4.62,4.24,49.1,32.6,0.154,1
2024-02-18,芦屋,3,3,5.83,6.46,26.9,27.9,0.274,3
2024-02-18,芦屋,3,4,5.15,5.26,41.9,27.3,0.171,4
2024-02-18,芦屋,3,5,6.08,6.19,31.6,29.1,0.08,2
2024-02-18,芦屋,3,6,4.01,3.79,46.4,31.7,0.182,6
2024-02-18,蒲郡,4,1,5.11,5.44,27.7,38.7,0.187,3
2024-02-18,蒲郡,4,2,4.81,5.21,23.9,31.7,0.164,6
2024-02-18,蒲郡,4,3,5.37,5.34,31.1,31.6,0.171,4
2024-02-18,蒲郡,4,4,6.04,6.63,43.2,23.8,0.143,5
2024-02-18,蒲郡,4,5,4.81,5.43,40.2,33.5,0.165,2
2024-02-18,蒲郡,4,6,5.09,4.93,41.3,36.9,0.209,1
2024-02-19,びわこ,5,1,6.36,6.42,33.7,40.4,0.159,2
2024-02-19,びわこ,5,2,7.53,7.96,41.5,37.0,0.169,1
2024-02-19,びわこ,5,3,5.49,6.13,24.4,32.6,0.183,6
2024-02-19,びわこ,5,4,5.33,4.94,38.1,39.1,0.21,4
2024-02-19,びわこ,5,5,4.74,4.9,39.0,42.3,0.089,3
2024-02-19,びわこ,5,6,3.68,4.11,38.2,37.0,0.191,5
2024-02-19,下関,6,1,6.53,6.26,30.2,31.6,0.132,2
2024-02-19,下関,6,2,6.64,7.12,44.7,42.7,0.131,1
2024-02-19,下関,6,3,6.86,8.19,25.7,26.0,0.177,4
2024-02-19,下関,6,4,4.48,4.71,29.9,21.2,0.16,6
2024-02-19,下関,6,5,6.03,6.59,36.4,32.8,0.139,3
2024-02-19,下関,6,6,5.01,5.59,39.5,45.9,0.156,5
2024-02-19,平和島,7,1,4.35,4.17,30.0,27.4,0.117,1
2024-02-19,平和島,7,2,5.06,4.69,17.7,44.1,0.129,2
2024-02-19,平和島,7,3,4.33,4.56,25.0,34.6,0.154,4
2024-02-19,平和島,7,4,4.37,4.01,33.5,46.1,0.111,6
2024-02-19,平和島,7,5,4.79,4.98,39.5,34.9,0.169,3
2024-02-19,平和島,7,6,4.85,4.73,24.0,32.0,0.135,5
2024-02-19,江戸川,8,1,5.39,5.33,26.3,37.2,0.199,1
2024-02-19,江戸川,8,2,5.33,5.69,41.2,44.5,0.201,4
2024-02-19,江戸川,8,3,5.5,5.6,36.6,31.2,0.186,3
2024-02-19,江戸川,8,4,4.64,4.85,31.2,32.6,0.091,5
2024-02-19,江戸川,8,5,5.4,5.33,38.1,35.2,0.137,2
2024-02-19,江戸川,8,6,4.97,5.53,47.2,30.5,0.163,6
2024-02-20,鳴門,9,1,6.53,6.65,53.2,43.8,0.142,1
2024-02-20,鳴門,9,2,4.57,4.64,35.3,38.2,0.163,4
2024-02-20,鳴門,9,3,4.63,5.44,42.7,33.1,0.155,2
2024-02-20,鳴門,9,4,5.42,4.46,41.0,30.2,0.165,3
2024-02-20,鳴門,9,5,5.62,6.39,20.1,42.7,0.176,5
2024-02-20,鳴門,9,6,3.89,4.55,36.7,37.4,0.151,6
2024-02-20,福岡,10,1,6.65,5.65,27.4,37.8,0.168,2
2024-02-20,福岡,10,2,7.16,7.51,39.6,23.5,0.131,1
2024-02-20,福岡,10,3,5.23,4.44,28.8,29.1,0.196,6
2024-02-20,福岡,10,4,5.08,4.92,36.9,30.0,0.151,4
2024-02-20,福岡,10,5,6.04,6.59,37.4,36.7,0.172,3
2024-02-20,福岡,10,6,5.59,4.83,28.0,38.1,0.196,5
2024-02-20,尼崎,11,1,4.09,4.15,33.8,22.8,0.184,3
2024-02-20,尼崎,11,2,4.06,4.14,39.8,32.3,0.189,1
2024-02-20,尼崎,11,3,6.42,6.53,33.8,36.9,0.186,4
2024-02-20,尼崎,11,4,4.96,4.5,32.4,30.6,0.167,5
2024-02-20,尼崎,11,5,5.31,5.3,36.1,43.0,0.2,6
2024-02-20,尼崎,11,6,5.79,5.6,34.3,32.5,0.138,2
2024-02-20,桐生,12,1,5.65,5.18,33.3,33.3,0.08,1
2024-02-20,桐生,12,2,5.25,3.8,39.3,33.7,0.166,3
2024-02-20,桐生,12,3,4.98,4.34,31.8,31.4,0.234,4
2024-02-20,桐生,12,4,4.91,4.65,37.0,37.1,0.136,6
2024-02-20,桐生,12,5,7.25,7.84,24.3,23.6,0.131,2
2024-02-20,桐生,12,6,5.9,5.69,23.9,35.1,0.179,5
2024-02-21,浜名湖,1,1,6.31,6.56,28.0,35.1,0.202,2
2024-02-21,浜名湖,1,2,5.23,6.18,24.2,32.8,0.11,4
2024-02-21,浜名湖,1,3,3.03,2.07,31.1,34.6,0.172,6
2024-02-21,浜名湖,1,4,6.49,6.88,39.8,28.1,0.154,1
2024-02-21,浜名湖,1,5,7.59,8.05,39.9,39.6,0.145,3
2024-02-21,浜名湖,1,6,5.0,4.94,49.7,21.6,0.171,5
2024-02-21,児島,2,1,4.2,3.96,25.2,37.7,0.114,3
2024-02-21,児島,2,2,4.96,4.77,42.9,34.5,0.094,5
2024-02-21,児島,2,3,2.51,2.65,32.0,25.5,0.162,6
2024-02-21,児島,2,4,7.35,7.07,48.2,42.0,0.138,1
2024-02-21,児島,2,5,6.68,6.58,35.9,32.3,0.117,2
2024-02-21,児島,2,6,4.42,3.49,32.8,44.4,0.215,4
2024-02-21,宮島,3,1,6.5,8.03,30.4,21.6,0.187,1
2024-02-21,宮島,3,2,5.51,6.23,35.3,25.9,0.091,2
2024-02-21,宮島,3,3,4.22,4.37,25.9,31.7,0.108,5
2024-02-21,宮島,3,4,4.93,5.26,44.2,32.7,0.129,3
2024-02-21,宮島,3,5,5.73,6.08,39.1,42.5,0.194,6
2024-02-21,宮島,3,6,6.14,5.61,30.6,33.2,0.162,4
2024-02-21,唐津,4,1,4.5,4.78,37.6,34.3,0.095,1
2024-02-21,唐津,4,2,4.77,5.73,28.8,31.8,0.12,2
2024-02-21,唐津,4,3,5.72,4.46,15.0,37.8,0.16,3
2024-02-21,唐津,4,4,6.34,6.91,20.2,32.8,0.198,5
2024-02-21,唐津,4,5,5.06,5.62,32.9,26.7,0.135,6
2024-02-21,唐津,4,6,5.93,4.88,41.8,24.0,0.161,4
2024-02-22,常滑,5,1,5.61,5.96,32.0,40.4,0.17,3
2024-02-22,常滑,5,2,5.85,6.24,29.7,31.3,0.114,4
2024-02-22,常滑,5,3,5.2,5.68,26.0,53.2,0.155,1
2024-02-22,常滑,5,4,6.41,4.89,33.0,42.7,0.08,2
2024-02-22,常滑,5,5,4.46,4.16,36.4,22.6,0.166,6
2024-02-22,常滑,5,6,4.62,5.03,59.4,35.9,0.178,5
2024-02-22,丸亀,6,1,7.89,6.89,38.9,37.1,0.168,1
2024-02-22,丸亀,6,2,4.23,4.07,35.5,26.5,0.122,6
2024-02-22,丸亀,6,3,6.4,6.04,29.9,29.4,0.246,2
2024-02-22,丸亀,6,4,5.3,5.88,50.8,40.8,0.109,4
2024-02-22,丸亀,6,5,4.96,4.73,26.2,31.4,0.121,5
2024-02-22,丸亀,6,6,5.41,4.53,22.8,30.9,0.181,3
2024-02-22,戸田,7,1,4.93,4.5,53.8,38.0,0.152,2
2024-02-22,戸田,7,2,5.24,5.33,31.9,33.7,0.195,5
2024-02-22,戸田,7,3,5.67,6.45,36.3,27.9,0.097,4
2024-02-22,戸田,7,4,5.3,5.51,42.3,30.3,0.13,3
2024-02-22,戸田,7,5,6.54,6.23,37.1,42.0,0.17,1
2024-02-22,戸田,7,6,3.28,4.05,39.2,34.5,0.142,6
2024-02-22,多摩川,8,1,6.55,5.94,37.2,41.1,0.163,1
2024-02-22,多摩川,8,2,5.03,5.33,24.9,25.1,0.167,4
2024-02-22,多摩川,8,3,6.04,5.31,21.8,29.1,0.211,3
2024-02-22,多摩川,8,4,5.35,5.48,28.1,40.3,0.165,5
2024-02-22,多摩川,8,5,3.68,2.6,15.4,32.6,0.151,6
2024-02-22,多摩川,8,6,6.85,6.67,32.8,36.5,0.212,2
2024-02-23,大村,9,1,6.03,5.99,32.9,33.0,0.176,2
2024-02-23,大村,9,2,6.13,6.36,45.1,41.4,0.189,4
2024-02-23,大村,9,3,5.48,5.11,54.7,32.5,0.178,3
2024-02-23,大村,9,4,4.0,3.48,32.0,27.8,0.114,6
2024-02-23,大村,9,5,6.66,7.07,35.0,34.0,0.101,1
2024-02-23,大村,9,6,5.79,5.12,36.2,32.7,0.141,5
2024-02-23,三国,10,1,4.96,6.17,21.7,41.0,0.171,3
2024-02-23,三国,10,2,4.86,4.71,26.5,25.5,0.155,6
2024-02-23,三国,10,3,6.21,6.86,15.0,24.5,0.168,4
2024-02-23,三国,10,4,5.48,5.72,40.0,39.0,0.222,5
2024-02-23,三国,10,5,6.24,5.25,33.9,26.5,0.208,1
2024-02-23,三国,10,6,5.92,5.12,34.0,34.0,0.166,2
2024-02-23,若松,11,1,5.11,4.27,25.6,34.2,0.191,2
2024-02-23,若松,11,2,5.21,4.91,46.2,31.1,0.21,5
2024-02-23,若松,11,3,5.61,5.46,36.9,31.1,0.135,1
2024-02-23,若松,11,4,4.73,4.9,35.4,32.3,0.152,3
2024-02-23,若松,11,5,7.12,7.1,30.7,32.1,0.182,4
2024-02-23,若松,11,6,5.23,5.06,36.0,36.2,0.175,6
2024-02-23,住之江,12,1,6.52,6.49,34.0,24.6,0.132,1
2024-02-23,住之江,12,2,6.29,7.27,31.6,36.1,0.169,2
2024-02-23,住之江,12,3,3.66,3.19,24.8,32.0,0.154,6
2024-02-23,住之江,12,4,5.21,5.48,28.3,39.2,0.101,3
2024-02-23,住之江,12,5,5.76,5.27,23.7,37.7,0.136,4
2024-02-23,住之江,12,6,6.14,6.12,34.8,39.8,0.172,5
2024-02-24,徳山,1,1,4.44,3.57,42.7,30.0,0.167,6
2024-02-24,徳山,1,2,5.53,5.02,55.5,27.7,0.125,3
2024-02-24,徳山,1,3,6.5,5.23,36.6,39.1,0.116,1
2024-02-24,徳山,1,4,4.85,4.23,32.4,31.1,0.111,5
2024-02-24,徳山,1,5,4.92,4.46,40.7,33.4,0.205,4
2024-02-24,徳山,1,6,5.72,5.76,36.0,32.6,0.155,2
2024-02-24,津,2,1,6.3,5.48,36.6,32.8,0.149,1
2024-02-24,津,2,2,3.42,3.56,35.8,25.3,0.156,4
2024-02-24,津,2,3,4.99,5.32,33.2,29.0,0.127,3
2024-02-24,津,2,4,6.66,7.13,29.9,39.8,0.155,2
2024-02-24,津,2,5,5.8,5.24,23.9,41.5,0.096,5
2024-02-24,津,2,6,3.86,3.83,33.4,31.2,0.083,6
2024-02-24,芦屋,3,1,4.24,4.45,39.2,48.5,0.19,1
2024-02-24,芦屋,3,2,6.77,6.16,42.2,30.6,0.138,2
2024-02-24,芦屋,3,3,5.61,6.38,24.8,35.5,0.141,4
2024-02-24,芦屋,3,4,3.5,4.04,36.3,28.0,0.113,6
2024-02-24,芦屋,3,5,6.76,6.68,32.6,36.8,0.16,3
2024-02-24,芦屋,3,6,6.11,6.3,40.9,26.9,0.162,5
2024-02-24,蒲郡,4,1,4.17,4.51,41.6,32.4,0.164,3
2024-02-24,蒲郡,4,2,5.19,5.84,40.5,34.8,0.15,4
2024-02-24,蒲郡,4,3,5.7,5.97,42.2,45.8,0.173,2
2024-02-24,蒲郡,4,4,4.3,5.01,40.9,42.0,0.183,6
2024-02-24,蒲郡,4,5,6.85,6.46,39.4,40.4,0.133,1
2024-02-24,蒲郡,4,6,5.83,5.9,39.2,37.8,0.134,5
2024-02-25,びわこ,5,1,4.07,4.53,41.2,30.8,0.148,4
2024-02-25,びわこ,5,2,4.65,4.75,39.5,34.8,0.19,3
2024-02-25,びわこ,5,3,4.28,5.13,43.2,29.9,0.221,5
2024-02-25,びわこ,5,4,5.55,6.68,18.1,24.7,0.185,2
2024-02-25,びわこ,5,5,4.5,5.39,38.5,26.7,0.138,6
2024-02-25,びわこ,5,6,7.16,6.01,36.9,31.9,0.101,1
2024-02-25,下関,6,1,5.77,6.36,27.3,32.1,0.19,4
2024-02-25,下関,6,2,5.0,5.73,45.7,30.7,0.133,1
2024-02-25,下関,6,3,5.7,5.33,39.3,37.5,0.164,5
2024-02-25,下関,6,4,6.76,7.26,42.3,51.6,0.199,3
2024-02-25,下関,6,5,5.75,5.82,31.4,35.8,0.17,6
2024-02-25,下関,6,6,4.97,5.48,24.4,39.1,0.162,2
2024-02-25,平和島,7,1,5.04,3.76,32.3,35.5,0.185,4
2024-02-25,平和島,7,2,5.66,5.94,30.7,29.9,0.229,6
2024-02-25,平和島,7,3,6.65,6.72,45.4,30.5,0.179,2
2024-02-25,平和島,7,4,5.22,5.43,30.0,33.8,0.148,1
2024-02-25,平和島,7,5,5.36,4.56,32.8,33.7,0.131,3
2024-02-25,平和島,7,6,5.84,6.36,30.1,31.9,0.196,5
2024-02-25,江戸川,8,1,4.25,3.53,44.9,30.1,0.089,1
2024-02-25,江戸川,8,2,4.69,2.64,34.9,39.7,0.174,3
2024-02-25,江戸川,8,3,5.32,5.7,28.4,35.2,0.214,5
2024-02-25,江戸川,8,4,5.61,4.47,32.7,26.7,0.188,4
2024-02-25,江戸川,8,5,5.8,5.24,48.3,27.4,0.166,2
2024-02-25,江戸川,8,6,5.66,5.17,39.6,40.1,0.192,6
2024-02-26,鳴門,9,1,5.93,5.26,46.5,32.9,0.101,2
2024-02-26,鳴門,9,2,6.96,7.73,39.1,29.0,0.194,1
2024-02-26,鳴門,9,3,6.25,7.23,30.0,40.3,0.194,4
2024-02-26,鳴門,9,4,3.84,3.44,35.9,37.0,0.154,3
2024-02-26,鳴門,9,5,5.34,5.42,39.4,37.3,0.16,5
2024-02-26,鳴門,9,6,5.01,5.51,31.9,44.1,0.161,6
2024-02-26,福岡,10,1,5.49,5.62,39.2,41.7,0.151,2
2024-02-26,福岡,10,2,5.31,4.24,26.4,40.5,0.182,6
2024-02-26,福岡,10,3,4.82,4.8,23.2,37.2,0.15,1
2024-02-26,福岡,10,4,4.4,5.03,30.6,40.4,0.128,4
2024-02-26,福岡,10,5,5.02,4.56,34.3,37.2,0.176,3
2024-02-26,福岡,10,6,6.27,4.73,32.6,22.4,0.149,5
2024-02-26,尼崎,11,1,5.99,7.07,31.9,34.3,0.127,1
2024-02-26,尼崎,11,2,6.49,7.34,35.1,30.1,0.135,4
2024-02-26,尼崎,11,3,5.58,6.43,18.9,21.3,0.211,5
2024-02-26,尼崎,11,4,5.79,5.07,40.9,39.0,0.168,3
2024-02-26,尼崎,11,5,5.51,5.89,48.2,41.0,0.139,2
2024-02-26,尼崎,11,6,5.23,5.13,36.0,30.8,0.185,6
2024-02-26,桐生,12,1,5.92,6.33,43.1,38.8,0.171,3
2024-02-26,桐生,12,2,3.83,4.0,33.3,32.6,0.247,4
2024-02-26,桐生,12,3,5.53,6.3,42.2,41.9,0.118,2
2024-02-26,桐生,12,4,6.09,5.96,47.5,35.8,0.17,1
2024-02-26,桐生,12,5,5.21,5.33,30.8,34.3,0.146,5
2024-02-26,桐生,12,6,4.07,3.22,38.8,35.9,0.129,6
2024-02-27,浜名湖,1,1,5.22,5.05,42.2,39.4,0.153,1
2024-02-27,浜名湖,1,2,7.56,8.45,36.6,32.7,0.173,2
2024-02-27,浜名湖,1,3,6.68,6.16,35.8,29.8,0.209,5
2024-02-27,浜名湖,1,4,5.4,5.77,45.5,32.7,0.13,3
2024-02-27,浜名湖,1,5,6.0,5.93,45.9,36.0,0.101,6
2024-02-27,浜名湖,1,6,5.43,6.61,35.5,33.3,0.178,4
2024-02-27,児島,2,1,4.53,4.08,31.0,30.4,0.165,1
2024-02-27,児島,2,2,4.19,3.32,22.8,41.2,0.21,6
2024-02-27,児島,2,3,3.86,4.0,43.3,40.6,0.17,2
2024-02-27,児島,2,4,5.82,5.54,49.0,34.6,0.124,4
2024-02-27,児島,2,5,3.95,4.02,43.3,27.0,0.203,5
2024-02-27,児島,2,6,5.87,5.23,29.7,32.6,0.118,3
2024-02-27,宮島,3,1,6.56,7.15,31.1,45.0,0.151,1
2024-02-27,宮島,3,2,6.57,6.09,32.5,45.8,0.198,2
2024-02-27,宮島,3,3,5.7,5.88,30.3,33.4,0.14,5
2024-02-27,宮島,3,4,5.96,5.44,40.8,35.2,0.19,3
2024-02-27,宮島,3,5,6.74,7.18,40.6,33.5,0.183,6
2024-02-27,宮島,3,6,5.25,5.76,35.3,37.3,0.126,4
2024-02-27,唐津,4,1,3.59,3.47,27.3,37.8,0.214,6
2024-02-27,唐津,4,2,4.2,4.45,44.3,36.4,0.175,1
2024-02-27,唐津,4,3,6.07,7.12,40.0,27.1,0.147,4
2024-02-27,唐津,4,4,4.68,4.58,32.0,30.3,0.188,5
2024-02-27,唐津,4,5,4.4,4.02,35.9,47.3,0.172,3
2024-02-27,唐津,4,6,5.99,4.75,38.3,29.4,0.116,2
2024-02-28,常滑,5,1,5.38,5.13,34.3,39.1,0.143,1
2024-02-28,常滑,5,2,6.96,5.9,33.0,37.4,0.119,2
2024-02-28,常滑,5,3,4.17,4.32,31.3,39.3,0.199,5
2024-02-28,常滑,5,4,5.11,5.32,36.0,27.2,0.201,6
2024-02-28,常滑,5,5,6.29,5.52,41.8,47.3,0.185,4
2024-02-28,常滑,5,6,5.53,5.55,37.2,33.1,0.181,3
2024-02-28,丸亀,6,1,4.59,4.42,33.9,42.1,0.136,2
2024-02-28,丸亀,6,2,4.01,3.97,42.1,38.7,0.127,5
2024-02-28,丸亀,6,3,6.37,5.66,39.7,31.4,0.163,1
2024-02-28,丸亀,6,4,7.05,7.61,25.9,36.4,0.165,4
2024-02-28,丸亀,6,5,6.84,5.84,37.8,35.3,0.136,3
2024-02-28,丸亀,6,6,4.2,4.27,36.1,21.2,0.112,6
2024-02-28,戸田,7,1,4.96,5.72,45.1,48.1,0.188,2
2024-02-28,戸田,7,2,4.44,4.53,26.8,39.9,0.12,4
2024-02-28,戸田,7,3,4.65,4.41,38.8,31.0,0.171,5
2024-02-28,戸田,7,4,6.89,6.55,42.7,47.5,0.08,3
2024-02-28,戸田,7,5,5.27,6.02,32.1,36.8,0.137,1
2024-02-28,戸田,7,6,4.24,4.8,15.0,22.9,0.227,6
2024-02-28,多摩川,8,1,5.99,5.02,39.7,33.3,0.208,1
2024-02-28,多摩川,8,2,4.82,4.49,36.9,38.4,0.148,4
2024-02-28,多摩川,8,3,6.09,6.39,43.8,35.9,0.131,3
2024-02-28,多摩川,8,4,6.3,6.14,33.0,32.6,0.106,2
2024-02-28,多摩川,8,5,2.81,2.6,29.1,45.7,0.178,6
2024-02-28,多摩川,8,6,5.63,6.12,30.1,33.0,0.15,5
2024-02-29,大村,9,1,4.37,4.37,42.6,30.9,0.153,3
2024-02-29,大村,9,2,4.38,3.1,43.7,27.3,0.176,5
2024-02-29,大村,9,3,4.8,4.86,34.8,31.3,0.164,2
2024-02-29,大村,9,4,4.41,3.65,29.3,35.1,0.212,6
2024-02-29,大村,9,5,5.78,6.41,36.3,41.2,0.167,1
2024-02-29,大村,9,6,5.17,5.2,49.1,26.9,0.162,4
2024-02-29,三国,10,1,3.72,3.6,34.9,20.0,0.186,4
2024-02-29,三国,10,2,5.7,5.08,30.2,30.4,0.179,6
2024-02-29,三国,10,3,6.97,7.24,19.6,44.8,0.168,2
2024-02-29,三国,10,4,5.56,4.45,36.7,19.0,0.125,3
2024-02-29,三国,10,5,6.76,6.58,28.3,40.1,0.16,1
2024-02-29,三国,10,6,6.1,5.46,41.1,21.1,0.215,5
2024-02-29,若松,11,1,5.93,5.91,21.4,19.9,0.08,1
2024-02-29,若松,11,2,5.2,5.14,36.9,32.8,0.125,3
2024-02-29,若松,11,3,3.46,4.25,41.9,25.8,0.151,5
2024-02-29,若松,11,4,7.1,6.75,36.5,41.5,0.098,4
2024-02-29,若松,11,5,5.39,4.96,50.7,39.6,0.168,6
2024-02-29,若松,11,6,6.34,6.75,31.5,31.5,0.108,2
2024-02-29,住之江,12,1,6.69,6.99,29.4,37.3,0.191,1
2024-02-29,住之江,12,2,5.54,5.23,38.1,44.8,0.166,4
2024-02-29,住之江,12,3,5.78,5.03,36.9,32.3,0.196,5
2024-02-29,住之江,12,4,6.52,7.98,33.6,28.9,0.178,2
2024-02-29,住之江,12,5,5.57,5.21,39.2,34.6,0.082,3
2024-02-29,住之江,12,6,5.77,6.52,31.0,29.1,0.203,6
2024-03-01,徳山,1,1,4.97,4.66,49.8,39.6,0.122,3
2024-03-01,徳山,1,2,5.17,4.71,21.2,39.1,0.189,2
2024-03-01,徳山,1,3,5.0,5.15,39.8,27.6,0.149,1
2024-03-01,徳山,1,4,6.14,6.32,25.7,30.3,0.225,4
2024-03-01,徳山,1,5,5.58,5.19,44.2,33.7,0.145,5
2024-03-01,徳山,1,6,5.16,5.69,40.0,25.9,0.217,6
2024-03-01,津,2,1,4.9,3.84,38.9,30.8,0.204,4
2024-03-01,津,2,2,6.05,6.17,44.5,32.0,0.124,3
2024-03-01,津,2,3,2.6,2.38,36.6,31.5,0.206,6
2024-03-01,津,2,4,5.53,5.29,43.0,29.9,0.145,1
2024-03-01,津,2,5,6.03,7.29,33.5,22.4,0.184,2
2024-03-01,津,2,6,5.24,6.21,47.9,29.9,0.143,5
2024-03-01,芦屋,3,1,3.93,2.93,25.3,24.2,0.154,2
2024-03-01,芦屋,3,2,6.05,6.04,30.2,34.0,0.181,5
2024-03-01,芦屋,3,3,5.46,5.27,31.2,34.2,0.12,1
2024-03-01,芦屋,3,4,3.79,4.08,25.2,43.3,0.191,4
2024-03-01,芦屋,3,5,4.94,4.24,34.6,36.5,0.252,6
2024-03-01,芦屋,3,6,6.68,6.32,37.0,39.4,0.18,3
2024-03-01,蒲郡,4,1,4.12,3.52,29.3,40.8,0.237,2
2024-03-01,蒲郡,4,2,4.18,4.23,26.8,36.7,0.206,6
2024-03-01,蒲郡,4,3,6.3,6.2,20.8,21.8,0.156,1
2024-03-01,蒲郡,4,4,6.71,6.49,35.5,35.6,0.198,3
2024-03-01,蒲郡,4,5,4.27,4.94,38.0,36.4,0.114,5
2024-03-01,蒲郡,4,6,3.63,2.4,33.3,31.3,0.18,4
2024-03-02,びわこ,5,1,5.07,4.95,39.2,22.4,0.164,2
2024-03-02,びわこ,5,2,5.52,5.76,32.3,31.7,0.119,4
2024-03-02,びわこ,5,3,4.71,4.98,24.8,42.4,0.123,5
2024-03-02,びわこ,5,4,4.94,5.28,34.0,38.2,0.16,1
2024-03-02,びわこ,5,5,6.09,6.51,47.0,29.7,0.207,3
2024-03-02,びわこ,5,6,3.88,4.18,33.5,44.4,0.142,6
2024-03-02,下関,6,1,5.39,4.42,36.3,35.1,0.186,2
2024-03-02,下関,6,2,4.18,4.09,28.4,44.9,0.135,3
2024-03-02,下関,6,3,5.35,4.59,31.8,33.2,0.142,5
2024-03-02,下関,6,4,6.67,6.94,25.4,31.4,0.187,1
2024-03-02,下関,6,5,5.48,5.47,38.8,32.9,0.155,6
2024-03-02,下関,6,6,5.77,5.2,47.4,33.9,0.152,4
2024-03-02,平和島,7,1,6.56,6.17,32.1,31.2,0.185,1
2024-03-02,平和島,7,2,4.45,4.79,35.9,32.1,0.178,2
2024-03-02,平和島,7,3,6.25,6.39,27.9,43.8,0.19,3
2024-03-02,平和島,7,4,3.91,3.74,31.3,37.8,0.209,5
2024-03-02,平和島,7,5,5.42,5.34,42.2,33.8,0.114,4
2024-03-02,平和島,7,6,4.34,3.86,35.3,31.0,0.17,6
2024-03-02,江戸川,8,1,5.16,6.53,44.4,30.8,0.203,1
2024-03-02,江戸川,8,2,5.42,6.16,37.4,30.0,0.118,3
2024-03-02,江戸川,8,3,6.42,5.59,23.5,37.4,0.08,2
2024-03-02,江戸川,8,4,4.95,5.4,48.3,25.1,0.122,5
2024-03-02,江戸川,8,5,5.11,5.03,36.6,40.5,0.207,4
2024-03-02,江戸川,8,6,5.06,5.03,37.2,42.0,0.165,6
2024-03-03,鳴門,9,1,4.67,4.58,37.2,32.5,0.108,2
2024-03-03,鳴門,9,2,5.93,6.44,25.0,31.8,0.1,4
2024-03-03,鳴門,9,3,8.5,8.54,32.5,30.4,0.117,1
2024-03-03,鳴門,9,4,5.36,5.19,45.6,24.0,0.176,5
2024-03-03,鳴門,9,5,3.4,3.8,23.5,37.2,0.213,6
2024-03-03,鳴門,9,6,5.69,5.27,37.1,40.9,0.153,3
2024-03-03,福岡,10,1,6.46,6.65,44.2,27.9,0.145,1
2024-03-03,福岡,10,2,5.46,5.52,33.6,26.6,0.157,4
2024-03-03,福岡,10,3,6.02,5.85,43.3,35.4,0.094,3
2024-03-03,福岡,10,4,3.94,4.53,45.3,33.8,0.176,5
2024-03-03,福岡,10,5,3.1,2.76,33.2,24.7,0.163,6
2024-03-03,福岡,10,6,6.06,7.01,40.8,31.8,0.164,2
2024-03-03,尼崎,11,1,6.0,5.95,41.0,39.8,0.225,2
2024-03-03,尼崎,11,2,5.62,6.05,28.5,38.4,0.105,1
2024-03-03,尼崎,11,3,5.98,5.02,48.8,27.0,0.198,5
2024-03-03,尼崎,11,4,5.73,5.33,52.9,40.4,0.225,3
2024-03-03,尼崎,11,5,6.13,6.23,33.4,37.8,0.166,4
2024-03-03,尼崎,11,6,4.01,3.83,39.5,31.2,0.173,6
2024-03-03,桐生,12,1,4.31,3.07,40.1,31.3,0.157,1
2024-03-03,桐生,12,2,6.93,7.3,42.0,34.9,0.195,2
2024-03-03,桐生,12,3,4.7,4.43,46.5,43.7,0.139,4
2024-03-03,桐生,12,4,5.27,5.94,32.9,40.1,0.157,5
2024-03-03,桐生,12,5,5.41,5.53,31.1,25.8,0.222,3
2024-03-03,桐生,12,6,3.57,2.19,15.1,30.4,0.21,6
2024-03-04,浜名湖,1,1,7.13,7.79,31.1,26.1,0.124,2
2024-03-04,浜名湖,1,2,7.29,7.2,36.2,35.4,0.234,3
2024-03-04,浜名湖,1,3,6.66,6.87,34.2,22.4,0.195,1
2024-03-04,浜名湖,1,4,4.97,5.13,36.0,41.2,0.137,4
2024-03-04,浜名湖,1,5,5.73,5.77,40.2,32.7,0.205,5
2024-03-04,浜名湖,1,6,3.96,3.96,43.8,31.1,0.139,6
2024-03-04,児島,2,1,4.56,5.43,38.5,43.3,0.119,1
2024-03-04,児島,2,2,5.49,4.24,40.7,32.4,0.125,2
2024-03-04,児島,2,3,3.44,3.83,33.7,32.6,0.212,4
2024-03-04,児島,2,4,4.76,4.2,34.9,40.8,0.141,6
2024-03-04,児島,2,5,6.39,6.46,35.1,47.1,0.118,3
2024-03-04,児島,2,6,3.61,3.45,39.5,41.2,0.116,5
2024-03-04,宮島,3,1,3.52,4.51,42.4,31.8,0.184,1
2024-03-04,宮島,3,2,7.43,7.08,26.0,21.7,0.151,2
2024-03-04,宮島,3,3,5.26,5.54,32.1,28.4,0.204,5
2024-03-04,宮島,3,4,5.68,6.29,25.9,28.6,0.251,4
2024-03-04,宮島,3,5,4.37,4.24,31.2,26.7,0.147,3
2024-03-04,宮島,3,6,5.43,5.78,22.8,25.0,0.19,6
2024-03-04,唐津,4,1,6.71,8.04,34.8,38.6,0.172,1
2024-03-04,唐津,4,2,2.82,2.6,37.4,37.1,0.134,5
2024-03-04,唐津,4,3,6.58,6.64,33.7,32.0,0.166,2
2024-03-04,唐津,4,4,6.98,6.72,28.6,29.4,0.197,3
2024-03-04,唐津,4,5,5.75,6.07,38.0,33.5,0.124,4
2024-03-04,唐津,4,6,5.57,5.83,32.6,31.7,0.211,6
2024-03-05,常滑,5,1,6.31,5.63,32.3,38.3,0.157,2
2024-03-05,常滑,5,2,6.3,5.3,32.3,28.3,0.21,1
2024-03-05,常滑,5,3,5.95,7.02,32.7,34.7,0.176,3
2024-03-05,常滑,5,4,6.72,7.25,42.5,34.5,0.149,5
2024-03-05,常滑,5,5,5.07,4.09,37.9,39.2,0.161,6
2024-03-05,常滑,5,6,5.48,5.64,37.6,45.2,0.131,4
2024-03-05,丸亀,6,1,6.92,6.54,38.6,37.4,0.197,1
2024-03-05,丸亀,6,2,5.89,6.46,27.0,34.5,0.099,5
2024-03-05,丸亀,6,3,4.6,3.69,38.9,40.3,0.151,2
2024-03-05,丸亀,6,4,5.2,5.06,36.2,36.4,0.145,3
2024-03-05,丸亀,6,5,4.91,5.42,32.3,43.0,0.153,4
2024-03-05,丸亀,6,6,4.23,3.83,38.6,37.2,0.156,6
2024-03-05,戸田,7,1,6.3,6.57,23.7,36.4,0.145,1
2024-03-05,戸田,7,2,6.35,5.92,36.8,39.5,0.167,3
2024-03-05,戸田,7,3,4.37,3.99,26.3,40.2,0.165,4
2024-03-05,戸田,7,4,5.43,4.67,15.0,41.5,0.202,6
2024-03-05,戸田,7,5,4.71,4.85,32.5,29.0,0.143,2
2024-03-05,戸田,7,6,4.88,5.02,33.6,29.6,0.162,5
2024-03-05,多摩川,8,1,6.7,6.04,34.7,35.1,0.144,1
2024-03-05,多摩川,8,2,6.72,6.31,31.8,32.5,0.154,2
2024-03-05,多摩川,8,3,5.22,5.46,36.1,37.0,0.209,6
2024-03-05,多摩川,8,4,7.08,6.82,39.8,35.1,0.151,3
2024-03-05,多摩川,8,5,7.04,6.6,29.7,40.5,0.163,4
2024-03-05,多摩川,8,6,7.1,7.54,36.9,38.7,0.115,5
2024-03-06,大村,9,1,4.13,4.23,45.9,36.6,0.125,5
2024-03-06,大村,9,2,6.27,7.38,27.6,34.4,0.134,3
2024-03-06,大村,9,3,5.73,5.72,30.4,46.7,0.155,1
2024-03-06,大村,9,4,6.52,6.54,33.7,39.8,0.125,4
2024-03-06,大村,9,5,6.44,6.85,33.9,34.1,0.101,6
2024-03-06,大村,9,6,5.71,6.23,36.1,31.8,0.132,2
2024-03-06,三国,10,1,5.19,3.89,24.1,27.0,0.177,2
2024-03-06,三国,10,2,5.56,6.27,27.9,40.9,0.174,1
2024-03-06,三国,10,3,6.89,6.06,27.3,32.9,0.175,3
2024-03-06,三国,10,4,3.31,3.14,34.5,49.2,0.208,5
2024-03-06,三国,10,5,4.34,4.55,27.1,35.3,0.173,4
2024-03-06,三国,10,6,5.66,5.48,31.2,43.2,0.181,6
2024-03-06,若松,11,1,4.31,5.52,43.1,39.0,0.207,1
2024-03-06,若松,11,2,5.05,4.75,43.3,27.1,0.149,2
2024-03-06,若松,11,3,6.05,5.83,48.1,26.2,0.176,4
2024-03-06,若松,11,4,5.92,5.76,29.3,35.3,0.115,3
2024-03-06,若松,11,5,5.1,5.65,32.0,30.1,0.174,5
2024-03-06,若松,11,6,3.37,3.45,39.4,25.7,0.13,6
2024-03-06,住之江,12,1,4.33,3.61,46.9,41.3,0.117,1
2024-03-06,住之江,12,2,6.17,6.07,40.6,36.3,0.134,2
2024-03-06,住之江,12,3,4.51,4.52,32.6,29.7,0.194,3
2024-03-06,住之江,12,4,6.29,6.01,35.8,27.4,0.16,5
2024-03-06,住之江,12,5,3.69,3.68,34.7,39.0,0.17,6
2024-03-06,住之江,12,6,4.8,3.34,27.3,41.7,0.213,4
2024-03-07,徳山,1,1,6.58,7.28,36.7,32.2,0.147,2
2024-03-07,徳山,1,2,4.49,3.36,36.1,31.4,0.153,5
2024-03-07,徳山,1,3,5.99,5.58,39.1,25.1,0.197,3
2024-03-07,徳山,1,4,5.21,5.56,45.1,31.3,0.126,1
2024-03-07,徳山,1,5,5.42,6.31,30.4,36.3,0.138,4
2024-03-07,徳山,1,6,5.13,4.74,45.8,36.0,0.09,6
2024-03-07,津,2,1,3.56,3.24,41.1,25.9,0.182,4
2024-03-07,津,2,2,4.96,5.14,29.8,31.6,0.125,3
2024-03-07,津,2,3,6.76,6.36,43.3,21.3,0.129,2
2024-03-07,津,2,4,7.11,6.76,40.4,21.8,0.164,1
2024-03-07,津,2,5,5.36,3.74,36.2,38.8,0.206,5
2024-03-07,津,2,6,3.72,3.6,41.3,29.1,0.18,6
2024-03-07,芦屋,3,1,4.66,4.7,33.1,25.3,0.107,1
2024-03-07,芦屋,3,2,5.31,3.74,20.0,32.2,0.158,3
2024-03-07,芦屋,3,3,4.16,4.52,32.8,31.0,0.155,5
2024-03-07,芦屋,3,4,5.96,6.49,30.2,32.3,0.119,2
2024-03-07,芦屋,3,5,5.0,4.72,40.0,36.6,0.187,6
2024-03-07,芦屋,3,6,6.47,6.54,41.8,37.0,0.186,4
2024-03-07,蒲郡,4,1,4.94,6.66,27.2,33.6,0.158,1
2024-03-07,蒲郡,4,2,4.13,3.71,32.6,31.1,0.188,6
2024-03-07,蒲郡,4,3,5.8,6.69,41.3,27.2,0.08,2
2024-03-07,蒲郡,4,4,5.9,5.55,44.0,31.6,0.164,4
2024-03-07,蒲郡,4,5,5.72,5.46,31.5,40.5,0.168,5
2024-03-07,蒲郡,4,6,6.09,6.59,29.2,31.6,0.162,3
2024-03-08,びわこ,5,1,7.37,8.8,35.3,32.9,0.122,1
2024-03-08,びわこ,5,2,5.57,5.07,37.8,42.2,0.184,2
2024-03-08,びわこ,5,3,6.56,6.82,34.8,37.3,0.203,3
2024-03-08,びわこ,5,4,6.45,6.59,40.4,41.3,0.154,4
2024-03-08,びわこ,5,5,7.13,7.48,31.9,35.4,0.151,5
2024-03-08,びわこ,5,6,5.22,4.36,36.4,33.3,0.2,6
2024-03-08,下関,6,1,4.82,4.94,32.1,29.7,0.169,1
2024-03-08,下関,6,2,5.13,4.28,30.7,44.8,0.132,3
2024-03-08,下関,6,3,5.16,5.61,34.3,24.5,0.146,5
2024-03-08,下関,6,4,5.27,5.61,32.6,33.2,0.171,6
2024-03-08,下関,6,5,7.62,7.61,33.7,30.0,0.114,2
2024-03-08,下関,6,6,6.06,4.95,44.9,39.2,0.15,4
2024-03-08,平和島,7,1,5.13,4.75,23.0,24.2,0.136,2
2024-03-08,平和島,7,2,6.4,7.79,47.0,36.4,0.226,1
2024-03-08,平和島,7,3,4.88,6.27,27.6,31.5,0.151,4
2024-03-08,平和島,7,4,4.81,5.28,32.2,26.7,0.168,5
2024-03-08,平和島,7,5,4.25,3.73,29.5,39.8,0.176,6
2024-03-08,平和島,7,6,5.89,5.61,38.4,30.4,0.114,3
2024-03-08,江戸川,8,1,5.19,5.43,28.3,35.5,0.146,3
2024-03-08,江戸川,8,2,6.53,5.7,42.0,31.6,0.127,2
2024-03-08,江戸川,8,3,4.67,4.17,36.9,22.8,0.204,4
2024-03-08,江戸川,8,4,6.79,6.21,18.8,30.3,0.154,1
2024-03-08,江戸川,8,5,4.89,4.84,36.1,24.8,0.223,5
2024-03-08,江戸川,8,6,5.67,6.32,29.6,34.1,0.217,6
2024-03-09,鳴門,9,1,5.2,5.79,36.9,37.1,0.119,2
2024-03-09,鳴門,9,2,6.62,7.17,37.5,31.0,0.139,3
2024-03-09,鳴門,9,3,6.83,6.87,44.2,32.3,0.203,1
2024-03-09,鳴門,9,4,5.6,4.97,39.7,37.5,0.127,5
2024-03-09,鳴門,9,5,4.97,4.09,28.6,28.9,0.188,6
2024-03-09,鳴門,9,6,4.97,4.81,36.6,31.0,0.151,4
2024-03-09,福岡,10,1,4.38,4.04,35.8,31.7,0.179,1
2024-03-09,福岡,10,2,4.03,2.66,42.1,30.6,0.212,4
2024-03-09,福岡,10,3,4.65,4.99,33.2,34.2,0.128,3
2024-03-09,福岡,10,4,6.51,6.2,47.6,30.7,0.169,2
2024-03-09,福岡,10,5,3.49,4.76,45.1,41.0,0.101,5
2024-03-09,福岡,10,6,5.83,5.89,37.2,28.6,0.155,6
2024-03-09,尼崎,11,1,6.33,6.48,37.8,25.4,0.148,1
2024-03-09,尼崎,11,2,4.55,4.3,28.3,42.1,0.145,3
2024-03-09,尼崎,11,3,6.03,6.69,38.5,39.9,0.168,2
2024-03-09,尼崎,11,4,4.97,4.67,30.9,36.3,0.156,5
2024-03-09,尼崎,11,5,6.01,5.99,25.5,29.3,0.121,4
2024-03-09,尼崎,11,6,5.51,4.8,26.1,27.6,0.191,6
2024-03-09,桐生,12,1,4.37,4.1,26.8,32.5,0.163,2
2024-03-09,桐生,12,2,6.82,7.23,41.7,35.4,0.257,3
2024-03-09,桐生,12,3,8.05,8.28,37.9,40.3,0.167,1
2024-03-09,桐生,12,4,4.42,4.98,36.0,38.9,0.152,4
2024-03-09,桐生,12,5,5.9,6.6,26.1,28.2,0.15,6
2024-03-09,桐生,12,6,3.7,4.76,42.1,30.3,0.097,5
2024-03-10,浜名湖,1,1,5.63,4.73,48.9,37.4,0.086,1
2024-03-10,浜名湖,1,2,5.88,5.96,32.8,37.7,0.23,2
2024-03-10,浜名湖,1,3,3.6,3.5,25.8,29.2,0.171,6
2024-03-10,浜名湖,1,4,4.33,4.31,29.3,37.2,0.151,5
2024-03-10,浜名湖,1,5,5.13,5.57,34.0,33.9,0.14,3
2024-03-10,浜名湖,1,6,3.62,5.21,30.2,34.5,0.143,4
2024-03-10,児島,2,1,7.19,6.38,27.4,35.1,0.21,1
2024-03-10,児島,2,2,3.84,3.9,37.3,25.4,0.096,5
2024-03-10,児島,2,3,6.13,6.1,40.1,33.3,0.158,2
2024-03-10,児島,2,4,5.26,5.39,28.5,30.3,0.176,6
2024-03-10,児島,2,5,4.63,5.02,38.7,33.8,0.133,4
2024-03-10,児島,2,6,7.88,7.37,24.1,29.2,0.127,3
2024-03-10,宮島,3,1,6.46,6.08,32.4,26.8,0.202,2
2024-03-10,宮島,3,2,4.91,4.71,35.1,35.1,0.189,3
2024-03-10,宮島,3,3,5.77,4.86,32.7,23.1,0.221,4
2024-03-10,宮島,3,4,6.09,6.74,48.8,39.5,0.103,1
2024-03-10,宮島,3,5,3.02,2.51,26.1,33.8,0.173,6
2024-03-10,宮島,3,6,5.09,5.23,33.7,32.7,0.08,5
2024-03-10,唐津,4,1,6.04,5.54,32.4,33.1,0.237,2
2024-03-10,唐津,4,2,4.79,5.2,31.4,34.9,0.08,1
2024-03-10,唐津,4,3,5.34,4.55,44.2,32.3,0.152,3
2024-03-10,唐津,4,4,3.74,3.37,24.1,36.7,0.189,5
2024-03-10,唐津,4,5,3.75,3.49,27.3,34.8,0.165,6
2024-03-10,唐津,4,6,5.43,6.04,46.7,30.6,0.184,4
2024-03-11,常滑,5,1,4.31,5.35,41.0,35.3,0.192,1
2024-03-11,常滑,5,2,5.16,5.49,32.4,37.6,0.15,3
2024-03-11,常滑,5,3,5.0,5.29,38.0,31.7,0.191,4
2024-03-11,常滑,5,4,4.95,4.92,29.5,40.9,0.18,2
2024-03-11,常滑,5,5,4.01,4.15,29.3,34.3,0.203,6
2024-03-11,常滑,5,6,5.18,5.83,41.8,44.8,0.093,5
2024-03-11,丸亀,6,1,5.1,6.19,29.7,26.7,0.089,2
2024-03-11,丸亀,6,2,5.12,5.18,24.6,29.2,0.08,1
2024-03-11,丸亀,6,3,3.79,2.12,42.8,36.8,0.171,3
2024-03-11,丸亀,6,4,4.32,4.94,27.4,45.2,0.166,5
2024-03-11,丸亀,6,5,6.23,7.39,32.9,40.2,0.151,4
2024-03-11,丸亀,6,6,2.78,3.5,31.6,36.0,0.119,6
2024-03-11,戸田,7,1,4.9,4.76,26.2,42.2,0.137,5
2024-03-11,戸田,7,2,7.05,6.89,23.9,28.2,0.146,2
2024-03-11,戸田,7,3,5.59,5.43,40.6,41.6,0.132,3
2024-03-11,戸田,7,4,6.23,6.48,18.1,35.0,0.208,4
2024-03-11,戸田,7,5,7.69,7.72,27.6,37.4,0.169,1
2024-03-11,戸田,7,6,5.15,5.92,30.9,34.6,0.115,6
2024-03-11,多摩川,8,1,6.15,6.75,36.3,30.6,0.103,1
2024-03-11,多摩川,8,2,4.57,3.46,46.5,22.7,0.172,3
2024-03-11,多摩川,8,3,5.14,6.69,35.0,29.2,0.222,4
2024-03-11,多摩川,8,4,3.93,3.3,30.3,34.1,0.171,5
2024-03-11,多摩川,8,5,5.73,7.07,29.8,33.1,0.184,2
2024-03-11,多摩川,8,6,4.7,4.1,27.7,40.5,0.191,6
2024-03-12,大村,9,1,6.18,6.24,43.2,28.4,0.11,1
2024-03-12,大村,9,2,6.33,5.33,41.2,39.1,0.141,3
2024-03-12,大村,9,3,5.1,5.14,40.6,29.0,0.196,2
2024-03-12,大村,9,4,6.3,5.09,21.6,38.1,0.138,5
2024-03-12,大村,9,5,4.6,3.77,32.8,29.5,0.136,4
2024-03-12,大村,9,6,4.18,4.85,19.0,49.2,0.111,6
2024-03-12,三国,10,1,6.54,6.19,22.8,30.2,0.171,1
2024-03-12,三国,10,2,6.5,6.83,38.5,21.6,0.239,2
2024-03-12,三国,10,3,6.26,6.03,33.8,34.2,0.215,4
2024-03-12,三国,10,4,6.01,7.21,32.0,37.0,0.143,3
2024-03-12,三国,10,5,5.42,6.01,47.2,21.2,0.237,5
2024-03-12,三国,10,6,5.06,3.88,32.7,19.8,0.163,6
2024-03-12,若松,11,1,6.17,5.23,27.0,32.3,0.159,1
2024-03-12,若松,11,2,4.97,5.39,31.7,33.0,0.128,3
2024-03-12,若松,11,3,7.21,7.33,34.1,44.2,0.177,2
2024-03-12,若松,11,4,4.01,3.64,50.7,30.3,0.263,6
2024-03-12,若松,11,5,5.17,5.98,33.2,36.3,0.122,4
2024-03-12,若松,11,6,4.64,4.77,30.2,21.9,0.177,5
2024-03-12,住之江,12,1,6.83,7.52,36.4,34.0,0.171,2
2024-03-12,住之江,12,2,5.99,5.72,38.2,36.3,0.185,5
2024-03-12,住之江,12,3,6.8,6.93,41.4,34.3,0.139,4
2024-03-12,住之江,12,4,5.24,5.56,44.1,33.4,0.141,3
2024-03-12,住之江,12,5,6.72,6.79,31.4,38.5,0.113,6
2024-03-12,住之江,12,6,5.35,5.27,26.7,40.0,0.22,1
2024-03-13,徳山,1,1,7.46,7.51,36.9,44.9,0.083,1
2024-03-13,徳山,1,2,6.33,6.81,25.0,37.2,0.161,2
2024-03-13,徳山,1,3,4.57,4.3,28.7,34.3,0.152,5
2024-03-13,徳山,1,4,6.04,5.08,38.0,42.8,0.17,3
2024-03-13,徳山,1,5,5.36,5.8,28.3,38.8,0.111,4
2024-03-13,徳山,1,6,3.85,2.55,38.8,32.9,0.164,6
2024-03-13,津,2,1,4.65,4.69,39.0,31.2,0.117,1
2024-03-13,津,2,2,6.49,6.33,39.4,29.5,0.176,3
2024-03-13,津,2,3,4.54,4.61,35.4,43.1,0.102,5
2024-03-13,津,2,4,7.05,7.89,32.2,29.8,0.142,2
2024-03-13,津,2,5,5.59,5.81,39.3,27.4,0.12,6
2024-03-13,津,2,6,4.02,3.96,37.2,49.6,0.179,4
2024-03-13,芦屋,3,1,6.21,6.46,32.5,26.4,0.154,1
2024-03-13,芦屋,3,2,6.11,6.02,39.0,24.1,0.195,2
2024-03-13,芦屋,3,3,3.8,2.95,30.5,40.9,0.186,5
2024-03-13,芦屋,3,4,5.49,5.42,23.7,27.9,0.087,3
2024-03-13,芦屋,3,5,2.68,2.19,28.3,29.1,0.13,6
2024-03-13,芦屋,3,6,5.04,5.19,40.4,39.5,0.184,4
2024-03-13,蒲郡,4,1,5.29,6.4,42.4,31.0,0.191,3
2024-03-13,蒲郡,4,2,6.81,7.06,37.8,23.7,0.25,1
2024-03-13,蒲郡,4,3,5.25,5.94,33.6,28.8,0.184,5
2024-03-13,蒲郡,4,4,6.16,6.24,43.1,26.6,0.205,2
2024-03-13,蒲郡,4,5,7.42,7.02,48.3,38.3,0.188,6
2024-03-13,蒲郡,4,6,5.97,6.38,29.1,26.9,0.132,4
2024-03-14,びわこ,5,1,6.65,6.75,36.6,25.5,0.171,1
2024-03-14,びわこ,5,2,4.89,5.52,27.2,32.8,0.182,2
2024-03-14,びわこ,5,3,4.87,5.07,37.0,27.1,0.083,3
2024-03-14,びわこ,5,4,6.01,6.08,25.4,30.1,0.146,4
2024-03-14,びわこ,5,5,5.37,6.72,29.4,34.9,0.132,6
2024-03-14,びわこ,5,6,4.5,4.36,31.0,36.1,0.168,5
2024-03-14,下関,6,1,6.85,7.06,21.8,42.7,0.163,1
2024-03-14,下関,6,2,6.7,6.26,42.6,30.6,0.179,2
2024-03-14,下関,6,3,4.99,4.43,29.9,35.1,0.154,6
2024-03-14,下関,6,4,6.71,6.64,21.7,32.2,0.163,4
2024-03-14,下関,6,5,6.45,7.04,33.4,37.9,0.108,3
2024-03-14,下関,6,6,5.85,6.16,32.3,34.3,0.136,5
2024-03-14,平和島,7,1,5.6,5.62,34.2,27.2,0.12,2
2024-03-14,平和島,7,2,5.1,4.38,26.7,32.3,0.186,3
2024-03-14,平和島,7,3,6.09,6.69,40.5,31.4,0.146,4
2024-03-14,平和島,7,4,4.7,4.99,27.2,42.3,0.211,5
2024-03-14,平和島,7,5,6.34,5.47,27.5,31.7,0.16,1
2024-03-14,平和島,7,6,4.52,5.72,37.1,35.8,0.184,6
2024-03-14,江戸川,8,1,4.58,3.59,49.3,36.2,0.21,1
2024-03-14,江戸川,8,2,5.98,6.33,29.8,33.5,0.138,4
2024-03-14,江戸川,8,3,4.69,5.46,40.5,33.3,0.1,2
2024-03-14,江戸川,8,4,6.3,6.26,26.0,36.6,0.198,6
2024-03-14,江戸川,8,5,5.98,4.87,35.6,44.7,0.163,3
2024-03-14,江戸川,8,6,5.07,5.07,51.8,42.2,0.149,5
2024-03-15,鳴門,9,1,6.75,6.7,29.4,29.8,0.136,1
2024-03-15,鳴門,9,2,3.83,4.56,37.7,40.0,0.148,3
2024-03-15,鳴門,9,3,5.57,6.29,40.8,36.2,0.137,4
2024-03-15,鳴門,9,4,4.59,4.2,31.2,26.4,0.219,5
2024-03-15,鳴門,9,5,3.35,2.68,25.5,35.5,0.198,6
2024-03-15,鳴門,9,6,6.03,5.86,43.2,42.3,0.171,2
2024-03-15,福岡,10,1,5.32,5.21,27.6,30.8,0.201,1
2024-03-15,福岡,10,2,6.82,6.11,25.4,34.8,0.188,3
2024-03-15,福岡,10,3,6.03,6.6,42.6,33.3,0.158,5
2024-03-15,福岡,10,4,5.42,5.59,45.0,26.3,0.13,4
2024-03-15,福岡,10,5,6.31,4.77,27.3,46.5,0.183,6
2024-03-15,福岡,10,6,5.34,5.85,38.9,32.7,0.132,2
2024-03-15,尼崎,11,1,5.84,5.45,33.4,32.5,0.137,1
2024-03-15,尼崎,11,2,6.72,7.85,45.2,33.0,0.212,2
2024-03-15,尼崎,11,3,7.21,6.45,45.5,30.4,0.201,4
2024-03-15,尼崎,11,4,6.32,6.15,21.7,28.1,0.151,3
2024-03-15,尼崎,11,5,3.14,2.42,29.8,32.7,0.168,6
2024-03-15,尼崎,11,6,3.87,4.05,32.7,39.4,0.141,5
2024-03-15,桐生,12,1,4.55,4.45,39.4,52.0,0.161,2
2024-03-15,桐生,12,2,5.51,6.2,38.3,40.3,0.173,1
2024-03-15,桐生,12,3,6.79,5.76,37.1,34.5,0.082,5
2024-03-15,桐生,12,4,4.94,4.5,35.9,23.2,0.186,6
2024-03-15,桐生,12,5,5.76,5.56,35.1,31.2,0.2,4
2024-03-15,桐生,12,6,7.41,7.19,45.2,30.6,0.154,3
2024-03-16,浜名湖,1,1,6.31,6.28,31.2,36.2,0.178,1
2024-03-16,浜名湖,1,2,6.24,5.84,38.2,41.5,0.144,3
2024-03-16,浜名湖,1,3,4.79,4.89,47.2,35.1,0.126,2
2024-03-16,浜名湖,1,4,5.62,6.3,25.4,28.5,0.158,5
2024-03-16,浜名湖,1,5,6.55,5.33,29.2,25.2,0.137,4
2024-03-16,浜名湖,1,6,6.01,6.57,39.3,21.8,0.171,6
2024-03-16,児島,2,1,6.01,6.72,40.4,39.4,0.159,1
2024-03-16,児島,2,2,4.35,4.64,35.1,32.7,0.171,6
2024-03-16,児島,2,3,6.28,6.76,35.7,38.5,0.124,3
2024-03-16,児島,2,4,4.83,4.69,52.5,32.7,0.197,2
2024-03-16,児島,2,5,7.52,7.6,39.6,32.9,0.13,5
2024-03-16,児島,2,6,4.62,5.49,37.1,33.1,0.161,4
2024-03-16,宮島,3,1,6.79,6.18,33.3,35.1,0.199,1
2024-03-16,宮島,3,2,5.19,5.5,42.3,36.4,0.225,2
2024-03-16,宮島,3,3,4.36,3.89,34.1,32.8,0.182,5
2024-03-16,宮島,3,4,7.13,7.62,45.5,29.5,0.145,3
2024-03-16,宮島,3,5,5.5,5.89,36.8,30.4,0.22,4
2024-03-16,宮島,3,6,3.86,3.5,35.3,38.2,0.158,6
2024-03-16,唐津,4,1,6.3,6.01,42.3,35.3,0.117,2
2024-03-16,唐津,4,2,5.08,5.37,39.9,27.4,0.186,4
2024-03-16,唐津,4,3,4.37,4.88,29.8,27.0,0.187,3
2024-03-16,唐津,4,4,4.76,5.41,42.2,31.0,0.231,6
2024-03-16,唐津,4,5,5.65,4.23,39.6,30.4,0.176,5
2024-03-16,唐津,4,6,6.58,7.47,48.4,16.5,0.181,1
2024-03-17,常滑,5,1,5.38,5.61,32.5,39.6,0.195,2
2024-03-17,常滑,5,2,6.56,6.13,33.3,41.0,0.165,1
2024-03-17,常滑,5,3,6.23,6.61,31.5,28.6,0.185,5
2024-03-17,常滑,5,4,5.8,5.71,41.3,34.1,0.114,4
2024-03-17,常滑,5,5,5.95,6.44,29.1,29.8,0.173,6
2024-03-17,常滑,5,6,5.38,5.98,38.1,45.2,0.172,3
2024-03-17,丸亀,6,1,5.01,5.2,38.1,26.1,0.171,5
2024-03-17,丸亀,6,2,5.45,5.6,34.2,40.9,0.18,2
2024-03-17,丸亀,6,3,5.56,6.23,41.1,42.1,0.158,3
2024-03-17,丸亀,6,4,7.49,7.53,47.4,39.6,0.148,1
2024-03-17,丸亀,6,5,6.13,5.77,30.8,24.3,0.205,4
2024-03-17,丸亀,6,6,5.53,5.82,37.4,35.2,0.182,6
2024-03-17,戸田,7,1,2.63,3.58,38.6,24.8,0.149,1
2024-03-17,戸田,7,2,4.3,4.69,50.5,42.9,0.163,3
2024-03-17,戸田,7,3,4.56,4.7,33.4,28.7,0.117,2
2024-03-17,戸田,7,4,5.59,5.04,32.8,43.5,0.22,5
2024-03-17,戸田,7,5,5.7,6.29,33.3,27.6,0.13,4
2024-03-17,戸田,7,6,4.74,4.03,34.1,40.2,0.187,6
2024-03-17,多摩川,8,1,3.83,3.4,48.2,38.9,0.167,5
2024-03-17,多摩川,8,2,3.91,3.48,26.5,29.7,0.15,6
2024-03-17,多摩川,8,3,6.5,7.14,54.3,31.6,0.163,3
2024-03-17,多摩川,8,4,4.67,4.56,38.5,29.3,0.18,1
2024-03-17,多摩川,8,5,4.39,3.08,36.2,28.4,0.169,2
2024-03-17,多摩川,8,6,5.79,6.52,41.3,32.4,0.123,4
2024-03-18,大村,9,1,3.84,2.85,39.8,22.6,0.186,1
2024-03-18,大村,9,2,5.99,6.16,40.6,41.4,0.134,2
2024-03-18,大村,9,3,5.0,4.56,39.8,33.5,0.161,3
2024-03-18,大村,9,4,4.95,5.62,22.3,35.5,0.178,5
2024-03-18,大村,9,5,4.72,5.27,32.8,22.6,0.113,4
2024-03-18,大村,9,6,4.53,5.31,44.6,32.8,0.179,6
2024-03-18,三国,10,1,5.27,5.3,38.6,21.3,0.098,3
2024-03-18,三国,10,2,5.17,5.25,36.3,46.0,0.183,2
2024-03-18,三国,10,3,4.91,5.37,39.7,37.9,0.156,4
2024-03-18,三国,10,4,6.91,6.42,19.9,38.8,0.185,5
2024-03-18,三国,10,5,4.95,6.58,31.7,26.7,0.143,1
2024-03-18,三国,10,6,4.78,4.54,37.0,31.4,0.164,6
2024-03-18,若松,11,1,3.58,3.3,26.2,42.8,0.155,3
2024-03-18,若松,11,2,3.65,2.9,33.7,25.8,0.199,6
2024-03-18,若松,11,3,5.53,5.7,33.8,38.5,0.136,5
2024-03-18,若松,11,4,6.56,6.68,35.7,31.9,0.161,4
2024-03-18,若松,11,5,5.13,4.12,36.0,33.0,0.175,1
2024-03-18,若松,11,6,6.93,6.2,28.1,37.7,0.124,2
2024-03-18,住之江,12,1,6.15,5.52,34.0,36.3,0.132,1
2024-03-18,住之江,12,2,5.23,5.19,28.9,29.2,0.184,2
2024-03-18,住之江,12,3,4.91,4.54,35.9,34.4,0.153,6
2024-03-18,住之江,12,4,5.0,4.62,35.2,40.6,0.191,3
2024-03-18,住之江,12,5,5.48,5.27,37.1,31.0,0.147,5
2024-03-18,住之江,12,6,5.31,5.25,47.3,37.0,0.146,4
2024-03-19,徳山,1,1,5.25,5.41,39.6,28.1,0.134,3
2024-03-19,徳山,1,2,6.31,5.63,24.2,40.5,0.187,2
2024-03-19,徳山,1,3,4.42,4.29,36.3,36.4,0.155,5
2024-03-19,徳山,1,4,6.34,6.07,31.1,31.3,0.142,1
2024-03-19,徳山,1,5,5.16,4.89,44.4,35.5,0.147,4
2024-03-19,徳山,1,6,4.84,4.81,34.1,30.5,0.146,6
2024-03-19,津,2,1,6.0,5.9,33.9,33.8,0.173,2
2024-03-19,津,2,2,6.81,6.15,39.0,36.7,0.121,1
2024-03-19,津,2,3,5.9,5.51,50.2,37.9,0.148,3
2024-03-19,津,2,4,4.66,4.78,35.2,25.7,0.124,6
2024-03-19,津,2,5,4.98,4.75,30.3,37.4,0.19,4
2024-03-19,津,2,6,3.27,3.16,38.5,33.3,0.168,5
2024-03-19,芦屋,3,1,5.2,5.96,26.8,33.7,0.122,3
2024-03-19,芦屋,3,2,5.81,6.16,35.7,25.9,0.167,1
2024-03-19,芦屋,3,3,6.31,7.5,38.5,28.0,0.141,2
2024-03-19,芦屋,3,4,6.36,5.68,40.8,37.5,0.13,5
2024-03-19,芦屋,3,5,4.64,4.61,32.7,35.1,0.119,4
2024-03-19,芦屋,3,6,3.3,3.05,31.0,42.7,0.176,6
2024-03-19,蒲郡,4,1,3.03,3.6,29.4,42.9,0.141,3
2024-03-19,蒲郡,4,2,5.55,6.21,34.9,16.8,0.135,4
2024-03-19,蒲郡,4,3,6.26,6.54,34.8,36.4,0.165,1
2024-03-19,蒲郡,4,4,7.22,7.33,33.5,25.4,0.138,2
2024-03-19,蒲郡,4,5,5.19,4.9,34.4,27.4,0.159,5
2024-03-19,蒲郡,4,6,4.55,4.1,40.5,36.6,0.161,6
2024-03-20,びわこ,5,1,5.7,5.68,39.2,25.5,0.211,2
2024-03-20,びわこ,5,2,5.42,5.7,42.5,39.0,0.188,1
2024-03-20,びわこ,5,3,5.22,5.63,45.0,29.5,0.112,5
2024-03-20,びわこ,5,4,6.72,7.41,32.4,35.2,0.175,4
2024-03-20,びわこ,5,5,3.58,3.25,33.1,35.7,0.162,6
2024-03-20,びわこ,5,6,5.65,4.17,55.4,38.6,0.189,3
2024-03-20,下関,6,1,5.09,5.57,26.3,32.8,0.168,1
2024-03-20,下関,6,2,6.39,5.73,26.6,31.9,0.187,5
2024-03-20,下関,6,3,4.82,5.27,36.4,30.9,0.164,4
2024-03-20,下関,6,4,5.97,6.04,29.5,31.2,0.146,3
2024-03-20,下関,6,5,5.74,5.25,33.6,35.7,0.196,6
2024-03-20,下関,6,6,7.25,7.25,39.8,32.0,0.126,2
2024-03-20,平和島,7,1,5.83,6.37,15.0,37.4,0.196,2
2024-03-20,平和島,7,2,5.75,6.12,31.9,33.4,0.177,4
2024-03-20,平和島,7,3,4.62,4.73,25.9,34.2,0.11,1
2024-03-20,平和島,7,4,5.41,5.07,28.6,31.0,0.084,3
2024-03-20,平和島,7,5,5.49,6.18,31.5,32.9,0.206,5
2024-03-20,平和島,7,6,4.91,5.51,42.8,36.9,0.126,6
2024-03-20,江戸川,8,1,4.81,5.66,41.4,37.0,0.159,2
2024-03-20,江戸川,8,2,4.78,6.2,27.1,23.5,0.164,1
2024-03-20,江戸川,8,3,4.91,4.87,28.0,33.5,0.125,6
2024-03-20,江戸川,8,4,3.97,3.64,47.4,33.6,0.166,3
2024-03-20,江戸川,8,5,4.77,4.19,38.4,26.8,0.171,4
2024-03-20,江戸川,8,6,4.34,4.03,46.3,27.8,0.136,5
2024-03-21,鳴門,9,1,5.16,4.36,41.1,31.4,0.202,2
2024-03-21,鳴門,9,2,4.92,5.18,35.6,30.1,0.155,3
2024-03-21,鳴門,9,3,5.43,3.89,36.0,41.7,0.189,1
2024-03-21,鳴門,9,4,4.98,5.25,32.2,33.4,0.156,5
2024-03-21,鳴門,9,5,6.27,6.52,40.5,28.4,0.183,4
2024-03-21,鳴門,9,6,3.23,2.2,35.2,30.0,0.159,6
2024-03-21,福岡,10,1,5.35,4.56,37.3,41.5,0.196,1
2024-03-21,福岡,10,2,6.47,6.45,46.9,38.0,0.223,3
2024-03-21,福岡,10,3,3.36,2.68,36.1,37.1,0.153,6
2024-03-21,福岡,10,4,4.28,3.87,41.6,34.2,0.163,2
2024-03-21,福岡,10,5,6.45,5.98,36.3,24.1,0.159,5
2024-03-21,福岡,10,6,3.72,4.62,48.4,36.8,0.191,4
2024-03-21,尼崎,11,1,6.43,6.49,41.6,31.3,0.117,1
2024-03-21,尼崎,11,2,8.02,8.25,33.7,40.9,0.123,2
2024-03-21,尼崎,11,3,4.02,4.3,36.7,31.7,0.138,3
2024-03-21,尼崎,11,4,4.61,5.32,32.6,41.3,0.131,5
2024-03-21,尼崎,11,5,4.96,4.81,40.2,22.1,0.185,4
2024-03-21,尼崎,11,6,5.4,5.45,33.5,38.0,0.162,6
2024-03-21,桐生,12,1,4.96,3.87,33.8,39.7,0.147,1
2024-03-21,桐生,12,2,6.26,6.36,36.0,36.7,0.184,2
2024-03-21,桐生,12,3,4.6,5.61,35.4,29.6,0.166,3
2024-03-21,桐生,12,4,4.05,4.8,34.1,45.5,0.182,5
2024-03-21,桐生,12,5,6.6,7.34,32.7,35.4,0.143,4
2024-03-21,桐生,12,6,4.06,3.96,20.8,37.4,0.086,6
2024-03-22,浜名湖,1,1,5.71,6.18,40.1,33.8,0.201,1
2024-03-22,浜名湖,1,2,6.32,6.55,35.3,29.7,0.08,4
2024-03-22,浜名湖,1,3,5.29,6.43,21.8,38.8,0.129,6
2024-03-22,浜名湖,1,4,4.56,4.76,34.8,39.0,0.165,2
2024-03-22,浜名湖,1,5,6.62,6.92,34.1,41.1,0.156,3
2024-03-22,浜名湖,1,6,5.1,4.72,15.0,38.0,0.122,5
2024-03-22,児島,2,1,5.44,5.53,44.6,46.3,0.171,3
2024-03-22,児島,2,2,7.52,7.46,34.7,34.6,0.176,2
2024-03-22,児島,2,3,4.86,4.81,47.6,43.2,0.175,5
2024-03-22,児島,2,4,5.19,5.79,31.7,34.8,0.145,4
2024-03-22,児島,2,5,5.45,5.46,31.2,33.7,0.163,1
2024-03-22,児島,2,6,4.79,4.72,39.8,40.4,0.167,6
2024-03-22,宮島,3,1,5.07,4.12,35.3,26.4,0.141,2
2024-03-22,宮島,3,2,6.37,5.88,28.2,28.9,0.098,1
2024-03-22,宮島,3,3,5.16,4.57,40.2,33.8,0.143,4
2024-03-22,宮島,3,4,6.09,6.14,47.4,41.6,0.137,3
2024-03-22,宮島,3,5,5.0,4.19,47.8,42.7,0.118,5
2024-03-22,宮島,3,6,3.85,4.48,34.8,32.4,0.203,6
2024-03-22,唐津,4,1,6.02,6.48,28.4,44.9,0.155,1
2024-03-22,唐津,4,2,4.85,4.7,33.4,40.8,0.146,3
2024-03-22,唐津,4,3,3.92,3.65,36.6,33.5,0.098,2
2024-03-22,唐津,4,4,4.49,5.62,33.9,47.1,0.183,5
2024-03-22,唐津,4,5,4.96,4.9,38.2,22.9,0.194,4
2024-03-22,唐津,4,6,5.17,3.6,38.2,38.4,0.17,6
2024-03-23,常滑,5,1,5.19,5.34,36.6,31.2,0.243,3
2024-03-23,常滑,5,2,7.07,7.7,21.4,35.6,0.196,2
2024-03-23,常滑,5,3,4.54,4.71,27.0,28.1,0.153,6
2024-03-23,常滑,5,4,6.97,7.19,42.3,27.1,0.121,1
2024-03-23,常滑,5,5,7.11,6.35,24.4,33.7,0.201,4
2024-03-23,常滑,5,6,5.17,4.39,44.9,38.1,0.17,5
2024-03-23,丸亀,6,1,4.64,5.16,20.8,37.4,0.179,1
2024-03-23,丸亀,6,2,5.17,4.3,28.8,40.7,0.15,6
2024-03-23,丸亀,6,3,4.84,4.81,33.5,25.0,0.14,3
2024-03-23,丸亀,6,4,6.82,6.76,31.6,42.0,0.154,4
2024-03-23,丸亀,6,5,5.29,5.7,45.7,31.2,0.179,5
2024-03-23,丸亀,6,6,6.52,6.68,36.9,28.3,0.149,2
2024-03-23,戸田,7,1,5.64,4.89,35.9,34.7,0.161,1
2024-03-23,戸田,7,2,5.27,4.53,37.4,41.7,0.19,2
2024-03-23,戸田,7,3,4.88,4.56,37.4,30.2,0.142,6
2024-03-23,戸田,7,4,4.58,4.13,31.4,41.1,0.114,4
2024-03-23,戸田,7,5,5.99,5.42,33.9,35.1,0.161,5
2024-03-23,戸田,7,6,6.3,7.18,28.2,32.5,0.192,3
2024-03-23,多摩川,8,1,4.77,5.11,39.6,39.9,0.192,3
2024-03-23,多摩川,8,2,6.28,6.62,41.7,29.1,0.191,2
2024-03-23,多摩川,8,3,4.28,5.03,29.7,28.1,0.174,5
2024-03-23,多摩川,8,4,5.76,5.62,37.0,38.8,0.159,1
2024-03-23,多摩川,8,5,6.23,5.75,40.9,37.6,0.165,4
2024-03-23,多摩川,8,6,7.02,7.46,25.1,36.6,0.156,6
2024-03-24,大村,9,1,6.19,6.88,39.4,33.9,0.165,1
2024-03-24,大村,9,2,3.99,4.6,32.9,44.6,0.222,6
2024-03-24,大村,9,3,5.72,7.4,29.8,36.4,0.153,2
2024-03-24,大村,9,4,5.15,5.14,40.3,29.4,0.178,4
2024-03-24,大村,9,5,5.92,6.12,29.8,34.9,0.136,5
2024-03-24,大村,9,6,6.55,5.5,38.9,38.2,0.14,3
2024-03-24,三国,10,1,6.14,5.74,21.6,36.4,0.135,2
2024-03-24,三国,10,2,5.04,3.67,32.8,42.8,0.08,3
2024-03-24,三国,10,3,4.52,4.29,28.9,37.8,0.16,6
2024-03-24,三国,10,4,4.15,3.91,43.0,27.0,0.175,5
2024-03-24,三国,10,5,3.47,4.13,34.8,47.1,0.22,1
2024-03-24,三国,10,6,5.27,4.69,25.8,38.8,0.152,4
2024-03-24,若松,11,1,7.44,6.23,27.2,36.9,0.166,1
2024-03-24,若松,11,2,6.7,7.87,29.7,37.7,0.153,2
2024-03-24,若松,11,3,5.6,6.13,30.1,35.1,0.143,3
2024-03-24,若松,11,4,4.98,4.39,42.8,35.9,0.198,5
2024-03-24,若松,11,5,3.51,3.14,34.1,38.8,0.197,6
2024-03-24,若松,11,6,6.93,7.37,35.9,29.7,0.184,4
2024-03-24,住之江,12,1,5.78,5.69,30.0,27.8,0.114,1
2024-03-24,住之江,12,2,4.03,4.42,33.5,30.8,0.145,5
2024-03-24,住之江,12,3,6.31,6.66,35.2,26.1,0.1,2
2024-03-24,住之江,12,4,4.44,3.53,42.9,25.3,0.186,3
2024-03-24,住之江,12,5,5.67,6.25,25.6,26.9,0.154,4
2024-03-24,住之江,12,6,5.34,5.63,30.1,21.6,0.175,6
2024-03-25,徳山,1,1,5.76,5.92,41.4,27.5,0.18,1
2024-03-25,徳山,1,2,6.98,5.93,34.5,47.0,0.147,3
2024-03-25,徳山,1,3,7.17,8.66,35.9,29.9,0.14,2
2024-03-25,徳山,1,4,4.59,4.13,36.3,34.4,0.177,5
2024-03-25,徳山,1,5,4.23,4.68,36.8,30.7,0.151,6
2024-03-25,徳山,1,6,5.5,5.43,40.4,40.4,0.15,4
2024-03-25,津,2,1,4.72,4.86,27.6,34.9,0.161,2
2024-03-25,津,2,2,5.74,5.63,39.3,31.3,0.177,1
2024-03-25,津,2,3,5.59,6.07,30.7,32.0,0.096,4
2024-03-25,津,2,4,4.31,4.39,21.0,29.0,0.163,5
2024-03-25,津,2,5,3.79,3.56,52.7,38.7,0.166,6
2024-03-25,津,2,6,4.51,4.83,36.7,36.8,0.193,3
2024-03-25,芦屋,3,1,6.01,6.59,30.9,35.7,0.185,2
2024-03-25,芦屋,3,2,5.2,5.06,33.1,30.0,0.117,1
2024-03-25,芦屋,3,3,5.65,6.34,34.6,30.1,0.111,4
2024-03-25,芦屋,3,4,5.11,6.3,50.8,43.3,0.129,5
2024-03-25,芦屋,3,5,5.18,4.66,44.8,34.7,0.146,3
2024-03-25,芦屋,3,6,6.64,6.09,38.4,26.3,0.153,6
2024-03-25,蒲郡,4,1,4.61,4.37,33.5,29.6,0.197,2
2024-03-25,蒲郡,4,2,5.14,4.86,33.4,33.8,0.159,1
2024-03-25,蒲郡,4,3,4.99,3.89,35.3,38.0,0.124,3
2024-03-25,蒲郡,4,4,4.81,4.4,48.5,39.3,0.177,5
2024-03-25,蒲郡,4,5,5.81,5.7,38.2,28.8,0.158,4
2024-03-25,蒲郡,4,6,4.02,5.02,40.6,29.4,0.11,6
2024-03-26,びわこ,5,1,3.46,3.47,28.3,27.9,0.149,4
2024-03-26,びわこ,5,2,6.09,6.5,32.9,30.2,0.222,1
2024-03-26,びわこ,5,3,5.78,5.69,41.9,42.6,0.142,2
2024-03-26,びわこ,5,4,5.25,5.89,31.5,34.4,0.144,5
2024-03-26,びわこ,5,5,6.4,5.88,33.0,37.2,0.144,3
2024-03-26,びわこ,5,6,3.96,5.46,30.5,39.8,0.216,6
2024-03-26,下関,6,1,6.86,6.3,41.9,23.7,0.165,1
2024-03-26,下関,6,2,3.64,4.19,34.8,39.9,0.105,6
2024-03-26,下関,6,3,5.3,4.91,35.5,30.3,0.148,2
2024-03-26,下関,6,4,6.67,6.48,26.8,38.1,0.177,4
2024-03-26,下関,6,5,5.62,5.39,34.1,20.8,0.106,5
2024-03-26,下関,6,6,5.69,6.41,33.9,32.4,0.199,3
2024-03-26,平和島,7,1,4.37,3.62,44.5,46.6,0.185,1
2024-03-26,平和島,7,2,4.06,4.9,48.7,43.6,0.127,5
2024-03-26,平和島,7,3,5.29,5.93,30.5,34.1,0.14,4
2024-03-26,平和島,7,4,5.3,5.97,40.8,36.5,0.159,6
2024-03-26,平和島,7,5,5.41,5.86,35.9,35.8,0.159,3
2024-03-26,平和島,7,6,4.74,3.62,39.0,37.4,0.126,2
2024-03-26,江戸川,8,1,5.43,4.8,26.5,35.2,0.215,1
2024-03-26,江戸川,8,2,5.37,5.57,39.8,44.3,0.134,2
2024-03-26,江戸川,8,3,5.68,5.23,27.9,41.6,0.172,4
2024-03-26,江戸川,8,4,5.5,6.09,35.7,43.6,0.151,3
2024-03-26,江戸川,8,5,5.29,4.73,32.6,41.4,0.22,5
2024-03-26,江戸川,8,6,5.6,5.06,28.0,36.2,0.166,6
2024-03-27,鳴門,9,1,5.77,5.91,24.0,23.9,0.093,3
2024-03-27,鳴門,9,2,5.39,5.59,28.9,36.7,0.176,4
2024-03-27,鳴門,9,3,3.93,4.8,44.7,30.6,0.228,6
2024-03-27,鳴門,9,4,4.62,4.38,22.1,31.9,0.104,2
2024-03-27,鳴門,9,5,5.72,4.9,39.1,23.7,0.166,5
2024-03-27,鳴門,9,6,5.47,4.8,34.3,32.9,0.162,1
2024-03-27,福岡,10,1,3.35,2.98,47.6,26.6,0.134,1
2024-03-27,福岡,10,2,5.89,5.85,32.8,24.9,0.181,2
2024-03-27,福岡,10,3,4.74,4.75,40.5,25.2,0.106,6
2024-03-27,福岡,10,4,4.53,2.7,30.8,40.7,0.148,3
2024-03-27,福岡,10,5,2.52,2.46,44.7,43.4,0.143,5
2024-03-27,福岡,10,6,5.79,5.05,32.4,24.0,0.163,4
2024-03-27,尼崎,11,1,5.19,5.44,41.5,22.0,0.171,1
2024-03-27,尼崎,11,2,4.2,5.34,29.9,48.8,0.188,2
2024-03-27,尼崎,11,3,5.67,6.28,27.7,29.2,0.091,3
2024-03-27,尼崎,11,4,4.69,5.14,39.2,25.9,0.185,5
2024-03-27,尼崎,11,5,5.6,5.88,34.8,34.1,0.197,4
2024-03-27,尼崎,11,6,4.19,3.74,42.3,32.1,0.227,6
2024-03-27,桐生,12,1,4.38,4.88,45.9,18.6,0.18,1
2024-03-27,桐生,12,2,4.56,4.28,37.0,34.2,0.151,4
2024-03-27,桐生,12,3,5.69,5.29,35.6,30.5,0.167,3
2024-03-27,桐生,12,4,5.63,6.03,25.3,36.8,0.17,5
2024-03-27,桐生,12,5,5.23,3.55,35.5,31.5,0.08,2
2024-03-27,桐生,12,6,4.76,4.92,33.3,36.9,0.163,6
2024-03-28,浜名湖,1,1,6.7,7.28,27.7,27.3,0.188,1
2024-03-28,浜名湖,1,2,5.07,3.88,34.0,40.8,0.144,2
2024-03-28,浜名湖,1,3,7.14,7.66,44.9,37.7,0.202,3
2024-03-28,浜名湖,1,4,4.57,3.57,50.5,35.1,0.155,6
2024-03-28,浜名湖,1,5,4.38,2.69,50.7,33.5,0.162,5
2024-03-28,浜名湖,1,6,5.33,5.55,34.4,37.7,0.13,4
2024-03-28,児島,2,1,5.0,4.43,40.3,24.3,0.14,1
2024-03-28,児島,2,2,6.34,6.11,35.4,37.2,0.157,2
2024-03-28,児島,2,3,5.83,5.92,35.7,40.6,0.17,5
2024-03-28,児島,2,4,5.55,6.71,29.9,32.4,0.132,3
2024-03-28,児島,2,5,4.13,4.39,40.3,29.3,0.13,6
2024-03-28,児島,2,6,5.43,4.76,30.6,31.4,0.136,4
2024-03-28,宮島,3,1,5.6,6.43,43.2,32.2,0.164,1
2024-03-28,宮島,3,2,5.22,4.51,22.6,31.8,0.194,4
2024-03-28,宮島,3,3,3.53,3.41,30.6,35.7,0.121,2
2024-03-28,宮島,3,4,5.19,5.53,41.1,22.3,0.152,6
2024-03-28,宮島,3,5,5.41,6.04,37.9,31.0,0.17,5
2024-03-28,宮島,3,6,6.68,7.55,27.2,38.9,0.112,3
2024-03-28,唐津,4,1,5.79,5.79,26.6,37.4,0.171,2
2024-03-28,唐津,4,2,5.36,5.2,37.7,36.7,0.184,1
2024-03-28,唐津,4,3,4.78,5.98,15.0,39.7,0.131,4
2024-03-28,唐津,4,4,4.51,5.14,28.1,27.2,0.188,3
2024-03-28,唐津,4,5,4.7,6.14,32.7,43.3,0.125,6
2024-03-28,唐津,4,6,5.49,4.88,38.2,21.1,0.166,5
2024-03-29,常滑,5,1,5.78,6.57,34.5,39.0,0.145,1
2024-03-29,常滑,5,2,5.92,5.59,24.4,26.3,0.127,2
2024-03-29,常滑,5,3,5.26,5.08,38.3,38.3,0.209,6
2024-03-29,常滑,5,4,5.95,6.37,28.4,34.7,0.128,5
2024-03-29,常滑,5,5,5.82,4.8,28.9,29.2,0.163,4
2024-03-29,常滑,5,6,5.77,5.26,31.4,37.6,0.171,3
2024-03-29,丸亀,6,1,7.12,6.59,25.8,35.6,0.197,1
2024-03-29,丸亀,6,2,5.27,4.42,30.1,43.7,0.166,5
2024-03-29,丸亀,6,3,5.47,5.64,34.3,26.9,0.119,4
2024-03-29,丸亀,6,4,4.64,5.35,30.0,41.7,0.184,2
2024-03-29,丸亀,6,5,7.4,6.84,33.4,28.9,0.133,3
2024-03-29,丸亀,6,6,4.45,4.25,46.0,23.6,0.116,6
2024-03-29,戸田,7,1,4.28,3.59,34.8,35.2,0.152,2
2024-03-29,戸田,7,2,4.1,3.93,30.1,31.1,0.122,1
2024-03-29,戸田,7,3,5.85,6.95,31.4,34.3,0.151,5
2024-03-29,戸田,7,4,5.14,5.05,21.3,32.4,0.184,6
2024-03-29,戸田,7,5,5.05,5.39,43.8,33.5,0.176,4
2024-03-29,戸田,7,6,6.69,6.42,30.8,40.1,0.168,3
2024-03-29,多摩川,8,1,3.92,4.95,43.5,43.0,0.155,3
2024-03-29,多摩川,8,2,5.97,6.46,22.3,36.1,0.125,2
2024-03-29,多摩川,8,3,4.74,5.76,38.7,33.8,0.208,5
2024-03-29,多摩川,8,4,4.68,4.57,32.5,34.3,0.189,1
2024-03-29,多摩川,8,5,5.33,5.94,37.0,39.6,0.165,4
2024-03-29,多摩川,8,6,4.29,3.3,42.9,36.5,0.143,6
2024-03-30,大村,9,1,4.46,4.44,44.3,23.1,0.184,4
2024-03-30,大村,9,2,5.26,5.42,26.8,20.8,0.226,6
2024-03-30,大村,9,3,6.28,6.94,37.0,36.7,0.185,2
2024-03-30,大村,9,4,5.89,6.64,33.0,31.5,0.163,3
2024-03-30,大村,9,5,5.93,7.09,40.8,34.4,0.229,5
2024-03-30,大村,9,6,5.76,6.05,32.7,27.5,0.165,1
2024-03-30,三国,10,1,7.14,7.67,42.5,33.9,0.197,2
2024-03-30,三国,10,2,4.95,5.26,25.1,34.4,0.17,3
2024-03-30,三国,10,3,4.71,4.96,30.5,30.8,0.08,5
2024-03-30,三国,10,4,6.54,6.85,36.1,48.6,0.179,4
2024-03-30,三国,10,5,5.2,5.17,46.1,28.7,0.175,1
2024-03-30,三国,10,6,4.6,4.66,21.1,34.6,0.084,6
2024-03-30,若松,11,1,7.34,7.96,32.0,31.5,0.124,1
2024-03-30,若松,11,2,4.72,5.3,39.5,33.3,0.141,5
2024-03-30,若松,11,3,4.82,5.0,39.6,15.7,0.08,6
2024-03-30,若松,11,4,4.38,4.26,31.8,37.5,0.096,2
2024-03-30,若松,11,5,6.34,6.46,29.3,36.7,0.17,3
2024-03-30,若松,11,6,6.09,6.49,34.1,39.6,0.12,4
2024-03-30,住之江,12,1,4.76,4.29,41.7,47.2,0.207,1
2024-03-30,住之江,12,2,6.15,5.95,31.6,27.1,0.21,4
2024-03-30,住之江,12,3,4.7,4.32,36.4,30.8,0.161,6
2024-03-30,住之江,12,4,6.73,6.0,37.1,29.9,0.145,2
2024-03-30,住之江,12,5,6.03,5.8,38.4,33.9,0.199,5
2024-03-30,住之江,12,6,5.89,5.77,35.1,33.1,0.139,3
2024-03-31,徳山,1,1,4.66,5.18,39.9,20.5,0.138,2
2024-03-31,徳山,1,2,6.23,6.79,26.8,30.0,0.158,3
2024-03-31,徳山,1,3,6.12,6.7,39.2,40.5,0.193,4
2024-03-31,徳山,1,4,4.98,4.55,40.7,39.3,0.195,6
2024-03-31,徳山,1,5,5.03,5.19,43.7,36.2,0.168,1
2024-03-31,徳山,1,6,5.85,6.17,28.5,44.5,0.129,5
2024-03-31,津,2,1,5.08,5.61,40.0,35.1,0.168,1
2024-03-31,津,2,2,5.25,5.49,38.0,25.8,0.094,3
2024-03-31,津,2,3,6.27,6.4,31.4,30.2,0.189,4
2024-03-31,津,2,4,3.83,4.24,36.7,36.3,0.196,5
2024-03-31,津,2,5,5.97,5.87,20.5,35.8,0.155,6
2024-03-31,津,2,6,6.67,6.96,44.5,33.6,0.159,2
2024-03-31,芦屋,3,1,4.09,3.95,35.2,40.0,0.229,3
2024-03-31,芦屋,3,2,5.38,4.88,34.7,33.9,0.169,1
2024-03-31,芦屋,3,3,6.91,6.5,39.8,35.3,0.123,2
2024-03-31,芦屋,3,4,5.43,5.33,40.7,31.3,0.248,6
2024-03-31,芦屋,3,5,4.51,3.04,43.7,35.6,0.163,5
2024-03-31,芦屋,3,6,3.99,2.89,52.8,43.6,0.141,4
2024-03-31,蒲郡,4,1,5.45,6.23,41.9,36.5,0.199,4
2024-03-31,蒲郡,4,2,7.41,7.38,25.9,31.8,0.138,2
2024-03-31,蒲郡,4,3,5.72,4.33,43.8,44.3,0.124,3
2024-03-31,蒲郡,4,4,6.65,7.26,46.4,25.8,0.185,5
2024-03-31,蒲郡,4,5,7.76,7.18,26.5,40.7,0.182,1
2024-03-31,蒲郡,4,6,5.54,5.91,47.1,29.8,0.141,6
2024-04-01,びわこ,5,1,5.15,5.01,45.4,43.8,0.198,1
2024-04-01,びわこ,5,2,5.12,5.96,34.6,35.4,0.17,2
2024-04-01,びわこ,5,3,4.79,4.7,37.6,33.3,0.13,5
2024-04-01,びわこ,5,4,5.41,4.7,26.8,33.4,0.166,3
2024-04-01,びわこ,5,5,3.62,3.79,40.7,31.6,0.147,6
2024-04-01,びわこ,5,6,6.3,5.65,40.0,30.5,0.155,4
2024-04-01,下関,6,1,6.78,5.66,34.0,37.0,0.164,1
2024-04-01,下関,6,2,4.65,3.67,25.8,31.5,0.186,6
2024-04-01,下関,6,3,7.0,7.06,36.4,35.2,0.099,2
2024-04-01,下関,6,4,4.29,4.06,51.4,26.6,0.164,4
2024-04-01,下関,6,5,5.53,5.53,31.1,46.0,0.09,5
2024-04-01,下関,6,6,6.88,7.21,29.6,28.6,0.151,3
2024-04-01,平和島,7,1,6.66,6.76,49.3,36.5,0.17,1
2024-04-01,平和島,7,2,4.98,5.21,31.5,48.9,0.16,3
2024-04-01,平和島,7,3,6.39,6.07,37.8,33.4,0.135,2
2024-04-01,平和島,7,4,5.49,6.14,32.6,25.4,0.116,5
2024-04-01,平和島,7,5,5.22,5.25,38.6,26.5,0.168,6
2024-04-01,平和島,7,6,4.72,6.26,43.9,31.8,0.223,4
2024-04-01,江戸川,8,1,4.15,3.84,38.2,31.0,0.172,3
2024-04-01,江戸川,8,2,4.42,5.26,30.2,28.4,0.168,2
2024-04-01,江戸川,8,3,4.69,4.25,31.9,29.7,0.167,5
2024-04-01,江戸川,8,4,5.15,5.36,32.1,40.9,0.136,6
2024-04-01,江戸川,8,5,7.44,8.34,35.5,39.0,0.172,1
2024-04-01,江戸川,8,6,6.08,6.26,44.0,22.9,0.188,4
2024-04-02,鳴門,9,1,3.88,3.66,18.4,30.5,0.174,3
2024-04-02,鳴門,9,2,5.44,4.77,39.0,28.6,0.192,4
2024-04-02,鳴門,9,3,5.02,5.91,32.2,40.1,0.164,6
2024-04-02,鳴門,9,4,6.4,6.66,35.0,33.3,0.167,1
2024-04-02,鳴門,9,5,5.07,4.45,16.9,33.3,0.152,5
2024-04-02,鳴門,9,6,5.85,6.53,47.2,33.4,0.131,2
2024-04-02,福岡,10,1,5.44,6.11,26.0,35.2,0.174,3
2024-04-02,福岡,10,2,7.0,6.57,34.0,44.1,0.097,1
2024-04-02,福岡,10,3,4.96,4.98,29.3,42.2,0.121,2
2024-04-02,福岡,10,4,5.94,5.89,33.1,32.4,0.196,4
2024-04-02,福岡,10,5,5.32,4.67,36.1,37.2,0.159,5
2024-04-02,福岡,10,6,3.49,4.99,33.7,27.2,0.099,6
2024-04-02,尼崎,11,1,6.03,5.96,23.6,42.3,0.143,2
2024-04-02,尼崎,11,2,6.69,7.0,20.9,24.1,0.146,1
2024-04-02,尼崎,11,3,5.25,6.82,55.9,33.8,0.188,3
2024-04-02,尼崎,11,4,5.29,4.41,42.6,33.0,0.176,6
2024-04-02,尼崎,11,5,4.6,5.62,35.6,35.4,0.145,5
2024-04-02,尼崎,11,6,6.42,6.09,39.2,31.4,0.117,4
2024-04-02,桐生,12,1,6.03,5.97,28.4,24.7,0.202,1
2024-04-02,桐生,12,2,4.74,5.64,34.6,36.8,0.205,5
2024-04-02,桐生,12,3,4.64,3.6,37.2,36.8,0.191,4
2024-04-02,桐生,12,4,5.52,6.22,27.9,36.4,0.179,3
2024-04-02,桐生,12,5,7.15,7.42,44.6,39.5,0.154,2
2024-04-02,桐生,12,6,6.53,6.55,34.3,27.9,0.155,6
2024-04-03,浜名湖,1,1,4.51,3.76,33.3,39.6,0.121,3
2024-04-03,浜名湖,1,2,5.25,7.07,31.0,35.7,0.146,2
2024-04-03,浜名湖,1,3,6.87,6.78,43.4,27.6,0.168,5
2024-04-03,浜名湖,1,4,5.61,5.25,36.8,27.4,0.169,1
2024-04-03,浜名湖,1,5,4.85,4.38,26.8,31.7,0.175,6
2024-04-03,浜名湖,1,6,5.58,6.36,32.9,35.9,0.19,4
2024-04-03,児島,2,1,7.07,7.93,35.4,39.2,0.178,2
2024-04-03,児島,2,2,6.08,6.47,36.2,44.5,0.148,1
2024-04-03,児島,2,3,7.53,8.82,37.1,33.1,0.105,3
2024-04-03,児島,2,4,7.88,6.95,24.3,39.2,0.183,4
2024-04-03,児島,2,5,5.37,5.59,24.5,39.9,0.114,6
2024-04-03,児島,2,6,5.63,5.23,23.9,32.1,0.158,5
2024-04-03,宮島,3,1,5.89,5.89,41.2,43.5,0.148,1
2024-04-03,宮島,3,2,2.48,2.28,39.9,27.4,0.207,4
2024-04-03,宮島,3,3,6.78,6.48,28.0,31.2,0.151,3
2024-04-03,宮島,3,4,4.03,3.73,41.8,36.6,0.208,5
2024-04-03,宮島,3,5,5.06,4.87,36.1,36.9,0.222,6
2024-04-03,宮島,3,6,5.58,6.41,29.6,26.2,0.184,2
2024-04-03,唐津,4,1,6.4,6.48,37.0,19.5,0.203,1
2024-04-03,唐津,4,2,5.37,6.9,32.8,24.6,0.217,4
2024-04-03,唐津,4,3,5.25,5.16,40.2,38.7,0.156,5
2024-04-03,唐津,4,4,4.51,4.92,30.7,38.3,0.137,3
2024-04-03,唐津,4,5,6.89,6.22,26.8,37.5,0.151,2
2024-04-03,唐津,4,6,5.27,6.55,27.8,32.4,0.166,6
2024-04-04,常滑,5,1,5.74,7.66,22.8,35.7,0.249,2
2024-04-04,常滑,5,2,6.5,6.63,25.0,36.4,0.129,3
2024-04-04,常滑,5,3,3.9,4.34,18.1,33.0,0.205,5
2024-04-04,常滑,5,4,5.05,4.91,32.0,50.3,0.158,4
2024-04-04,常滑,5,5,4.67,4.38,39.3,30.4,0.132,6
2024-04-04,常滑,5,6,5.05,5.15,31.6,32.9,0.134,1
2024-04-04,丸亀,6,1,7.05,7.36,43.2,30.0,0.108,1
2024-04-04,丸亀,6,2,6.75,6.15,29.4,40.6,0.151,4
2024-04-04,丸亀,6,3,5.78,5.83,32.9,35.5,0.135,3
2024-04-04,丸亀,6,4,6.06,5.42,33.5,27.1,0.186,6
2024-04-04,丸亀,6,5,6.34,6.96,42.2,38.3,0.133,2
2024-04-04,丸亀,6,6,4.49,5.89,37.0,37.6,0.117,5
2024-04-04,戸田,7,1,7.56,6.93,42.3,32.4,0.208,1
2024-04-04,戸田,7,2,4.96,5.69,29.7,41.1,0.142,2
2024-04-04,戸田,7,3,5.98,5.73,29.6,33.0,0.201,3
2024-04-04,戸田,7,4,4.73,6.73,23.9,32.6,0.179,5
2024-04-04,戸田,7,5,5.38,5.13,24.6,36.7,0.12,6
2024-04-04,戸田,7,6,6.63,5.96,39.2,41.1,0.195,4
2024-04-04,多摩川,8,1,6.26,5.62,38.0,31.1,0.101,1
2024-04-04,多摩川,8,2,6.0,6.32,25.0,33.2,0.169,5
2024-04-04,多摩川,8,3,7.04,5.82,39.8,22.5,0.104,2
2024-04-04,多摩川,8,4,5.95,5.51,30.1,28.4,0.107,4
2024-04-04,多摩川,8,5,4.38,4.17,32.1,19.3,0.136,3
2024-04-04,多摩川,8,6,4.88,4.8,29.6,29.5,0.155,6
2024-04-05,大村,9,1,3.7,4.05,31.6,40.5,0.138,2
2024-04-05,大村,9,2,5.02,5.72,20.8,38.0,0.16,4
2024-04-05,大村,9,3,5.06,5.57,40.1,43.6,0.134,5
2024-04-05,大村,9,4,4.75,4.57,31.2,40.7,0.236,1
2024-04-05,大村,9,5,3.51,4.07,29.8,33.6,0.186,3
2024-04-05,大村,9,6,5.23,5.34,39.6,37.1,0.229,6
2024-04-05,三国,10,1,5.07,5.4,33.9,31.0,0.166,1
2024-04-05,三国,10,2,3.18,4.07,36.2,28.2,0.179,5
2024-04-05,三国,10,3,6.5,5.95,41.0,27.9,0.167,2
2024-04-05,三国,10,4,5.21,5.53,30.1,39.7,0.139,3
2024-04-05,三国,10,5,5.18,5.08,28.4,38.1,0.152,4
2024-04-05,三国,10,6,3.8,2.95,32.4,27.4,0.152,6
2024-04-05,若松,11,1,5.84,5.14,43.7,35.8,0.146,3
2024-04-05,若松,11,2,5.58,5.2,36.0,29.1,0.137,4
2024-04-05,若松,11,3,6.77,5.95,32.9,35.7,0.151,5
2024-04-05,若松,11,4,7.46,6.9,36.8,30.5,0.153,2
2024-04-05,若松,11,5,6.18,6.0,27.5,43.4,0.147,1
2024-04-05,若松,11,6,4.45,5.03,34.5,31.5,0.11,6
2024-04-05,住之江,12,1,4.55,3.15,39.7,30.5,0.11,3
2024-04-05,住之江,12,2,5.07,4.43,25.1,32.7,0.159,4
2024-04-05,住之江,12,3,6.28,5.46,44.1,35.4,0.15,1
2024-04-05,住之江,12,4,4.71,4.61,45.8,30.0,0.185,5
2024-04-05,住之江,12,5,5.28,5.8,25.9,35.4,0.081,6
2024-04-05,住之江,12,6,4.88,5.35,39.3,27.9,0.152,2
2024-04-06,徳山,1,1,4.36,4.01,32.5,37.5,0.159,1
2024-04-06,徳山,1,2,6.12,6.59,30.0,31.9,0.153,5
2024-04-06,徳山,1,3,5.44,5.78,47.9,34.6,0.147,6
2024-04-06,徳山,1,4,5.91,6.33,28.3,34.6,0.179,2
2024-04-06,徳山,1,5,6.67,6.49,40.4,33.1,0.148,3
2024-04-06,徳山,1,6,5.59,6.06,32.5,26.7,0.132,4
2024-04-06,津,2,1,4.94,4.71,39.8,37.9,0.122,1
2024-04-06,津,2,2,5.88,5.07,33.2,39.0,0.165,3
2024-04-06,津,2,3,7.68,8.19,48.5,37.6,0.134,2
2024-04-06,津,2,4,4.62,5.15,39.0,28.5,0.133,5
2024-04-06,津,2,5,5.73,6.49,35.0,45.0,0.188,4
2024-04-06,津,2,6,4.72,4.74,31.0,33.1,0.185,6
2024-04-06,芦屋,3,1,5.43,5.28,34.8,46.0,0.12,1
2024-04-06,芦屋,3,2,4.88,4.31,44.2,33.6,0.203,6
2024-04-06,芦屋,3,3,7.24,8.58,28.7,33.8,0.154,2
2024-04-06,芦屋,3,4,4.07,4.34,39.9,30.2,0.08,5
2024-04-06,芦屋,3,5,4.98,5.42,30.5,27.0,0.181,4
2024-04-06,芦屋,3,6,6.11,6.13,42.2,36.9,0.097,3
2024-04-06,蒲郡,4,1,5.38,5.04,27.9,26.0,0.167,1
2024-04-06,蒲郡,4,2,4.75,3.99,28.7,38.5,0.117,5
2024-04-06,蒲郡,4,3,3.71,3.87,39.5,41.2,0.144,6
2024-04-06,蒲郡,4,4,3.96,4.5,34.0,31.2,0.145,4
2024-04-06,蒲郡,4,5,5.42,6.12,19.8,39.0,0.141,3
2024-04-06,蒲郡,4,6,5.07,5.01,40.2,35.3,0.109,2
2024-04-07,びわこ,5,1,7.57,7.23,27.7,38.7,0.197,1
2024-04-07,びわこ,5,2,6.85,7.13,35.4,36.2,0.16,3
2024-04-07,びわこ,5,3,7.0,8.09,35.0,32.6,0.143,2
2024-04-07,びわこ,5,4,4.72,4.41,34.8,28.0,0.093,6
2024-04-07,びわこ,5,5,7.12,5.84,34.0,39.1,0.119,5
2024-04-07,びわこ,5,6,5.43,5.3,30.6,43.9,0.213,4
2024-04-07,下関,6,1,4.81,5.27,46.1,38.0,0.128,1
2024-04-07,下関,6,2,5.08,5.17,35.4,32.1,0.191,2
2024-04-07,下関,6,3,4.87,4.01,37.9,34.3,0.176,3
2024-04-07,下関,6,4,5.74,5.22,43.0,44.4,0.129,5
2024-04-07,下関,6,5,4.96,4.68,36.8,34.5,0.179,4
2024-04-07,下関,6,6,4.9,4.72,38.5,23.3,0.19,6
2024-04-07,平和島,7,1,4.75,5.13,35.0,48.5,0.091,2
2024-04-07,平和島,7,2,6.25,6.55,34.9,31.1,0.129,3
2024-04-07,平和島,7,3,7.53,8.14,40.3,36.7,0.096,1
2024-04-07,平和島,7,4,5.62,6.37,28.7,36.2,0.155,6
2024-04-07,平和島,7,5,4.72,5.0,36.3,23.4,0.206,4
2024-04-07,平和島,7,6,4.63,5.38,28.9,31.5,0.225,5
2024-04-07,江戸川,8,1,6.2,5.93,33.3,29.1,0.185,1
2024-04-07,江戸川,8,2,4.82,5.45,31.8,45.7,0.193,3
2024-04-07,江戸川,8,3,4.82,4.3,23.1,38.7,0.125,2
2024-04-07,江戸川,8,4,5.68,6.22,27.0,31.3,0.171,5
2024-04-07,江戸川,8,5,4.25,4.54,30.2,39.7,0.157,6
2024-04-07,江戸川,8,6,5.98,6.75,34.3,42.2,0.13,4
2024-04-08,鳴門,9,1,3.79,3.77,39.6,36.2,0.133,2
2024-04-08,鳴門,9,2,5.25,5.79,29.8,37.4,0.206,3
2024-04-08,鳴門,9,3,5.24,5.7,39.6,36.9,0.16,5
2024-04-08,鳴門,9,4,5.53,4.83,36.5,20.8,0.215,1
2024-04-08,鳴門,9,5,5.97,5.54,33.8,40.0,0.187,6
2024-04-08,鳴門,9,6,6.72,7.22,39.6,32.6,0.164,4
2024-04-08,福岡,10,1,5.84,5.07,44.7,35.3,0.145,2
2024-04-08,福岡,10,2,4.84,4.55,35.9,29.6,0.168,3
2024-04-08,福岡,10,3,4.83,6.22,35.0,36.7,0.168,1
2024-04-08,福岡,10,4,6.18,7.07,35.3,29.6,0.183,5
2024-04-08,福岡,10,5,5.66,5.62,38.0,25.7,0.148,4
2024-04-08,福岡,10,6,4.97,5.37,34.3,31.0,0.204,6
2024-04-08,尼崎,11,1,4.59,4.57,27.3,29.5,0.131,2
2024-04-08,尼崎,11,2,5.12,5.02,29.9,40.7,0.146,5
2024-04-08,尼崎,11,3,6.44,5.75,41.4,26.0,0.211,1
2024-04-08,尼崎,11,4,4.45,3.18,32.4,26.2,0.199,4
2024-04-08,尼崎,11,5,5.19,5.49,35.2,35.6,0.152,3
2024-04-08,尼崎,11,6,4.49,4.83,26.7,35.1,0.121,6
2024-04-08,桐生,12,1,4.54,4.96,31.4,25.4,0.164,4
2024-04-08,桐生,12,2,6.11,6.6,44.1,28.0,0.214,1
2024-04-08,桐生,12,3,3.62,4.93,46.6,27.8,0.171,5
2024-04-08,桐生,12,4,5.26,5.36,39.2,29.1,0.159,6
2024-04-08,桐生,12,5,5.77,6.15,35.4,40.7,0.186,2
2024-04-08,桐生,12,6,6.54,5.79,34.7,23.4,0.159,3
2024-04-09,浜名湖,1,1,4.52,3.63,23.9,40.8,0.116,2
2024-04-09,浜名湖,1,2,4.3,4.81,31.0,41.2,0.135,3
2024-04-09,浜名湖,1,3,6.14,6.71,26.7,31.8,0.157,6
2024-04-09,浜名湖,1,4,6.09,6.32,38.5,25.7,0.166,5
2024-04-09,浜名湖,1,5,6.41,6.1,39.6,45.6,0.145,4
2024-04-09,浜名湖,1,6,5.07,4.18,32.4,43.6,0.128,1
2024-04-09,児島,2,1,6.08,6.12,41.5,22.9,0.188,1
2024-04-09,児島,2,2,5.41,5.16,39.4,33.3,0.182,3
2024-04-09,児島,2,3,5.59,6.31,42.7,31.9,0.165,5
2024-04-09,児島,2,4,5.28,5.29,43.4,37.5,0.21,2
2024-04-09,児島,2,5,4.15,4.34,31.9,24.4,0.123,6
2024-04-09,児島,2,6,7.05,7.11,33.7,33.8,0.134,4
2024-04-09,宮島,3,1,6.06,5.49,35.7,39.2,0.105,1
2024-04-09,宮島,3,2,5.01,4.85,31.5,35.6,0.195,4
2024-04-09,宮島,3,3,6.41,7.03,30.9,35.6,0.147,3
2024-04-09,宮島,3,4,5.06,4.96,46.7,33.0,0.107,5
2024-04-09,宮島,3,5,5.7,5.41,35.5,40.0,0.143,2
2024-04-09,宮島,3,6,4.72,4.92,34.2,28.6,0.155,6
2024-04-09,唐津,4,1,4.14,3.84,42.5,38.8,0.18,3
2024-04-09,唐津,4,2,6.68,5.63,37.0,42.5,0.124,4
2024-04-09,唐津,4,3,6.61,7.35,34.2,45.0,0.178,1
2024-04-09,唐津,4,4,4.37,3.93,29.9,44.4,0.081,6
2024-04-09,唐津,4,5,6.19,6.29,15.0,31.8,0.15,2
2024-04-09,唐津,4,6,3.55,3.25,42.4,38.5,0.129,5
2024-04-10,常滑,5,1,5.28,5.66,38.1,43.0,0.199,1
2024-04-10,常滑,5,2,6.09,5.69,31.1,37.6,0.172,2
2024-04-10,常滑,5,3,5.35,4.89,31.4,41.7,0.129,4
2024-04-10,常滑,5,4,5.97,6.03,36.3,25.8,0.16,3
2024-04-10,常滑,5,5,4.64,4.33,33.2,39.1,0.225,6
2024-04-10,常滑,5,6,6.87,6.95,25.2,34.5,0.205,5
2024-04-10,丸亀,6,1,5.82,6.37,20.2,33.9,0.157,1
2024-04-10,丸亀,6,2,4.98,5.7,30.6,26.1,0.106,2
2024-04-10,丸亀,6,3,6.17,5.74,42.8,33.3,0.157,6
2024-04-10,丸亀,6,4,4.91,5.0,36.7,31.0,0.195,3
2024-04-10,丸亀,6,5,4.66,4.92,25.0,36.7,0.129,4
2024-04-10,丸亀,6,6,5.61,5.5,42.4,29.8,0.146,5
2024-04-10,戸田,7,1,6.32,7.12,33.0,30.0,0.146,1
2024-04-10,戸田,7,2,3.53,4.51,38.1,47.8,0.143,4
2024-04-10,戸田,7,3,5.72,5.71,42.0,34.3,0.159,3
2024-04-10,戸田,7,4,3.3,2.92,30.4,43.9,0.182,6
2024-04-10,戸田,7,5,6.06,5.98,46.5,33.1,0.114,2
2024-04-10,戸田,7,6,6.59,6.69,37.9,39.9,0.214,5
2024-04-10,多摩川,8,1,5.58,4.87,42.7,33.2,0.129,1
2024-04-10,多摩川,8,2,5.24,5.33,29.3,29.0,0.176,2
2024-04-10,多摩川,8,3,7.35,7.15,40.4,44.4,0.155,3
2024-04-10,多摩川,8,4,5.75,5.82,46.2,28.6,0.142,4
2024-04-10,多摩川,8,5,5.35,5.95,33.7,39.1,0.137,5
2024-04-10,多摩川,8,6,5.35,5.11,46.5,34.3,0.181,6
2024-04-11,大村,9,1,5.92,6.18,33.9,44.8,0.138,1
2024-04-11,大村,9,2,5.66,5.07,27.4,38.2,0.185,2
2024-04-11,大村,9,3,3.92,3.79,37.0,37.9,0.202,3
2024-04-11,大村,9,4,6.38,7.38,19.7,40.1,0.147,6
2024-04-11,大村,9,5,5.66,5.11,29.3,36.9,0.156,5
2024-04-11,大村,9,6,5.09,6.36,33.7,46.3,0.136,4
2024-04-11,三国,10,1,5.99,6.62,27.6,31.9,0.21,2
2024-04-11,三国,10,2,5.22,4.26,34.1,25.2,0.174,4
2024-04-11,三国,10,3,5.75,5.88,32.7,37.5,0.125,5
2024-04-11,三国,10,4,7.52,6.8,31.6,26.3,0.203,1
2024-04-11,三国,10,5,4.23,3.54,42.8,38.1,0.188,6
2024-04-11,三国,10,6,6.31,7.09,39.8,25.0,0.095,3
2024-04-11,若松,11,1,6.35,6.65,40.5,39.5,0.209,3
2024-04-11,若松,11,2,5.24,4.25,33.5,30.7,0.196,4
2024-04-11,若松,11,3,6.83,7.47,43.1,37.1,0.165,1
2024-04-11,若松,11,4,5.39,4.85,37.7,33.6,0.092,5
2024-04-11,若松,11,5,4.71,4.44,33.0,41.5,0.139,6
2024-04-11,若松,11,6,5.77,6.34,46.1,28.2,0.151,2
2024-04-11,住之江,12,1,5.36,5.07,33.3,36.0,0.168,1
2024-04-11,住之江,12,2,6.22,6.17,20.2,25.4,0.143,2
2024-04-11,住之江,12,3,4.13,3.91,35.7,30.3,0.155,4
2024-04-11,住之江,12,4,4.71,4.2,34.0,35.4,0.124,3
2024-04-11,住之江,12,5,4.46,4.74,24.0,39.2,0.14,6
2024-04-11,住之江,12,6,4.64,4.95,35.1,35.9,0.094,5
2024-04-12,徳山,1,1,5.45,4.97,41.5,40.2,0.141,1
2024-04-12,徳山,1,2,5.56,5.11,35.7,38.5,0.181,3
2024-04-12,徳山,1,3,5.8,5.19,29.1,36.8,0.222,6
2024-04-12,徳山,1,4,4.5,5.27,33.9,37.7,0.195,5
2024-04-12,徳山,1,5,5.03,4.69,38.3,37.5,0.142,4
2024-04-12,徳山,1,6,3.68,3.85,37.0,33.8,0.111,2
2024-04-12,津,2,1,5.44,5.72,28.6,40.0,0.142,2
2024-04-12,津,2,2,5.59,6.17,34.3,25.5,0.121,4
2024-04-12,津,2,3,6.66,6.41,35.1,40.8,0.14,1
2024-04-12,津,2,4,5.63,5.27,36.2,39.7,0.193,5
2024-04-12,津,2,5,8.1,8.27,32.9,29.7,0.126,3
2024-04-12,津,2,6,2.65,2.54,25.7,32.8,0.158,6
2024-04-12,芦屋,3,1,6.51,7.0,38.4,36.9,0.12,1
2024-04-12,芦屋,3,2,4.84,4.31,32.3,29.3,0.172,4
2024-04-12,芦屋,3,3,6.56,6.49,30.8,32.2,0.12,5
2024-04-12,芦屋,3,4,7.24,6.78,31.7,37.3,0.167,2
2024-04-12,芦屋,3,5,4.55,3.92,43.4,30.0,0.155,3
2024-04-12,芦屋,3,6,3.63,3.5,30.5,36.7,0.148,6
2024-04-12,蒲郡,4,1,6.25,5.74,30.7,37.9,0.175,2
2024-04-12,蒲郡,4,2,5.67,5.51,31.5,31.1,0.188,1
2024-04-12,蒲郡,4,3,7.22,6.61,33.2,33.8,0.153,4
2024-04-12,蒲郡,4,4,7.41,8.24,33.7,31.2,0.158,3
2024-04-12,蒲郡,4,5,5.04,5.46,45.6,38.8,0.201,5
2024-04-12,蒲郡,4,6,2.31,3.07,36.0,33.3,0.214,6
2024-04-13,びわこ,5,1,5.38,5.6,29.6,44.4,0.173,2
2024-04-13,びわこ,5,2,4.42,4.79,35.3,32.5,0.132,4
2024-04-13,びわこ,5,3,4.26,3.86,34.6,37.1,0.107,6
2024-04-13,びわこ,5,4,4.78,3.83,32.8,32.3,0.152,5
2024-04-13,びわこ,5,5,6.26,6.69,36.6,37.1,0.132,3
2024-04-13,びわこ,5,6,5.98,6.28,49.3,32.5,0.126,1
2024-04-13,下関,6,1,5.61,5.55,25.5,38.5,0.17,1
2024-04-13,下関,6,2,4.84,4.81,34.0,23.9,0.242,6
2024-04-13,下関,6,3,4.28,4.05,24.3,36.2,0.143,4
2024-04-13,下関,6,4,5.59,5.62,35.4,33.0,0.173,2
2024-04-13,下関,6,5,5.13,4.86,32.1,35.6,0.147,3
2024-04-13,下関,6,6,3.94,5.03,26.6,43.5,0.186,5
2024-04-13,平和島,7,1,4.44,4.71,45.8,42.0,0.125,2
2024-04-13,平和島,7,2,5.66,5.8,19.8,39.0,0.106,1
2024-04-13,平和島,7,3,6.03,5.97,39.3,34.8,0.142,5
2024-04-13,平和島,7,4,5.74,5.28,39.9,40.5,0.196,3
2024-04-13,平和島,7,5,6.66,7.08,43.9,34.4,0.174,4
2024-04-13,平和島,7,6,7.29,7.09,25.3,46.5,0.2,6
2024-04-13,江戸川,8,1,5.73,5.09,31.6,30.5,0.15,2
2024-04-13,江戸川,8,2,5.64,6.56,31.4,34.3,0.17,3
2024-04-13,江戸川,8,3,5.84,5.38,32.2,35.6,0.159,1
2024-04-13,江戸川,8,4,4.53,4.96,27.8,39.1,0.144,4
2024-04-13,江戸川,8,5,5.34,4.73,31.5,33.2,0.187,6
2024-04-13,江戸川,8,6,5.89,5.73,24.8,32.8,0.15,5
2024-04-14,鳴門,9,1,4.67,4.1,33.6,32.1,0.17,3
2024-04-14,鳴門,9,2,5.3,5.64,31.2,31.3,0.171,2
2024-04-14,鳴門,9,3,6.59,6.37,34.0,28.0,0.146,4
2024-04-14,鳴門,9,4,4.94,3.91,35.1,44.4,0.096,1
2024-04-14,鳴門,9,5,5.3,5.83,28.2,46.0,0.124,5
2024-04-14,鳴門,9,6,6.94,6.2,19.1,33.7,0.134,6
2024-04-14,福岡,10,1,4.96,5.62,29.3,43.7,0.161,5
2024-04-14,福岡,10,2,5.33,4.99,50.7,35.0,0.144,3
2024-04-14,福岡,10,3,6.87,6.31,23.4,41.8,0.182,1
2024-04-14,福岡,10,4,5.33,6.0,16.2,41.6,0.154,6
2024-04-14,福岡,10,5,5.36,7.2,30.8,40.6,0.08,2
2024-04-14,福岡,10,6,6.19,5.27,20.9,34.6,0.195,4
2024-04-14,尼崎,11,1,5.14,4.94,46.3,28.8,0.205,2
2024-04-14,尼崎,11,2,4.53,4.03,42.9,33.5,0.148,1
2024-04-14,尼崎,11,3,6.57,7.2,37.3,38.7,0.08,3
2024-04-14,尼崎,11,4,5.56,5.63,31.0,35.4,0.135,5
2024-04-14,尼崎,11,5,4.16,4.24,30.0,31.0,0.208,4
2024-04-14,尼崎,11,6,5.36,4.44,31.3,39.9,0.179,6
2024-04-14,桐生,12,1,6.54,6.44,44.9,26.2,0.205,2
2024-04-14,桐生,12,2,6.29,6.08,36.1,37.5,0.197,1
2024-04-14,桐生,12,3,5.84,5.49,47.0,35.2,0.152,4
2024-04-14,桐生,12,4,4.2,3.75,24.3,35.2,0.157,5
2024-04-14,桐生,12,5,4.15,3.9,30.5,39.9,0.108,6
2024-04-14,桐生,12,6,6.68,6.9,24.0,42.1,0.212,3
2024-04-15,浜名湖,1,1,4.71,4.87,40.6,37.7,0.174,2
2024-04-15,浜名湖,1,2,5.62,5.49,19.1,40.0,0.138,4
2024-04-15,浜名湖,1,3,4.99,4.15,26.5,23.2,0.176,6
2024-04-15,浜名湖,1,4,5.47,4.78,44.1,32.1,0.104,3
2024-04-15,浜名湖,1,5,5.58,6.44,32.3,30.2,0.15,5
2024-04-15,浜名湖,1,6,4.85,5.0,29.9,39.6,0.126,1
2024-04-15,児島,2,1,6.58,7.18,32.6,43.7,0.08,3
2024-04-15,児島,2,2,5.52,5.53,40.8,31.6,0.153,2
2024-04-15,児島,2,3,5.28,4.65,38.9,33.5,0.14,4
2024-04-15,児島,2,4,4.62,4.03,33.1,32.8,0.162,6
2024-04-15,児島,2,5,7.11,7.51,36.0,35.3,0.08,1
2024-04-15,児島,2,6,4.37,4.67,26.6,39.9,0.141,5
2024-04-15,宮島,3,1,6.2,5.79,21.8,28.5,0.153,1
2024-04-15,宮島,3,2,6.14,6.88,36.6,32.7,0.185,4
2024-04-15,宮島,3,3,4.92,4.64,41.5,42.9,0.206,5
2024-04-15,宮島,3,4,6.49,5.81,32.6,37.5,0.113,2
2024-04-15,宮島,3,5,4.64,5.65,42.5,28.6,0.165,6
2024-04-15,宮島,3,6,5.71,5.28,45.0,31.7,0.188,3
2024-04-15,唐津,4,1,5.13,5.91,49.7,39.3,0.188,3
2024-04-15,唐津,4,2,5.83,6.57,39.2,29.9,0.123,4
2024-04-15,唐津,4,3,5.99,5.59,35.2,42.8,0.1,1
2024-04-15,唐津,4,4,6.09,6.59,26.8,28.0,0.166,6
2024-04-15,唐津,4,5,5.41,4.01,42.2,33.8,0.144,5
2024-04-15,唐津,4,6,6.59,6.75,37.8,36.1,0.175,2
2024-04-16,常滑,5,1,3.78,3.76,29.8,29.5,0.144,1
2024-04-16,常滑,5,2,3.46,4.63,34.1,28.4,0.182,2
2024-04-16,常滑,5,3,3.65,3.37,36.9,28.9,0.176,5
2024-04-16,常滑,5,4,4.73,4.65,38.0,34.2,0.136,4
2024-04-16,常滑,5,5,3.28,4.56,32.1,32.2,0.169,6
2024-04-16,常滑,5,6,5.74,5.33,23.3,32.9,0.132,3
2024-04-16,丸亀,6,1,6.32,5.33,39.2,35.1,0.141,1
2024-04-16,丸亀,6,2,5.78,6.13,43.0,33.9,0.159,2
2024-04-16,丸亀,6,3,4.32,4.15,32.5,38.6,0.199,6
2024-04-16,丸亀,6,4,6.62,5.9,53.2,29.9,0.198,3
2024-04-16,丸亀,6,5,6.1,5.65,35.9,34.1,0.163,4
2024-04-16,丸亀,6,6,4.95,4.75,25.7,33.1,0.143,5
2024-04-16,戸田,7,1,7.86,8.19,39.9,49.0,0.132,1
2024-04-16,戸田,7,2,3.5,3.79,37.7,29.3,0.13,2
2024-04-16,戸田,7,3,5.16,6.11,33.2,33.0,0.154,3
2024-04-16,戸田,7,4,4.91,4.09,35.8,20.8,0.12,4
2024-04-16,戸田,7,5,3.29,2.35,41.9,26.0,0.159,5
2024-04-16,戸田,7,6,4.33,3.31,45.6,30.6,0.178,6
2024-04-16,多摩川,8,1,5.06,5.32,31.2,39.6,0.136,4
2024-04-16,多摩川,8,2,6.7,7.75,21.0,44.3,0.098,1
2024-04-16,多摩川,8,3,5.38,5.58,28.3,39.6,0.184,5
2024-04-16,多摩川,8,4,4.77,5.28,42.2,38.6,0.146,3
2024-04-16,多摩川,8,5,6.33,6.83,42.9,34.8,0.135,2
2024-04-16,多摩川,8,6,5.85,5.52,38.1,28.9,0.169,6
2024-04-17,大村,9,1,5.24,5.42,23.9,24.9,0.164,3
2024-04-17,大村,9,2,4.06,3.58,40.4,31.4,0.18,2
2024-04-17,大村,9,3,5.73,5.8,30.8,41.3,0.109,6
2024-04-17,大村,9,4,5.38,4.49,41.8,30.2,0.178,4
2024-04-17,大村,9,5,5.14,5.15,21.2,27.4,0.143,5
2024-04-17,大村,9,6,6.21,6.64,27.7,39.3,0.203,1
2024-04-17,三国,10,1,5.91,5.9,35.7,36.4,0.187,3
2024-04-17,三国,10,2,4.72,5.43,32.6,29.0,0.17,4
2024-04-17,三国,10,3,5.51,5.47,39.4,39.4,0.131,1
2024-04-17,三国,10,4,6.99,6.57,24.1,22.6,0.158,2
2024-04-17,三国,10,5,3.56,2.98,27.5,39.9,0.168,5
2024-04-17,三国,10,6,4.12,4.0,39.5,34.9,0.196,6
2024-04-17,若松,11,1,4.32,3.66,33.6,29.1,0.181,4
2024-04-17,若松,11,2,6.61,6.95,27.0,39.6,0.137,2
2024-04-17,若松,11,3,5.45,5.43,42.1,50.9,0.174,1
2024-04-17,若松,11,4,5.17,5.37,31.3,31.4,0.206,6
2024-04-17,若松,11,5,5.83,5.34,46.8,32.8,0.137,3
2024-04-17,若松,11,6,6.06,6.5,45.2,27.6,0.144,5
2024-04-17,住之江,12,1,5.28,4.56,41.4,33.6,0.151,1
2024-04-17,住之江,12,2,5.12,4.37,35.1,46.9,0.163,2
2024-04-17,住之江,12,3,5.19,5.05,38.4,18.1,0.116,3
2024-04-17,住之江,12,4,5.12,5.98,52.0,37.7,0.173,4
2024-04-17,住之江,12,5,6.89,6.29,31.5,34.9,0.17,6
2024-04-17,住之江,12,6,5.82,4.86,40.3,39.0,0.081,5
2024-04-18,徳山,1,1,3.95,3.24,27.8,40.6,0.17,4
2024-04-18,徳山,1,2,6.26,6.26,35.1,28.9,0.138,3
2024-04-18,徳山,1,3,4.22,5.2,35.8,30.6,0.194,6
2024-04-18,徳山,1,4,6.44,6.48,48.0,30.6,0.146,2
2024-04-18,徳山,1,5,4.14,4.28,27.5,35.8,0.137,1
2024-04-18,徳山,1,6,2.84,3.08,35.2,33.9,0.137,5
2024-04-18,津,2,1,4.27,3.98,25.0,36.3,0.13,5
2024-04-18,津,2,2,6.03,6.01,37.7,33.0,0.174,3
2024-04-18,津,2,3,4.27,4.38,32.5,32.4,0.169,1
2024-04-18,津,2,4,4.32,5.02,47.7,31.8,0.199,4
2024-04-18,津,2,5,4.74,4.23,32.9,31.3,0.148,2
2024-04-18,津,2,6,4.25,4.76,27.0,27.5,0.192,6
2024-04-18,芦屋,3,1,5.26,4.74,37.7,19.7,0.178,4
2024-04-18,芦屋,3,2,6.25,5.31,39.6,48.7,0.15,1
2024-04-18,芦屋,3,3,7.32,7.04,27.1,41.4,0.08,2
2024-04-18,芦屋,3,4,4.07,3.64,20.7,38.8,0.195,3
2024-04-18,芦屋,3,5,4.97,4.02,38.1,29.7,0.181,6
2024-04-18,芦屋,3,6,5.43,4.15,28.3,42.1,0.169,5
2024-04-18,蒲郡,4,1,5.92,5.59,37.2,41.0,0.122,1
2024-04-18,蒲郡,4,2,6.43,6.0,44.0,33.4,0.198,3
2024-04-18,蒲郡,4,3,5.65,5.46,30.3,34.9,0.167,4
2024-04-18,蒲郡,4,4,5.3,5.5,46.7,35.8,0.175,2
2024-04-18,蒲郡,4,5,5.48,5.71,40.2,33.2,0.121,5
2024-04-18,蒲郡,4,6,5.18,5.85,41.9,43.7,0.191,6
2024-04-19,びわこ,5,1,6.31,5.82,39.0,38.6,0.099,1
2024-04-19,びわこ,5,2,6.64,7.14,35.7,27.3,0.135,2
2024-04-19,びわこ,5,3,6.65,6.93,34.3,35.3,0.187,3
2024-04-19,びわこ,5,4,4.39,4.4,43.3,40.4,0.132,4
2024-04-19,びわこ,5,5,4.64,4.4,35.9,31.7,0.14,5
2024-04-19,びわこ,5,6,3.8,3.67,36.2,37.6,0.131,6
2024-04-19,下関,6,1,6.37,5.68,22.8,29.4,0.204,3
2024-04-19,下関,6,2,5.61,5.67,34.5,32.9,0.11,1
2024-04-19,下関,6,3,5.23,5.94,23.9,37.1,0.118,5
2024-04-19,下関,6,4,5.65,6.25,44.4,41.8,0.15,2
2024-04-19,下関,6,5,4.78,4.45,36.6,33.2,0.189,6
2024-04-19,下関,6,6,6.51,6.15,45.2,40.7,0.119,4
2024-04-19,平和島,7,1,4.96,5.45,45.2,39.4,0.134,3
2024-04-19,平和島,7,2,5.67,6.15,37.9,31.6,0.127,1
2024-04-19,平和島,7,3,5.24,6.34,26.9,31.9,0.137,2
2024-04-19,平和島,7,4,6.62,6.32,21.5,40.8,0.164,4
2024-04-19,平和島,7,5,3.9,4.13,33.5,34.8,0.173,6
2024-04-19,平和島,7,6,5.12,5.51,34.2,32.3,0.182,5
2024-04-19,江戸川,8,1,3.63,3.02,36.2,44.6,0.186,3
2024-04-19,江戸川,8,2,5.97,5.98,32.9,36.3,0.086,1
2024-04-19,江戸川,8,3,5.93,5.67,29.0,26.8,0.169,2
2024-04-19,江戸川,8,4,5.57,6.59,19.7,29.7,0.133,4
2024-04-19,江戸川,8,5,5.15,4.59,36.4,36.4,0.216,6
2024-04-19,江戸川,8,6,4.96,4.67,29.4,36.9,0.188,5
2024-04-20,鳴門,9,1,3.28,2.47,37.6,41.4,0.151,2
2024-04-20,鳴門,9,2,5.49,6.17,33.9,39.5,0.158,1
2024-04-20,鳴門,9,3,4.5,4.35,50.8,37.5,0.152,4
2024-04-20,鳴門,9,4,5.61,5.35,34.3,32.5,0.186,3
2024-04-20,鳴門,9,5,6.72,6.53,38.9,29.7,0.122,6
2024-04-20,鳴門,9,6,6.01,5.97,40.8,38.9,0.186,5
2024-04-20,福岡,10,1,7.21,7.62,34.9,31.5,0.127,1
2024-04-20,福岡,10,2,5.97,5.71,31.9,37.0,0.148,5
2024-04-20,福岡,10,3,4.77,4.46,41.4,30.0,0.181,3
2024-04-20,福岡,10,4,5.41,4.43,25.9,27.5,0.115,2
2024-04-20,福岡,10,5,4.54,3.81,31.5,33.4,0.102,6
2024-04-20,福岡,10,6,6.12,5.76,40.6,24.8,0.141,4
2024-04-20,尼崎,11,1,5.55,5.82,32.7,35.0,0.14,1
2024-04-20,尼崎,11,2,4.75,4.38,43.0,29.5,0.16,3
2024-04-20,尼崎,11,3,5.09,5.62,31.0,40.0,0.106,5
2024-04-20,尼崎,11,4,5.46,6.31,46.1,28.9,0.159,4
2024-04-20,尼崎,11,5,3.29,3.72,32.4,42.1,0.17,2
2024-04-20,尼崎,11,6,4.72,4.61,38.1,31.1,0.256,6
2024-04-20,桐生,12,1,4.62,3.92,31.4,35.5,0.14,1
2024-04-20,桐生,12,2,5.77,5.51,34.8,42.6,0.101,3
2024-04-20,桐生,12,3,8.03,8.62,28.8,34.7,0.152,2
2024-04-20,桐生,12,4,4.74,4.57,32.7,25.6,0.08,5
2024-04-20,桐生,12,5,5.9,5.65,38.4,38.4,0.184,4
2024-04-20,桐生,12,6,6.88,7.39,40.5,34.0,0.16,6
2024-04-21,浜名湖,1,1,5.25,5.76,48.3,35.3,0.143,1
2024-04-21,浜名湖,1,2,6.01,5.72,41.7,35.8,0.191,2
2024-04-21,浜名湖,1,3,4.46,4.02,37.7,29.4,0.184,4
2024-04-21,浜名湖,1,4,4.74,4.65,22.4,30.4,0.108,6
2024-04-21,浜名湖,1,5,5.16,5.6,29.2,24.4,0.141,3
2024-04-21,浜名湖,1,6,5.49,5.6,43.4,31.9,0.153,5
2024-04-21,児島,2,1,6.59,5.42,32.2,39.8,0.165,1
2024-04-21,児島,2,2,6.26,6.44,26.4,36.2,0.136,4
2024-04-21,児島,2,3,5.12,5.45,35.9,34.1,0.22,3
2024-04-21,児島,2,4,6.31,6.51,46.4,31.9,0.201,2
2024-04-21,児島,2,5,5.04,5.67,25.7,35.9,0.186,6
2024-04-21,児島,2,6,3.64,3.68,32.8,35.2,0.171,5
2024-04-21,宮島,3,1,6.98,7.15,32.7,36.9,0.106,1
2024-04-21,宮島,3,2,5.48,6.49,39.9,36.4,0.167,5
2024-04-21,宮島,3,3,5.35,5.54,42.0,36.7,0.185,3
2024-04-21,宮島,3,4,4.91,5.11,33.7,26.8,0.109,4
2024-04-21,宮島,3,5,6.85,7.71,29.4,43.1,0.215,2
2024-04-21,宮島,3,6,5.92,6.95,35.9,41.2,0.14,6
2024-04-21,唐津,4,1,5.3,5.13,32.2,34.6,0.129,2
2024-04-21,唐津,4,2,5.1,5.59,29.2,28.2,0.13,3
2024-04-21,唐津,4,3,4.14,4.66,33.0,39.5,0.148,1
2024-04-21,唐津,4,4,4.42,3.8,39.3,30.9,0.198,6
2024-04-21,唐津,4,5,5.94,5.47,23.2,42.7,0.154,4
2024-04-21,唐津,4,6,5.61,4.61,37.9,40.6,0.206,5
2024-04-22,常滑,5,1,5.77,5.33,39.6,30.9,0.204,3
2024-04-22,常滑,5,2,4.91,4.73,28.1,28.8,0.151,5
2024-04-22,常滑,5,3,7.4,7.63,37.2,28.9,0.167,1
2024-04-22,常滑,5,4,5.52,4.65,34.3,22.9,0.154,4
2024-04-22,常滑,5,5,4.82,4.63,40.9,41.3,0.162,6
2024-04-22,常滑,5,6,6.88,6.06,31.3,32.8,0.135,2
2024-04-22,丸亀,6,1,5.71,5.94,39.0,32.8,0.108,1
2024-04-22,丸亀,6,2,2.75,2.59,29.4,38.9,0.08,2
2024-04-22,丸亀,6,3,5.06,4.12,38.0,36.9,0.175,4
2024-04-22,丸亀,6,4,4.58,4.76,36.1,30.0,0.17,5
2024-04-22,丸亀,6,5,4.56,4.83,42.0,37.9,0.105,6
2024-04-22,丸亀,6,6,5.02,5.75,34.1,45.7,0.117,3
2024-04-22,戸田,7,1,3.79,3.17,35.7,37.1,0.147,5
2024-04-22,戸田,7,2,5.71,5.88,26.8,34.8,0.179,2
2024-04-22,戸田,7,3,6.93,7.8,36.1,46.4,0.132,1
2024-04-22,戸田,7,4,4.78,4.36,47.8,34.3,0.158,6
2024-04-22,戸田,7,5,6.98,7.08,32.4,35.6,0.204,3
2024-04-22,戸田,7,6,6.8,6.99,33.8,37.0,0.229,4
2024-04-22,多摩川,8,1,5.77,6.17,29.1,30.2,0.126,3
2024-04-22,多摩川,8,2,5.2,4.98,38.7,28.4,0.152,1
2024-04-22,多摩川,8,3,7.07,7.1,43.3,42.2,0.125,2
2024-04-22,多摩川,8,4,4.37,4.14,37.9,26.5,0.179,5
2024-04-22,多摩川,8,5,5.17,5.49,29.4,24.0,0.161,6
2024-04-22,多摩川,8,6,5.21,4.56,28.6,27.9,0.116,4
2024-04-23,大村,9,1,4.18,3.65,32.6,34.2,0.162,1
2024-04-23,大村,9,2,5.28,5.93,40.7,30.7,0.152,4
2024-04-23,大村,9,3,6.04,5.91,48.0,29.9,0.212,2
2024-04-23,大村,9,4,3.74,3.23,37.3,39.9,0.13,3
2024-04-23,大村,9,5,4.87,4.56,32.8,43.6,0.166,5
2024-04-23,大村,9,6,3.91,3.99,36.8,43.5,0.13,6
2024-04-23,三国,10,1,4.49,4.09,25.5,25.4,0.199,1
2024-04-23,三国,10,2,4.42,4.14,45.8,29.6,0.167,3
2024-04-23,三国,10,3,5.18,5.05,32.5,34.5,0.106,4
2024-04-23,三国,10,4,5.55,4.75,37.9,28.3,0.08,5
2024-04-23,三国,10,5,5.46,5.77,31.8,25.3,0.153,2
2024-04-23,三国,10,6,5.32,4.43,37.9,32.6,0.153,6
2024-04-23,若松,11,1,4.16,4.06,28.7,35.3,0.14,1
2024-04-23,若松,11,2,6.29,5.88,27.2,24.9,0.122,5
2024-04-23,若松,11,3,5.22,5.28,34.2,35.8,0.13,4
2024-04-23,若松,11,4,5.25,5.49,38.9,31.6,0.201,2
2024-04-23,若松,11,5,4.96,5.97,46.1,24.7,0.082,6
2024-04-23,若松,11,6,5.82,6.34,39.3,33.7,0.192,3
2024-04-23,住之江,12,1,6.79,7.17,40.6,31.6,0.158,1
2024-04-23,住之江,12,2,5.1,5.77,34.7,33.7,0.178,5
2024-04-23,住之江,12,3,7.08,6.87,46.3,29.4,0.13,2
2024-04-23,住之江,12,4,6.2,7.05,26.7,32.0,0.15,6
2024-04-23,住之江,12,5,5.45,5.61,31.4,27.9,0.164,3
2024-04-23,住之江,12,6,4.0,3.93,38.7,17.5,0.17,4
2024-04-24,徳山,1,1,3.71,5.1,25.7,32.3,0.208,4
2024-04-24,徳山,1,2,5.55,4.36,30.7,26.1,0.098,3
2024-04-24,徳山,1,3,6.2,5.74,30.4,36.4,0.19,6
2024-04-24,徳山,1,4,6.53,7.07,34.9,27.4,0.179,2
2024-04-24,徳山,1,5,7.1,6.74,45.7,31.8,0.178,1
2024-04-24,徳山,1,6,5.47,6.32,30.2,38.8,0.15,5
2024-04-24,津,2,1,3.8,3.13,32.1,44.9,0.145,1
2024-04-24,津,2,2,5.15,5.32,28.7,35.5,0.176,3
2024-04-24,津,2,3,4.52,5.05,48.2,38.6,0.183,6
2024-04-24,津,2,4,6.71,7.83,43.4,36.9,0.188,2
2024-04-24,津,2,5,4.69,4.45,42.6,35.5,0.085,4
2024-04-24,津,2,6,5.74,5.18,37.6,35.4,0.098,5
2024-04-24,芦屋,3,1,4.07,3.63,44.4,35.4,0.196,1
2024-04-24,芦屋,3,2,6.41,6.09,31.4,28.3,0.093,2
2024-04-24,芦屋,3,3,4.05,3.77,35.9,35.0,0.173,3
2024-04-24,芦屋,3,4,5.33,6.02,33.9,34.1,0.08,6
2024-04-24,芦屋,3,5,6.48,5.95,27.4,39.7,0.117,4
2024-04-24,芦屋,3,6,5.29,4.9,20.6,41.8,0.096,5
2024-04-24,蒲郡,4,1,4.72,4.88,28.0,37.6,0.168,1
2024-04-24,蒲郡,4,2,5.61,5.93,37.5,38.8,0.172,3
2024-04-24,蒲郡,4,3,4.47,3.42,35.2,39.6,0.127,6
2024-04-24,蒲郡,4,4,4.83,5.04,40.8,31.9,0.118,5
2024-04-24,蒲郡,4,5,6.05,6.01,41.9,30.9,0.19,4
2024-04-24,蒲郡,4,6,4.39,3.86,39.4,52.5,0.177,2
2024-04-25,びわこ,5,1,3.96,4.44,35.9,41.1,0.122,2
2024-04-25,びわこ,5,2,5.03,4.28,33.2,32.8,0.189,1
2024-04-25,びわこ,5,3,4.98,5.26,42.6,40.1,0.169,5
2024-04-25,びわこ,5,4,4.91,4.11,35.3,33.7,0.217,4
2024-04-25,びわこ,5,5,6.12,6.89,21.8,30.0,0.151,3
2024-04-25,びわこ,5,6,4.25,4.75,41.2,36.9,0.183,6
2024-04-25,下関,6,1,3.73,3.03,33.8,18.7,0.195,1
2024-04-25,下関,6,2,5.2,5.82,33.7,27.1,0.181,4
2024-04-25,下関,6,3,4.45,3.6,28.0,40.9,0.149,3
2024-04-25,下関,6,4,4.72,5.07,37.1,32.5,0.188,5
2024-04-25,下関,6,5,5.32,4.61,19.6,34.3,0.119,6
2024-04-25,下関,6,6,5.96,5.85,37.5,44.2,0.166,2
2024-04-25,平和島,7,1,5.17,5.2,51.8,30.0,0.148,1
2024-04-25,平和島,7,2,5.2,4.1,39.4,39.4,0.22,4
2024-04-25,平和島,7,3,4.12,4.5,27.7,33.9,0.145,3
2024-04-25,平和島,7,4,4.94,5.34,28.4,48.2,0.187,2
2024-04-25,平和島,7,5,4.42,4.29,31.6,28.9,0.208,5
2024-04-25,平和島,7,6,4.3,4.63,35.0,38.5,0.136,6
2024-04-25,江戸川,8,1,5.21,4.56,27.4,30.1,0.181,1
2024-04-25,江戸川,8,2,5.51,6.14,46.4,27.9,0.195,2
2024-04-25,江戸川,8,3,4.77,4.43,37.8,35.3,0.141,3
2024-04-25,江戸川,8,4,7.0,7.55,29.3,23.7,0.121,4
2024-04-25,江戸川,8,5,4.61,4.1,40.0,32.3,0.146,5
2024-04-25,江戸川,8,6,6.84,7.02,39.8,34.5,0.214,6
2024-04-26,鳴門,9,1,5.95,5.98,41.2,31.0,0.102,1
2024-04-26,鳴門,9,2,6.65,5.72,21.8,31.3,0.095,2
2024-04-26,鳴門,9,3,4.24,4.68,32.6,34.8,0.183,5
2024-04-26,鳴門,9,4,4.39,4.93,24.7,42.4,0.139,6
2024-04-26,鳴門,9,5,5.79,6.05,38.5,25.2,0.129,4
2024-04-26,鳴門,9,6,5.77,5.72,44.1,32.9,0.193,3
2024-04-26,福岡,10,1,5.87,6.83,33.0,34.9,0.152,1
2024-04-26,福岡,10,2,3.35,4.31,38.6,32.7,0.17,2
2024-04-26,福岡,10,3,5.78,6.18,43.4,35.1,0.186,4
2024-04-26,福岡,10,4,5.97,5.61,40.5,46.3,0.149,3
2024-04-26,福岡,10,5,5.84,6.38,32.2,34.0,0.229,6
2024-04-26,福岡,10,6,4.8,5.28,35.5,43.3,0.104,5
2024-04-26,尼崎,11,1,5.72,4.9,29.3,44.4,0.138,2
2024-04-26,尼崎,11,2,5.37,5.89,37.4,36.5,0.201,3
2024-04-26,尼崎,11,3,3.73,3.35,45.0,40.4,0.153,6
2024-04-26,尼崎,11,4,4.71,5.96,43.4,41.4,0.105,1
2024-04-26,尼崎,11,5,4.83,4.04,35.9,27.6,0.177,4
2024-04-26,尼崎,11,6,4.86,5.26,38.2,34.9,0.148,5
2024-04-26,桐生,12,1,4.44,4.16,26.4,33.8,0.157,2
2024-04-26,桐生,12,2,5.68,6.31,39.8,27.2,0.19,5
2024-04-26,桐生,12,3,5.79,5.86,46.7,33.5,0.157,4
2024-04-26,桐生,12,4,6.26,6.46,33.3,39.0,0.233,3
2024-04-26,桐生,12,5,6.9,6.59,34.5,35.1,0.102,1
2024-04-26,桐生,12,6,4.0,4.25,26.6,34.9,0.189,6
2024-04-27,浜名湖,1,1,2.95,3.11,43.9,44.7,0.184,3
2024-04-27,浜名湖,1,2,6.38,7.5,30.8,29.9,0.156,1
2024-04-27,浜名湖,1,3,3.42,2.04,26.2,30.4,0.176,6
2024-04-27,浜名湖,1,4,5.6,6.42,55.8,39.3,0.127,2
2024-04-27,浜名湖,1,5,5.42,5.64,41.8,38.7,0.116,4
2024-04-27,浜名湖,1,6,5.69,6.11,49.6,37.7,0.148,5
2024-04-27,児島,2,1,5.43,5.28,33.6,31.5,0.171,1
2024-04-27,児島,2,2,2.82,2.98,35.8,30.5,0.166,3
2024-04-27,児島,2,3,5.54,5.03,39.8,36.1,0.111,5
2024-04-27,児島,2,4,6.1,6.35,36.1,27.4,0.137,4
2024-04-27,児島,2,5,5.7,5.7,29.4,32.7,0.143,6
2024-04-27,児島,2,6,4.34,3.87,24.8,36.8,0.187,2
2024-04-27,宮島,3,1,3.83,4.58,25.2,24.8,0.188,3
2024-04-27,宮島,3,2,6.45,6.66,37.5,31.8,0.112,5
2024-04-27,宮島,3,3,5.5,5.44,26.8,27.3,0.13,1
2024-04-27,宮島,3,4,5.83,6.36,32.5,42.4,0.185,2
2024-04-27,宮島,3,5,4.55,4.89,42.4,23.7,0.191,6
2024-04-27,宮島,3,6,6.3,6.4,42.8,31.5,0.142,4
2024-04-27,唐津,4,1,6.63,6.93,41.3,33.7,0.145,1
2024-04-27,唐津,4,2,4.81,5.33,29.8,30.4,0.171,5
2024-04-27,唐津,4,3,3.41,3.03,32.6,43.4,0.183,2
2024-04-27,唐津,4,4,4.33,4.07,36.5,29.5,0.175,6
2024-04-27,唐津,4,5,5.72,6.41,17.0,33.8,0.169,4
2024-04-27,唐津,4,6,5.5,5.46,36.9,34.6,0.163,3
2024-04-28,常滑,5,1,6.39,5.61,49.4,41.2,0.141,1
2024-04-28,常滑,5,2,3.43,3.4,43.1,37.5,0.151,2
2024-04-28,常滑,5,3,5.94,6.17,33.0,37.4,0.249,5
2024-04-28,常滑,5,4,3.79,3.92,48.0,40.9,0.143,3
2024-04-28,常滑,5,5,3.97,4.35,29.1,30.9,0.141,6
2024-04-28,常滑,5,6,7.04,7.9,33.1,34.6,0.217,4
2024-04-28,丸亀,6,1,4.52,5.07,29.8,31.0,0.103,1
2024-04-28,丸亀,6,2,4.9,4.61,24.7,30.4,0.155,6
2024-04-28,丸亀,6,3,5.96,5.79,25.8,32.4,0.175,5
2024-04-28,丸亀,6,4,5.43,5.43,39.3,26.0,0.14,2
2024-04-28,丸亀,6,5,5.41,4.79,33.0,29.9,0.16,3
2024-04-28,丸亀,6,6,3.82,2.97,34.0,48.2,0.193,4
2024-04-28,戸田,7,1,3.26,2.56,44.4,39.1,0.166,2
2024-04-28,戸田,7,2,5.21,5.43,29.0,38.4,0.126,1
2024-04-28,戸田,7,3,5.05,4.5,32.9,28.5,0.155,3
2024-04-28,戸田,7,4,4.9,4.93,37.4,31.6,0.2,4
2024-04-28,戸田,7,5,5.16,4.87,34.8,32.3,0.206,6
2024-04-28,戸田,7,6,4.48,5.91,35.1,32.9,0.189,5
2024-04-28,多摩川,8,1,5.3,5.22,42.2,25.2,0.135,2
2024-04-28,多摩川,8,2,3.37,1.67,32.0,39.1,0.182,3
2024-04-28,多摩川,8,3,2.72,2.61,43.9,28.8,0.115,4
2024-04-28,多摩川,8,4,5.39,5.74,34.8,41.1,0.183,1
2024-04-28,多摩川,8,5,5.01,5.41,30.3,39.5,0.198,5
2024-04-28,多摩川,8,6,4.13,4.38,37.4,39.0,0.106,6
2024-04-29,大村,9,1,5.7,4.74,33.0,35.4,0.203,1
2024-04-29,大村,9,2,5.11,4.35,35.1,33.2,0.205,3
2024-04-29,大村,9,3,4.01,2.64,32.1,35.5,0.126,6
2024-04-29,大村,9,4,6.55,6.97,23.1,35.9,0.165,4
2024-04-29,大村,9,5,5.94,6.27,51.9,35.3,0.134,2
2024-04-29,大村,9,6,6.09,7.22,39.1,37.1,0.169,5
2024-04-29,三国,10,1,5.13,4.79,37.0,32.3,0.172,1
2024-04-29,三国,10,2,6.63,6.03,32.7,27.5,0.203,3
2024-04-29,三国,10,3,6.71,6.42,42.0,30.8,0.152,5
2024-04-29,三国,10,4,5.48,5.39,39.5,41.0,0.189,2
2024-04-29,三国,10,5,3.58,3.64,15.5,37.9,0.181,6
2024-04-29,三国,10,6,5.97,5.58,43.7,29.5,0.131,4
2024-04-29,若松,11,1,5.09,4.67,29.8,36.6,0.201,1
2024-04-29,若松,11,2,4.52,4.65,29.6,18.2,0.164,3
2024-04-29,若松,11,3,4.78,4.81,32.2,32.4,0.213,5
2024-04-29,若松,11,4,6.88,7.01,36.5,44.4,0.138,2
2024-04-29,若松,11,5,5.53,5.7,39.1,34.7,0.188,6
2024-04-29,若松,11,6,5.88,5.27,42.3,39.7,0.153,4
2024-04-29,住之江,12,1,4.14,2.83,31.9,23.7,0.164,3
2024-04-29,住之江,12,2,7.17,6.43,39.2,26.9,0.124,1
2024-04-29,住之江,12,3,4.55,5.6,34.5,29.5,0.238,4
2024-04-29,住之江,12,4,5.01,4.87,29.5,37.3,0.199,5
2024-04-29,住之江,12,5,4.89,4.65,25.2,26.1,0.146,6
2024-04-29,住之江,12,6,5.66,6.11,35.9,35.4,0.127,2
2024-04-30,徳山,1,1,5.65,5.37,23.1,38.6,0.171,1
2024-04-30,徳山,1,2,4.89,5.72,37.9,39.4,0.136,5
2024-04-30,徳山,1,3,6.59,6.54,34.8,42.3,0.197,4
2024-04-30,徳山,1,4,7.19,6.3,34.2,30.5,0.208,3
2024-04-30,徳山,1,5,4.89,4.95,41.0,36.7,0.167,2
2024-04-30,徳山,1,6,7.23,7.27,27.3,33.1,0.157,6
2024-04-30,津,2,1,5.03,4.52,36.9,33.1,0.157,1
2024-04-30,津,2,2,5.08,5.67,41.7,28.4,0.203,5
2024-04-30,津,2,3,4.67,4.47,26.3,35.7,0.199,6
2024-04-30,津,2,4,5.77,6.08,39.1,37.5,0.173,4
2024-04-30,津,2,5,6.21,6.38,40.1,35.6,0.15,2
2024-04-30,津,2,6,5.94,6.52,22.0,26.5,0.104,3
2024-04-30,芦屋,3,1,4.58,4.38,35.8,31.0,0.128,1
2024-04-30,芦屋,3,2,5.53,5.19,28.2,32.2,0.17,2
2024-04-30,芦屋,3,3,6.9,6.37,31.7,22.6,0.093,3
2024-04-30,芦屋,3,4,6.22,6.11,24.9,29.9,0.142,5
2024-04-30,芦屋,3,5,6.75,5.61,31.6,35.1,0.174,6
2024-04-30,芦屋,3,6,5.53,4.78,30.8,24.6,0.184,4
2024-04-30,蒲郡,4,1,4.87,4.21,40.9,23.5,0.116,1
2024-04-30,蒲郡,4,2,4.03,4.43,44.2,34.1,0.175,5
2024-04-30,蒲郡,4,3,5.85,6.58,44.3,27.8,0.232,2
2024-04-30,蒲郡,4,4,5.52,5.98,37.0,35.2,0.126,3
2024-04-30,蒲郡,4,5,5.07,5.68,38.1,36.2,0.156,4
2024-04-30,蒲郡,4,6,3.06,2.53,41.3,31.6,0.181,6
2024-05-01,びわこ,5,1,5.84,6.43,33.3,36.9,0.153,2
2024-05-01,びわこ,5,2,5.52,5.65,38.7,40.0,0.183,3
2024-05-01,びわこ,5,3,5.45,5.74,38.9,31.8,0.141,1
2024-05-01,びわこ,5,4,5.84,5.58,27.8,32.1,0.144,5
2024-05-01,びわこ,5,5,4.91,4.68,47.5,36.5,0.129,4
2024-05-01,びわこ,5,6,5.05,4.59,39.3,26.0,0.158,6
2024-05-01,下関,6,1,6.18,6.35,44.1,27.6,0.198,1
2024-05-01,下関,6,2,5.69,5.47,18.7,33.7,0.173,4
2024-05-01,下関,6,3,4.81,4.15,39.7,32.0,0.195,5
2024-05-01,下関,6,4,5.19,5.09,30.3,22.5,0.16,2
2024-05-01,下関,6,5,6.42,6.41,47.4,31.1,0.16,3
2024-05-01,下関,6,6,4.99,4.84,30.5,31.7,0.17,6
2024-05-01,平和島,7,1,4.43,4.98,30.8,30.3,0.146,2
2024-05-01,平和島,7,2,5.96,5.8,46.3,30.8,0.145,3
2024-05-01,平和島,7,3,5.57,6.42,50.7,32.2,0.155,1
2024-05-01,平和島,7,4,5.3,5.8,28.0,39.0,0.088,4
2024-05-01,平和島,7,5,6.05,7.49,29.0,38.1,0.182,5
2024-05-01,平和島,7,6,5.66,5.19,27.3,25.4,0.153,6
2024-05-01,江戸川,8,1,3.89,3.37,26.0,31.8,0.148,2
2024-05-01,江戸川,8,2,3.39,3.05,38.8,40.0,0.205,5
2024-05-01,江戸川,8,3,6.18,4.51,33.5,39.0,0.184,1
2024-05-01,江戸川,8,4,4.6,3.35,30.0,26.0,0.169,6
2024-05-01,江戸川,8,5,5.98,5.91,32.7,44.2,0.2,4
2024-05-01,江戸川,8,6,6.74,7.18,44.0,36.6,0.099,3
2024-05-02,鳴門,9,1,5.44,5.56,40.0,28.7,0.197,2
2024-05-02,鳴門,9,2,4.46,4.12,33.3,37.5,0.208,3
2024-05-02,鳴門,9,3,5.18,6.23,56.8,44.5,0.166,4
2024-05-02,鳴門,9,4,6.06,6.23,29.5,41.9,0.246,6
2024-05-02,鳴門,9,5,4.62,4.32,26.3,38.7,0.111,5
2024-05-02,鳴門,9,6,5.78,6.22,24.8,34.8,0.169,1
2024-05-02,福岡,10,1,4.66,4.97,28.7,33.0,0.186,3
2024-05-02,福岡,10,2,8.12,8.84,29.7,30.6,0.157,1
2024-05-02,福岡,10,3,4.21,4.12,24.3,30.3,0.221,5
2024-05-02,福岡,10,4,5.01,5.94,37.2,37.7,0.14,2
2024-05-02,福岡,10,5,5.07,5.59,39.4,44.2,0.194,4
2024-05-02,福岡,10,6,4.35,4.17,30.2,43.0,0.144,6
2024-05-02,尼崎,11,1,5.24,5.42,37.9,30.0,0.188,1
2024-05-02,尼崎,11,2,5.51,6.35,28.6,34.4,0.215,3
2024-05-02,尼崎,11,3,4.72,4.35,38.8,30.1,0.162,4
2024-05-02,尼崎,11,4,6.02,5.07,35.9,38.1,0.137,6
2024-05-02,尼崎,11,5,4.13,2.99,47.4,22.5,0.115,5
2024-05-02,尼崎,11,6,5.44,6.05,44.1,36.6,0.158,2
2024-05-02,桐生,12,1,4.71,4.38,27.6,38.0,0.197,1
2024-05-02,桐生,12,2,4.87,4.81,35.6,33.9,0.131,2
2024-05-02,桐生,12,3,3.38,3.09,21.7,37.7,0.111,6
2024-05-02,桐生,12,4,5.38,4.75,36.7,31.6,0.228,5
2024-05-02,桐生,12,5,4.58,4.92,35.8,36.7,0.15,3
2024-05-02,桐生,12,6,5.74,6.53,25.5,35.5,0.152,4
2024-05-03,浜名湖,1,1,5.95,4.86,37.8,22.3,0.18,2
2024-05-03,浜名湖,1,2,5.33,5.16,23.6,22.8,0.177,5
2024-05-03,浜名湖,1,3,6.49,6.46,54.3,35.1,0.222,3
2024-05-03,浜名湖,1,4,5.49,5.81,29.7,30.1,0.218,1
2024-05-03,浜名湖,1,5,4.25,4.57,29.2,34.5,0.2,6
2024-05-03,浜名湖,1,6,7.24,7.96,39.7,37.4,0.171,4
2024-05-03,児島,2,1,5.59,5.23,46.3,43.3,0.139,1
2024-05-03,児島,2,2,6.38,6.59,36.0,40.2,0.116,2
2024-05-03,児島,2,3,5.91,4.22,29.0,33.9,0.242,5
2024-05-03,児島,2,4,3.97,4.83,38.4,34.5,0.2,4
2024-05-03,児島,2,5,5.38,6.04,38.8,40.4,0.151,3
2024-05-03,児島,2,6,4.08,3.32,39.3,32.8,0.171,6
2024-05-03,宮島,3,1,7.09,6.66,41.5,28.2,0.16,1
2024-05-03,宮島,3,2,4.99,3.95,34.8,28.5,0.133,6
2024-05-03,宮島,3,3,5.56,6.78,33.3,33.8,0.124,2
2024-05-03,宮島,3,4,4.67,3.8,29.6,31.6,0.175,5
2024-05-03,宮島,3,5,5.8,6.65,42.3,32.2,0.102,4
2024-05-03,宮島,3,6,5.59,6.26,36.7,51.4,0.152,3
2024-05-03,唐津,4,1,6.62,7.58,45.2,39.7,0.159,1
2024-05-03,唐津,4,2,6.78,6.26,40.3,37.6,0.158,2
2024-05-03,唐津,4,3,4.79,4.26,35.3,30.7,0.21,4
2024-05-03,唐津,4,4,4.17,4.41,40.8,27.4,0.208,6
2024-05-03,唐津,4,5,6.51,6.02,32.2,45.2,0.16,3
2024-05-03,唐津,4,6,5.71,6.88,35.9,29.8,0.17,5
2024-05-04,常滑,5,1,7.04,6.06,35.0,27.4,0.184,1
2024-05-04,常滑,5,2,5.45,5.16,28.6,24.2,0.196,5
2024-05-04,常滑,5,3,5.49,5.71,40.9,45.6,0.156,3
2024-05-04,常滑,5,4,3.82,3.62,30.4,30.6,0.202,6
2024-05-04,常滑,5,5,5.52,5.6,33.8,33.0,0.139,4
2024-05-04,常滑,5,6,5.02,4.95,22.3,34.7,0.16,2
2024-05-04,丸亀,6,1,4.26,3.42,31.1,31.5,0.119,2
2024-05-04,丸亀,6,2,5.47,4.97,45.7,39.2,0.135,3
2024-05-04,丸亀,6,3,5.26,5.73,25.6,41.1,0.148,4
2024-05-04,丸亀,6,4,5.31,5.63,39.8,42.0,0.137,1
2024-05-04,丸亀,6,5,4.19,4.41,40.1,34.5,0.193,5
2024-05-04,丸亀,6,6,5.41,6.04,35.5,27.8,0.168,6
2024-05-04,戸田,7,1,5.27,5.45,32.6,37.9,0.172,2
2024-05-04,戸田,7,2,4.48,4.56,37.2,36.1,0.09,5
2024-05-04,戸田,7,3,5.79,6.17,35.7,35.5,0.205,1
2024-05-04,戸田,7,4,4.71,5.64,39.7,33.4,0.138,3
2024-05-04,戸田,7,5,5.2,4.76,44.2,25.7,0.157,4
2024-05-04,戸田,7,6,5.19,4.93,38.5,27.2,0.155,6
2024-05-04,多摩川,8,1,5.0,5.18,44.2,41.8,0.11,1
2024-05-04,多摩川,8,2,4.99,5.21,36.2,36.1,0.142,2
2024-05-04,多摩川,8,3,6.47,6.17,35.4,39.2,0.199,3
2024-05-04,多摩川,8,4,5.73,6.06,33.2,36.4,0.153,4
2024-05-04,多摩川,8,5,3.15,2.13,38.0,38.8,0.178,6
2024-05-04,多摩川,8,6,5.17,5.54,32.7,34.3,0.214,5
2024-05-05,大村,9,1,5.32,6.12,28.6,45.6,0.16,1
2024-05-05,大村,9,2,6.52,6.86,36.7,33.6,0.099,4
2024-05-05,大村,9,3,5.45,6.04,29.9,34.8,0.108,6
2024-05-05,大村,9,4,5.39,5.82,40.4,41.3,0.134,3
2024-05-05,大村,9,5,6.21,5.63,33.2,34.2,0.161,2
2024-05-05,大村,9,6,5.85,5.61,19.2,38.9,0.195,5
2024-05-05,三国,10,1,5.21,4.75,29.6,22.4,0.158,1
2024-05-05,三国,10,2,2.47,3.23,34.9,30.1,0.171,5
2024-05-05,三国,10,3,5.34,6.19,36.3,36.3,0.151,3
2024-05-05,三国,10,4,4.52,4.45,29.7,40.8,0.152,4
2024-05-05,三国,10,5,6.68,7.29,30.4,43.9,0.095,2
2024-05-05,三国,10,6,2.92,2.39,34.5,29.8,0.087,6
2024-05-05,若松,11,1,5.36,5.12,54.0,41.1,0.182,1
2024-05-05,若松,11,2,6.48,5.35,41.0,30.6,0.08,2
2024-05-05,若松,11,3,4.65,4.91,29.9,31.7,0.216,6
2024-05-05,若松,11,4,5.79,4.87,41.3,30.2,0.176,4
2024-05-05,若松,11,5,5.77,6.09,25.0,35.9,0.129,5
2024-05-05,若松,11,6,5.77,5.8,56.0,39.0,0.147,3
2024-05-05,住之江,12,1,4.69,4.52,48.3,35.2,0.123,1
2024-05-05,住之江,12,2,5.66,6.23,32.9,35.2,0.262,4
2024-05-05,住之江,12,3,5.53,4.83,41.7,31.3,0.224,3
2024-05-05,住之江,12,4,6.21,5.92,32.8,31.8,0.163,2
2024-05-05,住之江,12,5,4.88,4.95,34.9,31.8,0.192,5
2024-05-05,住之江,12,6,4.86,6.14,37.7,41.4,0.225,6
2024-05-06,徳山,1,1,4.47,4.82,21.0,30.8,0.154,4
2024-05-06,徳山,1,2,6.31,6.46,29.4,28.4,0.175,1
2024-05-06,徳山,1,3,5.79,5.88,35.9,25.8,0.16,2
2024-05-06,徳山,1,4,4.3,4.57,39.9,48.0,0.158,5
2024-05-06,徳山,1,5,4.22,3.59,23.9,23.5,0.185,6
2024-05-06,徳山,1,6,5.72,4.79,21.1,23.6,0.217,3
2024-05-06,津,2,1,6.13,6.68,37.4,34.9,0.178,1
2024-05-06,津,2,2,7.1,7.25,38.9,33.7,0.138,2
2024-05-06,津,2,3,5.11,4.65,40.9,46.1,0.171,4
2024-05-06,津,2,4,4.73,3.88,39.5,37.6,0.134,3
2024-05-06,津,2,5,4.6,5.46,36.1,36.9,0.221,6
2024-05-06,津,2,6,5.85,6.03,33.3,34.4,0.205,5
2024-05-06,芦屋,3,1,6.03,6.12,33.4,33.5,0.173,1
2024-05-06,芦屋,3,2,3.89,3.83,37.4,33.6,0.186,6
2024-05-06,芦屋,3,3,6.42,6.54,34.3,37.8,0.193,4
2024-05-06,芦屋,3,4,4.63,5.46,31.9,36.6,0.146,5
2024-05-06,芦屋,3,5,6.84,7.88,26.5,25.9,0.08,2
2024-05-06,芦屋,3,6,7.0,7.2,33.5,39.3,0.13,3
2024-05-06,蒲郡,4,1,7.3,8.07,35.1,34.0,0.171,1
2024-05-06,蒲郡,4,2,5.98,6.31,38.4,34.7,0.08,2
2024-05-06,蒲郡,4,3,4.08,3.13,50.8,31.4,0.156,4
2024-05-06,蒲郡,4,4,4.62,5.61,22.7,37.1,0.142,3
2024-05-06,蒲郡,4,5,6.28,6.36,25.0,38.9,0.195,5
2024-05-06,蒲郡,4,6,5.16,5.56,30.0,35.7,0.174,6
2024-05-07,びわこ,5,1,4.93,4.65,38.3,32.3,0.137,3
2024-05-07,びわこ,5,2,5.58,5.07,27.9,41.9,0.152,1
2024-05-07,びわこ,5,3,6.02,6.0,33.6,43.8,0.139,2
2024-05-07,びわこ,5,4,4.62,4.55,28.8,34.9,0.118,4
2024-05-07,びわこ,5,5,5.76,5.91,31.1,41.8,0.23,5
2024-05-07,びわこ,5,6,4.67,5.07,33.8,35.0,0.183,6
2024-05-07,下関,6,1,5.89,5.35,39.5,36.1,0.201,1
2024-05-07,下関,6,2,5.43,4.34,37.4,38.8,0.168,4
2024-05-07,下関,6,3,5.98,6.51,29.0,33.7,0.176,3
2024-05-07,下関,6,4,4.48,3.32,37.4,38.4,0.219,5
2024-05-07,下関,6,5,4.57,4.84,34.4,30.1,0.111,6
2024-05-07,下関,6,6,4.73,4.5,35.6,34.2,0.169,2
2024-05-07,平和島,7,1,7.05,7.21,40.1,44.3,0.176,1
2024-05-07,平和島,7,2,3.09,3.85,37.2,30.8,0.198,6
2024-05-07,平和島,7,3,4.73,3.58,47.4,18.6,0.163,4
2024-05-07,平和島,7,4,6.06,5.7,33.3,30.5,0.169,5
2024-05-07,平和島,7,5,4.14,3.27,43.0,26.5,0.121,3
2024-05-07,平和島,7,6,4.58,3.8,28.3,38.6,0.134,2
2024-05-07,江戸川,8,1,2.52,1.54,28.7,32.2,0.161,5
2024-05-07,江戸川,8,2,3.71,2.36,40.4,27.9,0.08,3
2024-05-07,江戸川,8,3,4.93,4.19,26.6,39.9,0.12,2
2024-05-07,江戸川,8,4,5.59,5.35,51.3,25.7,0.249,6
2024-05-07,江戸川,8,5,5.1,5.27,42.6,38.0,0.147,4
2024-05-07,江戸川,8,6,6.55,7.45,31.1,41.2,0.179,1
2024-05-08,鳴門,9,1,3.71,4.68,46.5,27.5,0.156,2
2024-05-08,鳴門,9,2,4.84,4.54,38.3,43.9,0.163,1
2024-05-08,鳴門,9,3,5.52,5.1,39.3,31.0,0.125,3
2024-05-08,鳴門,9,4,3.53,3.22,32.2,33.2,0.106,5
2024-05-08,鳴門,9,5,5.25,5.61,34.2,32.7,0.131,4
2024-05-08,鳴門,9,6,2.61,3.0,41.7,33.9,0.126,6
2024-05-08,福岡,10,1,5.23,5.52,33.2,31.2,0.159,1
2024-05-08,福岡,10,2,5.4,5.72,39.0,35.7,0.185,4
2024-05-08,福岡,10,3,6.53,6.77,40.8,32.8,0.111,5
2024-05-08,福岡,10,4,5.44,5.66,34.8,42.7,0.115,6
2024-05-08,福岡,10,5,5.22,4.82,35.2,37.9,0.254,3
2024-05-08,福岡,10,6,4.34,4.31,24.8,29.5,0.204,2
2024-05-08,尼崎,11,1,5.66,5.08,32.0,33.4,0.185,2
2024-05-08,尼崎,11,2,6.0,4.75,37.9,38.6,0.129,3
2024-05-08,尼崎,11,3,5.4,5.57,43.2,35.1,0.152,1
2024-05-08,尼崎,11,4,5.67,6.12,36.8,30.8,0.148,5
2024-05-08,尼崎,11,5,4.55,4.26,31.1,38.5,0.119,4
2024-05-08,尼崎,11,6,4.26,4.72,37.1,41.4,0.179,6
2024-05-08,桐生,12,1,5.61,7.05,33.9,34.5,0.157,1
2024-05-08,桐生,12,2,5.11,5.14,33.7,38.3,0.175,4
2024-05-08,桐生,12,3,5.4,5.58,33.2,32.7,0.157,3
2024-05-08,桐生,12,4,5.57,5.26,34.7,41.2,0.128,2
2024-05-08,桐生,12,5,5.17,7.31,39.3,34.3,0.156,5
2024-05-08,桐生,12,6,4.91,6.07,37.4,32.4,0.16,6
2024-05-09,浜名湖,1,1,5.17,3.61,23.7,38.8,0.201,1
2024-05-09,浜名湖,1,2,4.17,4.12,32.8,40.1,0.171,4
2024-05-09,浜名湖,1,3,5.98,5.72,41.5,32.1,0.197,3
2024-05-09,浜名湖,1,4,5.63,4.98,24.7,25.1,0.177,6
2024-05-09,浜名湖,1,5,6.71,6.53,26.1,36.0,0.119,2
2024-05-09,浜名湖,1,6,5.15,5.84,41.0,39.4,0.145,5
2024-05-09,児島,2,1,5.22,5.59,24.5,36.7,0.158,1
2024-05-09,児島,2,2,4.36,4.94,34.0,38.9,0.136,6
2024-05-09,児島,2,3,5.47,6.06,26.2,30.7,0.143,5
2024-05-09,児島,2,4,4.97,5.59,39.7,34.2,0.188,4
2024-05-09,児島,2,5,4.82,4.41,39.6,46.1,0.081,2
2024-05-09,児島,2,6,6.15,5.69,40.8,35.3,0.118,3
2024-05-09,宮島,3,1,5.06,5.19,28.4,42.1,0.151,3
2024-05-09,宮島,3,2,7.44,8.35,34.9,34.9,0.159,2
2024-05-09,宮島,3,3,4.62,3.59,37.2,34.3,0.211,5
2024-05-09,宮島,3,4,4.1,3.57,40.2,40.8,0.164,4
2024-05-09,宮島,3,5,3.65,4.96,30.4,37.3,0.172,6
2024-05-09,宮島,3,6,6.22,7.06,34.7,34.9,0.182,1
2024-05-09,唐津,4,1,5.22,4.84,29.4,39.1,0.171,4
2024-05-09,唐津,4,2,5.24,5.01,29.3,35.4,0.1,5
2024-05-09,唐津,4,3,5.97,6.46,34.6,27.4,0.179,2
2024-05-09,唐津,4,4,5.29,4.73,47.2,42.6,0.132,6
2024-05-09,唐津,4,5,5.35,5.71,43.4,33.7,0.119,3
2024-05-09,唐津,4,6,5.66,4.75,33.3,32.3,0.127,1
2024-05-10,常滑,5,1,5.07,6.33,17.9,30.3,0.132,2
2024-05-10,常滑,5,2,7.03,6.95,33.1,34.9,0.15,3
2024-05-10,常滑,5,3,7.83,7.43,33.6,33.6,0.09,1
2024-05-10,常滑,5,4,5.34,4.22,33.2,34.9,0.13,4
2024-05-10,常滑,5,5,4.83,3.98,40.4,33.2,0.165,6
2024-05-10,常滑,5,6,4.08,3.5,34.0,33.2,0.206,5
2024-05-10,丸亀,6,1,5.3,5.14,30.4,36.1,0.132,1
2024-05-10,丸亀,6,2,5.79,7.0,22.3,34.4,0.182,4
2024-05-10,丸亀,6,3,6.23,6.53,38.3,31.6,0.153,2
2024-05-10,丸亀,6,4,4.46,4.56,27.9,28.7,0.114,5
2024-05-10,丸亀,6,5,4.86,4.35,40.3,31.6,0.171,6
2024-05-10,丸亀,6,6,5.74,5.85,20.5,42.4,0.193,3
2024-05-10,戸田,7,1,7.31,7.94,31.0,26.7,0.188,1
2024-05-10,戸田,7,2,5.06,4.86,30.3,41.7,0.171,2
2024-05-10,戸田,7,3,6.25,6.02,43.0,45.7,0.156,4
2024-05-10,戸田,7,4,6.5,5.38,26.6,28.1,0.106,3
2024-05-10,戸田,7,5,5.68,5.66,34.8,39.2,0.196,5
2024-05-10,戸田,7,6,5.26,5.27,44.8,36.3,0.204,6
2024-05-10,多摩川,8,1,7.26,6.41,40.7,27.8,0.17,2
2024-05-10,多摩川,8,2,5.47,5.51,29.7,27.0,0.136,4
2024-05-10,多摩川,8,3,6.17,7.08,23.5,36.6,0.144,1
2024-05-10,多摩川,8,4,5.7,6.15,37.7,33.8,0.212,5
2024-05-10,多摩川,8,5,5.39,6.04,27.4,28.6,0.208,6
2024-05-10,多摩川,8,6,3.7,4.15,43.0,29.5,0.116,3
2024-05-11,大村,9,1,3.88,3.24,32.8,30.3,0.167,4
2024-05-11,大村,9,2,7.14,7.34,41.0,25.1,0.137,1
2024-05-11,大村,9,3,4.01,4.76,38.5,34.7,0.155,5
2024-05-11,大村,9,4,4.36,4.05,32.0,40.9,0.126,2
2024-05-11,大村,9,5,3.73,3.81,34.8,40.1,0.223,6
2024-05-11,大村,9,6,4.57,4.69,36.7,33.5,0.123,3
2024-05-11,三国,10,1,7.39,7.17,30.7,39.1,0.116,1
2024-05-11,三国,10,2,5.61,5.28,34.4,29.1,0.14,3
2024-05-11,三国,10,3,4.55,4.21,30.2,36.8,0.147,6
2024-05-11,三国,10,4,5.69,4.54,22.3,35.5,0.221,4
2024-05-11,三国,10,5,5.7,4.9,35.7,35.0,0.178,5
2024-05-11,三国,10,6,7.21,6.65,44.9,27.8,0.185,2
2024-05-11,若松,11,1,4.83,4.3,39.9,35.0,0.182,3
2024-05-11,若松,11,2,5.02,5.41,42.9,44.5,0.165,1
2024-05-11,若松,11,3,4.51,4.28,35.0,35.4,0.115,5
2024-05-11,若松,11,4,5.2,4.86,30.9,35.9,0.127,4
2024-05-11,若松,11,5,4.37,4.49,27.6,40.6,0.184,2
2024-05-11,若松,11,6,4.6,3.84,26.2,32.7,0.195,6
2024-05-11,住之江,12,1,4.64,4.55,45.4,35.2,0.158,2
2024-05-11,住之江,12,2,6.87,7.08,39.1,41.1,0.136,3
2024-05-11,住之江,12,3,4.99,4.43,38.3,40.3,0.222,4
2024-05-11,住之江,12,4,6.48,6.37,25.0,30.3,0.173,6
2024-05-11,住之江,12,5,7.22,7.92,33.7,43.9,0.182,1
2024-05-11,住之江,12,6,5.23,5.68,33.5,34.1,0.198,5
2024-05-12,徳山,1,1,4.99,4.35,36.4,39.1,0.172,1
2024-05-12,徳山,1,2,4.44,3.52,35.2,42.7,0.151,3
2024-05-12,徳山,1,3,4.98,4.34,42.2,38.1,0.111,6
2024-05-12,徳山,1,4,6.69,6.19,34.7,28.1,0.171,2
2024-05-12,徳山,1,5,4.83,4.2,47.7,48.9,0.168,5
2024-05-12,徳山,1,6,5.95,5.96,34.5,32.0,0.187,4
2024-05-12,津,2,1,6.68,6.66,35.9,30.7,0.178,1
2024-05-12,津,2,2,4.57,4.95,41.6,36.8,0.135,4
2024-05-12,津,2,3,6.72,6.44,22.8,30.0,0.161,2
2024-05-12,津,2,4,6.56,6.96,30.8,38.4,0.16,3
2024-05-12,津,2,5,3.69,4.27,24.1,41.3,0.236,5
2024-05-12,津,2,6,4.6,4.24,30.5,36.3,0.194,6
2024-05-12,芦屋,3,1,5.57,4.54,31.4,34.9,0.113,1
2024-05-12,芦屋,3,2,5.45,5.14,42.0,28.6,0.175,3
2024-05-12,芦屋,3,3,6.46,6.02,39.1,37.6,0.199,2
2024-05-12,芦屋,3,4,3.95,3.91,27.8,39.7,0.206,6
2024-05-12,芦屋,3,5,5.64,6.4,36.4,33.3,0.105,4
2024-05-12,芦屋,3,6,6.37,5.53,37.0,35.3,0.16,5
2024-05-12,蒲郡,4,1,5.09,6.06,28.0,30.4,0.21,2
2024-05-12,蒲郡,4,2,5.37,5.23,26.4,32.5,0.172,3
2024-05-12,蒲郡,4,3,6.31,7.15,37.6,29.9,0.149,1
2024-05-12,蒲郡,4,4,5.51,6.33,24.4,31.2,0.133,6
2024-05-12,蒲郡,4,5,4.65,3.89,34.5,20.8,0.14,4
2024-05-12,蒲郡,4,6,4.3,4.27,29.1,32.0,0.168,5
2024-05-13,びわこ,5,1,5.03,6.17,40.8,33.5,0.144,1
2024-05-13,びわこ,5,2,4.65,4.5,44.3,35.2,0.158,2
2024-05-13,びわこ,5,3,5.11,4.39,25.0,42.4,0.151,4
2024-05-13,びわこ,5,4,7.28,7.45,40.4,32.0,0.156,5
2024-05-13,びわこ,5,5,5.42,6.32,34.5,39.4,0.165,6
2024-05-13,びわこ,5,6,7.23,6.33,43.2,30.5,0.168,3
2024-05-13,下関,6,1,3.6,4.02,46.1,36.8,0.102,2
2024-05-13,下関,6,2,5.69,5.67,42.9,28.4,0.139,6
2024-05-13,下関,6,3,6.55,6.94,32.2,23.5,0.191,5
2024-05-13,下関,6,4,4.16,3.02,25.2,28.5,0.123,1
2024-05-13,下関,6,5,6.12,6.18,31.1,33.8,0.114,3
2024-05-13,下関,6,6,4.47,4.17,37.4,28.8,0.112,4
2024-05-13,平和島,7,1,4.9,5.74,43.4,39.3,0.157,1
2024-05-13,平和島,7,2,4.84,3.83,37.5,40.5,0.171,6
2024-05-13,平和島,7,3,6.27,6.46,42.9,31.4,0.097,2
2024-05-13,平和島,7,4,6.29,5.82,36.7,38.4,0.08,3
2024-05-13,平和島,7,5,6.19,6.06,26.8,24.4,0.278,5
2024-05-13,平和島,7,6,6.11,5.7,32.7,38.0,0.127,4
2024-05-13,江戸川,8,1,5.01,5.06,33.2,38.7,0.08,2
2024-05-13,江戸川,8,2,3.19,4.05,40.8,29.8,0.174,6
2024-05-13,江戸川,8,3,5.09,5.99,39.6,47.0,0.142,4
2024-05-13,江戸川,8,4,5.51,5.71,36.9,38.7,0.207,3
2024-05-13,江戸川,8,5,5.79,5.73,37.1,29.1,0.196,1
2024-05-13,江戸川,8,6,5.74,5.74,30.4,28.3,0.121,5
2024-05-14,鳴門,9,1,6.28,7.58,30.3,36.8,0.138,1
2024-05-14,鳴門,9,2,5.87,6.15,37.9,30.1,0.16,6
2024-05-14,鳴門,9,3,4.99,4.41,41.0,42.5,0.172,5
2024-05-14,鳴門,9,4,4.34,4.83,33.5,32.8,0.124,4
2024-05-14,鳴門,9,5,5.67,6.2,28.8,34.2,0.112,3
2024-05-14,鳴門,9,6,5.48,5.3,41.9,26.7,0.218,2
2024-05-14,福岡,10,1,5.8,5.64,41.6,38.5,0.117,1
2024-05-14,福岡,10,2,6.54,7.1,37.9,34.2,0.194,3
2024-05-14,福岡,10,3,5.4,4.78,35.4,35.0,0.197,4
2024-05-14,福岡,10,4,5.04,4.9,42.5,41.3,0.17,2
2024-05-14,福岡,10,5,5.59,5.7,19.3,29.0,0.123,5
2024-05-14,福岡,10,6,5.55,4.93,35.7,33.6,0.176,6
2024-05-14,尼崎,11,1,5.12,4.56,40.4,26.1,0.17,4
2024-05-14,尼崎,11,2,6.14,6.19,43.2,46.4,0.137,1
2024-05-14,尼崎,11,3,4.14,3.88,35.7,34.4,0.189,2
2024-05-14,尼崎,11,4,6.42,6.03,36.2,27.9,0.155,6
2024-05-14,尼崎,11,5,5.32,5.37,31.9,31.7,0.101,5
2024-05-14,尼崎,11,6,4.82,4.97,38.4,31.5,0.156,3
2024-05-14,桐生,12,1,6.59,7.36,25.7,36.1,0.135,2
2024-05-14,桐生,12,2,5.69,6.02,33.2,29.0,0.154,1
2024-05-14,桐生,12,3,7.16,6.23,39.3,34.8,0.161,3
2024-05-14,桐生,12,4,4.92,4.73,31.3,32.6,0.164,4
2024-05-14,桐生,12,5,5.85,6.29,31.3,38.4,0.162,6
2024-05-14,桐生,12,6,5.87,6.54,32.8,23.1,0.187,5
2024-05-15,浜名湖,1,1,6.21,7.1,27.6,39.6,0.239,2
2024-05-15,浜名湖,1,2,5.02,5.43,29.9,23.0,0.17,3
2024-05-15,浜名湖,1,3,4.66,4.8,41.3,39.9,0.174,1
2024-05-15,浜名湖,1,4,5.07,3.69,27.4,34.8,0.178,6
2024-05-15,浜名湖,1,5,5.36,4.17,25.8,26.9,0.138,5
2024-05-15,浜名湖,1,6,7.55,8.13,27.6,29.8,0.139,4
2024-05-15,児島,2,1,5.82,5.58,20.8,34.5,0.159,1
2024-05-15,児島,2,2,3.11,3.76,27.5,32.5,0.134,3
2024-05-15,児島,2,3,3.86,4.46,16.9,39.2,0.141,4
2024-05-15,児島,2,4,5.4,5.33,23.3,35.8,0.157,5
2024-05-15,児島,2,5,3.94,3.45,27.8,34.4,0.139,6
2024-05-15,児島,2,6,6.73,6.37,42.3,38.7,0.133,2
2024-05-15,宮島,3,1,4.62,6.52,42.7,25.6,0.169,2
2024-05-15,宮島,3,2,3.55,3.34,38.6,43.7,0.215,6
2024-05-15,宮島,3,3,5.03,4.72,36.3,38.9,0.122,1
2024-05-15,宮島,3,4,4.76,4.27,31.1,44.8,0.22,3
2024-05-15,宮島,3,5,3.68,3.84,51.6,36.3,0.133,5
2024-05-15,宮島,3,6,5.1,4.83,36.5,36.6,0.152,4
2024-05-15,唐津,4,1,3.9,4.56,26.5,37.9,0.146,4
2024-05-15,唐津,4,2,6.41,6.2,15.0,21.4,0.124,5
2024-05-15,唐津,4,3,5.66,6.83,39.4,32.9,0.206,3
2024-05-15,唐津,4,4,6.23,6.43,21.1,39.7,0.221,6
2024-05-15,唐津,4,5,6.14,6.43,32.9,31.5,0.194,2
2024-05-15,唐津,4,6,4.82,5.32,41.3,43.3,0.138,1
2024-05-16,常滑,5,1,4.15,4.12,44.2,22.9,0.113,3
2024-05-16,常滑,5,2,5.5,4.87,33.4,34.3,0.119,4
2024-05-16,常滑,5,3,6.84,7.02,42.7,33.6,0.139,2
2024-05-16,常滑,5,4,4.45,4.66,32.7,32.1,0.15,6
2024-05-16,常滑,5,5,6.75,5.83,36.4,26.2,0.191,1
2024-05-16,常滑,5,6,5.56,5.83,37.4,35.0,0.172,5
2024-05-16,丸亀,6,1,3.93,4.94,31.1,37.6,0.159,3
2024-05-16,丸亀,6,2,5.94,6.95,34.0,33.7,0.14,1
2024-05-16,丸亀,6,3,6.55,7.22,35.1,22.5,0.176,2
2024-05-16,丸亀,6,4,4.75,5.32,30.8,29.8,0.085,4
2024-05-16,丸亀,6,5,5.79,5.49,37.4,24.2,0.127,5
2024-05-16,丸亀,6,6,6.26,6.23,26.2,30.9,0.198,6
2024-05-16,戸田,7,1,5.41,5.77,43.9,31.0,0.176,1
2024-05-16,戸田,7,2,4.59,4.1,34.4,33.9,0.133,4
2024-05-16,戸田,7,3,5.34,5.73,32.9,50.6,0.081,2
2024-05-16,戸田,7,4,5.56,6.25,34.4,27.9,0.214,3
2024-05-16,戸田,7,5,5.11,4.94,33.0,34.8,0.099,6
2024-05-16,戸田,7,6,4.76,5.03,37.1,27.5,0.206,5
2024-05-16,多摩川,8,1,4.59,4.88,34.4,33.5,0.154,1
2024-05-16,多摩川,8,2,7.1,7.66,32.4,41.3,0.224,2
2024-05-16,多摩川,8,3,5.67,5.35,35.6,35.1,0.204,3
2024-05-16,多摩川,8,4,3.74,3.42,37.3,21.8,0.152,5
2024-05-16,多摩川,8,5,4.24,4.3,42.8,25.6,0.166,4
2024-05-16,多摩川,8,6,6.0,5.98,30.3,39.0,0.173,6
2024-05-17,大村,9,1,3.55,3.24,35.4,30.2,0.155,4
2024-05-17,大村,9,2,4.45,4.58,23.8,33.7,0.199,6
2024-05-17,大村,9,3,4.85,4.32,25.5,30.2,0.113,3
2024-05-17,大村,9,4,4.78,4.07,34.7,39.5,0.185,2
2024-05-17,大村,9,5,5.29,4.62,32.7,37.4,0.183,1
2024-05-17,大村,9,6,3.81,4.69,37.0,42.7,0.157,5
2024-05-17,三国,10,1,6.07,6.4,41.0,24.2,0.197,1
2024-05-17,三国,10,2,5.39,5.09,26.3,38.7,0.121,3
2024-05-17,三国,10,3,6.75,5.35,22.6,39.1,0.142,2
2024-05-17,三国,10,4,5.29,4.95,39.2,29.2,0.137,4
2024-05-17,三国,10,5,4.22,3.3,22.8,39.0,0.223,5
2024-05-17,三国,10,6,4.67,4.31,27.5,33.4,0.193,6
2024-05-17,若松,11,1,5.43,5.82,45.1,19.9,0.103,1
2024-05-17,若松,11,2,5.8,5.32,32.6,33.6,0.194,6
2024-05-17,若松,11,3,5.32,4.48,44.7,36.3,0.141,4
2024-05-17,若松,11,4,5.31,5.8,50.6,45.1,0.145,2
2024-05-17,若松,11,5,4.37,4.61,29.3,37.1,0.169,3
2024-05-17,若松,11,6,4.38,5.04,33.3,26.4,0.157,5
2024-05-17,住之江,12,1,2.77,3.88,34.6,41.4,0.151,4
2024-05-17,住之江,12,2,5.99,5.61,30.8,16.4,0.178,2
2024-05-17,住之江,12,3,5.14,5.86,37.2,35.2,0.093,3
2024-05-17,住之江,12,4,5.08,5.65,31.3,26.5,0.151,6
2024-05-17,住之江,12,5,4.5,5.25,33.6,21.6,0.181,5
2024-05-17,住之江,12,6,5.83,5.17,33.3,28.5,0.26,1
2024-05-18,徳山,1,1,7.11,6.77,29.5,39.6,0.137,2
2024-05-18,徳山,1,2,5.23,5.72,35.8,31.6,0.21,1
2024-05-18,徳山,1,3,3.76,3.05,28.3,32.5,0.165,6
2024-05-18,徳山,1,4,5.45,5.7,25.8,20.7,0.169,4
2024-05-18,徳山,1,5,5.57,5.3,38.8,31.9,0.113,5
2024-05-18,徳山,1,6,6.14,6.33,39.6,30.9,0.179,3
2024-05-18,津,2,1,6.7,6.91,48.0,37.8,0.169,1
2024-05-18,津,2,2,4.78,5.41,34.3,32.4,0.174,4
2024-05-18,津,2,3,4.27,3.72,38.6,35.8,0.163,2
2024-05-18,津,2,4,4.5,4.26,46.4,28.3,0.205,3
2024-05-18,津,2,5,5.92,6.07,33.2,34.7,0.193,5
2024-05-18,津,2,6,4.45,4.97,32.2,33.0,0.154,6
2024-05-18,芦屋,3,1,7.13,6.8,44.4,31.3,0.176,1
2024-05-18,芦屋,3,2,6.15,6.23,32.3,24.8,0.195,3
2024-05-18,芦屋,3,3,4.8,5.86,36.7,34.5,0.165,5
2024-05-18,芦屋,3,4,5.07,5.27,33.9,32.1,0.177,6
2024-05-18,芦屋,3,5,5.76,6.33,48.1,44.3,0.164,2
2024-05-18,芦屋,3,6,6.55,6.63,40.5,32.0,0.19,4
2024-05-18,蒲郡,4,1,6.39,7.22,27.4,36.4,0.207,3
2024-05-18,蒲郡,4,2,5.82,5.71,33.1,42.4,0.135,2
2024-05-18,蒲郡,4,3,6.01,6.06,41.1,22.5,0.201,1
2024-05-18,蒲郡,4,4,5.23,5.05,38.5,33.2,0.147,4
2024-05-18,蒲郡,4,5,7.48,7.14,30.7,30.8,0.119,5
2024-05-18,蒲郡,4,6,4.97,5.42,31.8,29.4,0.158,6
2024-05-19,びわこ,5,1,4.56,3.3,31.6,30.7,0.138,3
2024-05-19,びわこ,5,2,5.78,5.29,19.6,28.1,0.188,1
2024-05-19,びわこ,5,3,4.3,4.21,38.9,39.5,0.144,5
2024-05-19,びわこ,5,4,4.99,3.93,41.4,33.7,0.175,2
2024-05-19,びわこ,5,5,4.55,4.26,37.4,26.6,0.213,4
2024-05-19,びわこ,5,6,3.17,3.72,32.0,37.6,0.167,6
2024-05-19,下関,6,1,5.42,5.09,26.7,45.6,0.158,1
2024-05-19,下関,6,2,3.82,4.16,34.3,40.5,0.219,3
2024-05-19,下関,6,3,4.71,5.4,42.5,36.0,0.186,4
2024-05-19,下関,6,4,5.4,5.41,20.5,38.5,0.188,5
2024-05-19,下関,6,5,4.89,5.08,40.1,34.2,0.145,2
2024-05-19,下関,6,6,5.55,4.98,33.0,32.0,0.184,6
2024-05-19,平和島,7,1,6.0,6.63,40.5,41.7,0.22,1
2024-05-19,平和島,7,2,4.48,4.29,45.4,46.7,0.205,3
2024-05-19,平和島,7,3,6.1,5.62,35.9,35.9,0.193,2
2024-05-19,平和島,7,4,4.57,5.27,31.3,35.8,0.183,5
2024-05-19,平和島,7,5,5.93,5.63,34.3,39.6,0.145,4
2024-05-19,平和島,7,6,2.93,2.96,29.0,34.1,0.124,6
2024-05-19,江戸川,8,1,4.52,4.83,35.2,37.0,0.097,1
2024-05-19,江戸川,8,2,5.16,5.29,30.4,33.4,0.085,2
2024-05-19,江戸川,8,3,6.75,6.87,35.5,36.1,0.209,3
2024-05-19,江戸川,8,4,3.96,3.31,30.4,34.6,0.189,6
2024-05-19,江戸川,8,5,4.41,4.94,42.4,29.5,0.186,4
2024-05-19,江戸川,8,6,4.92,4.85,29.1,23.9,0.111,5
2024-05-20,鳴門,9,1,4.42,5.02,34.0,45.1,0.183,2
2024-05-20,鳴門,9,2,4.7,3.47,44.0,39.8,0.284,5
2024-05-20,鳴門,9,3,5.72,5.1,22.7,31.7,0.159,6
2024-05-20,鳴門,9,4,6.08,6.66,28.1,32.4,0.111,1
2024-05-20,鳴門,9,5,4.5,3.82,21.2,27.8,0.099,4
2024-05-20,鳴門,9,6,6.02,5.28,28.7,33.5,0.163,3
2024-05-20,福岡,10,1,5.61,5.43,26.8,36.9,0.141,1
2024-05-20,福岡,10,2,6.49,7.04,22.0,35.9,0.221,2
2024-05-20,福岡,10,3,6.64,7.32,29.6,42.8,0.226,3
2024-05-20,福岡,10,4,5.91,5.82,36.3,32.1,0.177,6
2024-05-20,福岡,10,5,3.87,3.49,37.8,35.2,0.211,5
2024-05-20,福岡,10,6,6.7,6.66,42.5,29.7,0.136,4
2024-05-20,尼崎,11,1,6.33,6.88,29.3,22.7,0.148,2
2024-05-20,尼崎,11,2,4.83,4.15,35.7,29.6,0.16,5
2024-05-20,尼崎,11,3,5.13,6.02,27.7,23.4,0.209,1
2024-05-20,尼崎,11,4,5.35,5.1,37.1,31.7,0.194,3
2024-05-20,尼崎,11,5,4.75,5.08,29.2,37.3,0.118,4
2024-05-20,尼崎,11,6,5.57,5.13,41.8,33.4,0.167,6
2024-05-20,桐生,12,1,4.28,3.42,35.0,34.1,0.152,2
2024-05-20,桐生,12,2,5.36,5.44,23.7,35.7,0.192,4
2024-05-20,桐生,12,3,7.48,7.13,35.9,31.6,0.146,3
2024-05-20,桐生,12,4,6.24,4.91,43.6,27.2,0.141,1
2024-05-20,桐生,12,5,4.4,4.25,26.0,32.7,0.174,5
2024-05-20,桐生,12,6,2.74,2.69,39.0,39.3,0.132,6
2024-05-21,浜名湖,1,1,4.35,4.73,27.0,35.9,0.106,4
2024-05-21,浜名湖,1,2,5.63,5.98,28.1,24.8,0.179,1
2024-05-21,浜名湖,1,3,5.78,6.55,39.4,24.7,0.203,3
2024-05-21,浜名湖,1,4,4.79,4.52,44.9,35.8,0.175,5
2024-05-21,浜名湖,1,5,5.93,7.62,44.7,34.9,0.164,6
2024-05-21,浜名湖,1,6,6.62,5.9,41.3,30.4,0.095,2
2024-05-21,児島,2,1,6.79,6.77,35.2,35.8,0.192,1
2024-05-21,児島,2,2,4.96,4.83,37.1,33.2,0.147,5
2024-05-21,児島,2,3,5.84,6.41,28.9,39.2,0.162,3
2024-05-21,児島,2,4,4.74,4.37,31.9,34.9,0.158,2
2024-05-21,児島,2,5,5.91,6.08,34.6,29.4,0.133,4
2024-05-21,児島,2,6,3.9,4.9,46.3,25.3,0.204,6
2024-05-21,宮島,3,1,5.49,4.65,41.0,40.4,0.154,1
2024-05-21,宮島,3,2,6.4,5.15,31.3,29.0,0.156,4
2024-05-21,宮島,3,3,4.16,4.31,48.1,26.8,0.218,6
2024-05-21,宮島,3,4,6.45,7.27,32.3,41.0,0.108,2
2024-05-21,宮島,3,5,5.77,6.26,25.6,22.8,0.176,5
2024-05-21,宮島,3,6,6.14,6.12,26.1,41.1,0.189,3
2024-05-21,唐津,4,1,2.68,2.57,43.6,24.0,0.187,5
2024-05-21,唐津,4,2,6.36,6.61,28.3,37.8,0.16,1
2024-05-21,唐津,4,3,7.4,7.31,46.9,33.7,0.183,2
2024-05-21,唐津,4,4,4.78,4.89,32.2,37.7,0.125,6
2024-05-21,唐津,4,5,6.33,6.69,39.4,37.7,0.199,4
2024-05-21,唐津,4,6,6.38,5.95,39.0,29.9,0.119,3
2024-05-22,常滑,5,1,5.58,4.8,35.8,34.5,0.224,1
2024-05-22,常滑,5,2,5.34,4.94,36.5,24.0,0.173,5
2024-05-22,常滑,5,3,5.65,7.27,34.9,37.3,0.162,4
2024-05-22,常滑,5,4,7.71,8.78,37.8,26.7,0.177,3
2024-05-22,常滑,5,5,4.58,4.26,27.6,34.4,0.149,6
2024-05-22,常滑,5,6,5.84,5.43,44.5,38.2,0.147,2
2024-05-22,丸亀,6,1,3.21,4.7,21.7,20.7,0.087,5
2024-05-22,丸亀,6,2,4.85,3.72,33.9,39.2,0.134,2
2024-05-22,丸亀,6,3,6.07,7.14,34.7,38.6,0.18,3
2024-05-22,丸亀,6,4,5.09,5.34,40.2,26.2,0.148,6
2024-05-22,丸亀,6,5,5.74,5.97,46.9,40.6,0.117,1
2024-05-22,丸亀,6,6,4.72,4.24,43.0,32.2,0.101,4
2024-05-22,戸田,7,1,4.8,5.37,26.3,28.3,0.091,1
2024-05-22,戸田,7,2,6.52,6.68,31.1,42.6,0.168,3
2024-05-22,戸田,7,3,5.77,5.73,36.2,36.8,0.201,2
2024-05-22,戸田,7,4,6.33,5.66,21.7,36.1,0.166,4
2024-05-22,戸田,7,5,4.4,4.5,27.6,34.6,0.158,5
2024-05-22,戸田,7,6,5.74,5.44,35.0,38.4,0.215,6
2024-05-22,多摩川,8,1,5.73,6.71,17.6,30.2,0.099,1
2024-05-22,多摩川,8,2,5.71,6.13,38.1,35.9,0.175,2
2024-05-22,多摩川,8,3,3.34,3.55,34.7,30.7,0.139,4
2024-05-22,多摩川,8,4,4.66,4.03,39.9,43.1,0.114,3
2024-05-22,多摩川,8,5,4.34,4.59,39.1,42.7,0.159,5
2024-05-22,多摩川,8,6,4.8,5.5,30.8,29.0,0.152,6
2024-05-23,大村,9,1,4.38,4.22,26.3,32.3,0.17,1
2024-05-23,大村,9,2,4.04,2.82,21.8,41.5,0.154,5
2024-05-23,大村,9,3,6.89,6.29,38.0,29.9,0.167,2
2024-05-23,大村,9,4,5.0,4.96,35.8,25.3,0.151,4
2024-05-23,大村,9,5,5.31,5.84,39.8,35.5,0.147,3
2024-05-23,大村,9,6,4.45,4.87,37.4,41.3,0.241,6
2024-05-23,三国,10,1,4.02,4.63,38.4,37.3,0.1,1
2024-05-23,三国,10,2,3.82,3.12,31.0,29.8,0.217,4
2024-05-23,三国,10,3,4.77,4.31,35.6,38.5,0.131,2
2024-05-23,三国,10,4,4.97,5.22,27.3,40.0,0.124,3
2024-05-23,三国,10,5,4.94,6.12,40.6,36.2,0.124,5
2024-05-23,三国,10,6,4.69,5.67,44.4,34.9,0.135,6
2024-05-23,若松,11,1,5.24,5.78,36.8,38.8,0.172,3
2024-05-23,若松,11,2,6.61,5.97,39.8,31.3,0.147,2
2024-05-23,若松,11,3,4.87,4.25,28.4,27.1,0.161,4
2024-05-23,若松,11,4,5.32,4.37,36.0,39.8,0.12,6
2024-05-23,若松,11,5,6.34,6.24,42.8,32.0,0.109,5
2024-05-23,若松,11,6,5.35,5.54,29.0,31.2,0.233,1
2024-05-23,住之江,12,1,4.75,4.82,24.5,18.8,0.105,1
2024-05-23,住之江,12,2,6.26,7.39,38.6,25.1,0.125,3
2024-05-23,住之江,12,3,4.56,3.98,27.3,29.4,0.092,2
2024-05-23,住之江,12,4,4.67,5.45,46.8,33.6,0.197,5
2024-05-23,住之江,12,5,5.62,5.51,44.1,38.1,0.154,6
2024-05-23,住之江,12,6,5.41,5.98,39.9,30.4,0.155,4
2024-05-24,徳山,1,1,5.1,6.42,33.9,38.3,0.17,1
2024-05-24,徳山,1,2,6.1,6.77,35.2,37.1,0.261,6
2024-05-24,徳山,1,3,5.21,5.56,35.1,29.1,0.143,2
2024-05-24,徳山,1,4,5.14,5.18,46.3,35.5,0.147,3
2024-05-24,徳山,1,5,6.07,5.43,30.8,27.5,0.172,4
2024-05-24,徳山,1,6,5.2,5.95,31.1,32.2,0.158,5
2024-05-24,津,2,1,4.26,5.3,44.0,40.6,0.156,1
2024-05-24,津,2,2,5.43,4.79,34.2,32.5,0.124,3
2024-05-24,津,2,3,4.73,5.05,42.0,40.8,0.199,4
2024-05-24,津,2,4,5.99,6.49,38.0,28.5,0.08,2
2024-05-24,津,2,5,4.59,5.14,24.8,37.4,0.145,6
2024-05-24,津,2,6,4.97,4.89,40.9,38.9,0.204,5
2024-05-24,芦屋,3,1,6.17,6.25,48.9,31.0,0.197,2
2024-05-24,芦屋,3,2,5.9,5.95,42.8,37.2,0.144,3
2024-05-24,芦屋,3,3,5.18,5.24,36.7,31.5,0.14,4
2024-05-24,芦屋,3,4,3.64,3.89,37.7,15.4,0.122,5
2024-05-24,芦屋,3,5,3.16,3.43,42.0,36.9,0.193,6
2024-05-24,芦屋,3,6,6.26,6.69,34.2,34.6,0.102,1
2024-05-24,蒲郡,4,1,5.75,6.9,43.9,46.2,0.189,2
2024-05-24,蒲郡,4,2,5.06,5.73,25.0,37.4,0.146,1
2024-05-24,蒲郡,4,3,4.84,4.4,41.7,15.0,0.197,3
2024-05-24,蒲郡,4,4,4.8,5.2,31.6,37.8,0.163,4
2024-05-24,蒲郡,4,5,4.44,4.04,47.9,35.9,0.154,5
2024-05-24,蒲郡,4,6,4.88,5.02,26.5,33.7,0.151,6
2024-05-25,びわこ,5,1,3.65,3.66,31.8,30.1,0.209,1
2024-05-25,びわこ,5,2,4.65,4.23,46.1,38.8,0.097,2
2024-05-25,びわこ,5,3,4.9,4.54,42.8,38.3,0.13,3
2024-05-25,びわこ,5,4,6.03,5.96,37.9,29.8,0.205,6
2024-05-25,びわこ,5,5,4.73,3.87,31.6,39.2,0.167,4
2024-05-25,びわこ,5,6,5.58,4.68,34.7,33.4,0.138,5
2024-05-25,下関,6,1,5.79,5.99,28.1,39.0,0.231,2
2024-05-25,下関,6,2,5.13,5.84,39.4,29.5,0.157,3
2024-05-25,下関,6,3,6.43,5.64,43.8,29.9,0.17,5
2024-05-25,下関,6,4,5.78,6.48,39.4,26.7,0.151,4
2024-05-25,下関,6,5,7.29,6.98,32.2,29.3,0.158,1
2024-05-25,下関,6,6,4.4,5.25,43.9,38.9,0.182,6
2024-05-25,平和島,7,1,4.46,3.89,33.5,35.6,0.177,2
2024-05-25,平和島,7,2,5.47,5.49,39.3,30.2,0.113,1
2024-05-25,平和島,7,3,3.31,3.65,44.0,26.5,0.081,4
2024-05-25,平和島,7,4,5.71,5.12,42.3,37.9,0.125,3
2024-05-25,平和島,7,5,3.95,3.67,36.6,42.0,0.188,5
2024-05-25,平和島,7,6,3.94,5.88,28.8,35.7,0.215,6
2024-05-25,江戸川,8,1,5.07,4.36,36.5,25.5,0.135,2
2024-05-25,江戸川,8,2,4.49,4.47,39.6,43.0,0.202,3
2024-05-25,江戸川,8,3,5.9,5.13,28.9,28.7,0.141,4
2024-05-25,江戸川,8,4,4.43,4.16,42.8,31.3,0.091,5
2024-05-25,江戸川,8,5,5.24,5.02,50.1,39.6,0.22,1
2024-05-25,江戸川,8,6,6.16,6.3,34.3,28.8,0.167,6
2024-05-26,鳴門,9,1,4.76,4.59,43.2,38.3,0.13,2
2024-05-26,鳴門,9,2,5.54,6.76,24.5,33.2,0.126,4
2024-05-26,鳴門,9,3,3.34,2.76,34.0,30.2,0.128,5
2024-05-26,鳴門,9,4,4.8,4.22,33.1,34.0,0.17,6
2024-05-26,鳴門,9,5,4.96,5.65,24.6,34.6,0.142,3
2024-05-26,鳴門,9,6,6.6,6.74,31.2,24.3,0.14,1
2024-05-26,福岡,10,1,5.67,5.53,47.1,29.3,0.163,1
2024-05-26,福岡,10,2,6.32,7.39,39.5,35.0,0.161,2
2024-05-26,福岡,10,3,4.91,5.89,47.2,40.0,0.188,4
2024-05-26,福岡,10,4,7.21,6.38,29.9,46.7,0.146,3
2024-05-26,福岡,10,5,3.75,4.37,43.3,35.3,0.104,6
2024-05-26,福岡,10,6,4.63,5.17,45.3,36.7,0.175,5
2024-05-26,尼崎,11,1,4.32,4.23,43.8,36.9,0.104,4
2024-05-26,尼崎,11,2,5.2,4.69,49.4,34.6,0.163,5
2024-05-26,尼崎,11,3,5.6,4.84,35.3,36.8,0.167,2
2024-05-26,尼崎,11,4,6.31,6.65,34.2,34.6,0.229,3
2024-05-26,尼崎,11,5,6.58,6.88,30.6,34.3,0.183,1
2024-05-26,尼崎,11,6,5.63,6.01,29.3,35.2,0.211,6
2024-05-26,桐生,12,1,5.28,5.26,34.0,30.1,0.223,1
2024-05-26,桐生,12,2,6.94,6.27,39.7,38.3,0.123,2
2024-05-26,桐生,12,3,4.67,5.31,37.1,30.2,0.187,4
2024-05-26,桐生,12,4,5.6,5.6,29.6,40.1,0.164,6
2024-05-26,桐生,12,5,5.29,6.22,20.1,39.8,0.171,3
2024-05-26,桐生,12,6,5.45,4.83,25.0,36.7,0.172,5
2024-05-27,浜名湖,1,1,6.11,5.59,37.9,35.1,0.176,2
2024-05-27,浜名湖,1,2,6.43,6.89,46.1,40.7,0.116,1
2024-05-27,浜名湖,1,3,5.9,6.53,30.7,34.5,0.173,4
2024-05-27,浜名湖,1,4,6.46,5.92,39.0,29.8,0.177,5
2024-05-27,浜名湖,1,5,5.19,5.78,28.9,34.9,0.185,6
2024-05-27,浜名湖,1,6,5.21,5.25,29.4,38.9,0.187,3
2024-05-27,児島,2,1,5.16,5.77,21.6,33.4,0.152,1
2024-05-27,児島,2,2,4.77,4.57,44.1,30.8,0.149,2
2024-05-27,児島,2,3,3.42,3.7,37.8,36.0,0.102,5
2024-05-27,児島,2,4,4.66,4.2,40.1,31.8,0.211,6
2024-05-27,児島,2,5,6.07,5.72,31.4,37.0,0.192,4
2024-05-27,児島,2,6,6.73,6.63,46.2,27.2,0.151,3
2024-05-27,宮島,3,1,5.05,4.64,44.3,31.1,0.146,1
2024-05-27,宮島,3,2,4.52,4.01,33.7,35.0,0.194,2
2024-05-27,宮島,3,3,4.84,4.13,33.3,31.7,0.2,6
2024-05-27,宮島,3,4,3.74,2.69,33.8,36.9,0.217,5
2024-05-27,宮島,3,5,5.62,5.29,46.5,36.4,0.214,4
2024-05-27,宮島,3,6,6.5,6.75,31.1,39.9,0.152,3
2024-05-27,唐津,4,1,4.25,3.83,31.4,45.8,0.148,3
2024-05-27,唐津,4,2,3.66,3.4,36.2,33.5,0.152,2
2024-05-27,唐津,4,3,5.93,5.25,26.2,37.6,0.189,6
2024-05-27,唐津,4,4,6.11,5.32,34.2,41.8,0.106,5
2024-05-27,唐津,4,5,5.23,4.59,40.6,28.7,0.139,4
2024-05-27,唐津,4,6,5.87,6.22,44.6,32.8,0.133,1
2024-05-28,常滑,5,1,4.66,5.18,29.9,38.7,0.169,1
2024-05-28,常滑,5,2,5.41,4.98,44.6,34.9,0.213,2
2024-05-28,常滑,5,3,3.75,4.59,27.1,34.8,0.148,5
2024-05-28,常滑,5,4,5.09,4.44,26.8,35.3,0.136,6
2024-05-28,常滑,5,5,5.48,6.32,31.7,38.8,0.139,4
2024-05-28,常滑,5,6,5.16,5.04,53.0,26.1,0.137,3
2024-05-28,丸亀,6,1,5.32,5.64,36.4,40.9,0.145,1
2024-05-28,丸亀,6,2,4.56,3.41,38.9,31.1,0.182,6
2024-05-28,丸亀,6,3,3.85,3.3,32.8,29.8,0.15,4
2024-05-28,丸亀,6,4,5.36,5.63,33.8,29.8,0.125,2
2024-05-28,丸亀,6,5,5.96,6.6,27.9,28.2,0.129,5
2024-05-28,丸亀,6,6,5.47,5.31,34.4,23.9,0.154,3
2024-05-28,戸田,7,1,7.39,6.82,35.2,28.3,0.206,1
2024-05-28,戸田,7,2,5.57,6.17,43.9,30.0,0.168,4
2024-05-28,戸田,7,3,6.53,5.27,50.0,32.5,0.088,2
2024-05-28,戸田,7,4,4.55,4.56,35.8,40.3,0.096,5
2024-05-28,戸田,7,5,6.53,5.75,40.1,38.7,0.141,3
2024-05-28,戸田,7,6,5.54,5.25,45.7,32.5,0.184,6
2024-05-28,多摩川,8,1,6.15,6.17,39.9,34.5,0.173,2
2024-05-28,多摩川,8,2,3.9,4.4,40.9,37.8,0.132,5
2024-05-28,多摩川,8,3,5.49,5.58,30.3,31.0,0.138,1
2024-05-28,多摩川,8,4,4.71,4.69,31.1,26.3,0.161,3
2024-05-28,多摩川,8,5,5.46,3.7,42.1,33.9,0.126,4
2024-05-28,多摩川,8,6,5.41,5.85,35.8,20.2,0.201,6
2024-05-29,大村,9,1,5.42,4.76,39.9,30.8,0.144,2
2024-05-29,大村,9,2,6.16,5.77,37.4,24.3,0.134,5
2024-05-29,大村,9,3,4.65,4.05,39.3,30.3,0.131,6
2024-05-29,大村,9,4,4.73,5.19,36.9,25.0,0.205,1
2024-05-29,大村,9,5,5.1,4.5,35.0,30.5,0.177,3
2024-05-29,大村,9,6,6.63,5.66,30.6,35.5,0.142,4
2024-05-29,三国,10,1,4.92,4.86,46.1,41.9,0.231,2
2024-05-29,三国,10,2,6.84,6.7,30.1,41.6,0.135,1
2024-05-29,三国,10,3,4.78,4.15,35.3,28.6,0.149,3
2024-05-29,三国,10,4,5.19,5.76,31.8,35.9,0.125,4
2024-05-29,三国,10,5,3.38,3.53,38.7,18.5,0.103,5
2024-05-29,三国,10,6,5.29,5.12,32.5,37.4,0.237,6
2024-05-29,若松,11,1,4.31,4.44,31.5,22.0,0.133,3
2024-05-29,若松,11,2,4.62,4.49,29.4,41.0,0.236,6
2024-05-29,若松,11,3,3.85,4.67,49.1,32.7,0.172,2
2024-05-29,若松,11,4,5.56,6.28,38.6,30.2,0.142,5
2024-05-29,若松,11,5,4.7,5.45,37.0,32.6,0.186,4
2024-05-29,若松,11,6,6.38,7.31,35.9,30.3,0.118,1
2024-05-29,住之江,12,1,5.01,4.12,49.2,34.5,0.083,1
2024-05-29,住之江,12,2,5.34,5.4,27.3,40.5,0.179,5
2024-05-29,住之江,12,3,4.72,3.65,31.6,32.5,0.118,3
2024-05-29,住之江,12,4,6.14,5.84,31.9,33.6,0.215,2
2024-05-29,住之江,12,5,3.74,3.42,52.2,31.8,0.219,6
2024-05-29,住之江,12,6,6.6,6.37,35.3,37.0,0.158,4
2024-05-30,徳山,1,1,5.87,6.42,35.0,33.6,0.143,1
2024-05-30,徳山,1,2,4.96,5.55,34.3,35.0,0.202,3
2024-05-30,徳山,1,3,5.71,5.37,42.5,25.2,0.147,2
2024-05-30,徳山,1,4,5.04,4.7,47.6,32.5,0.154,5
2024-05-30,徳山,1,5,4.08,3.62,26.5,36.8,0.139,6
2024-05-30,徳山,1,6,5.23,4.68,26.2,29.9,0.166,4
2024-05-30,津,2,1,6.3,6.43,36.8,25.0,0.131,1
2024-05-30,津,2,2,5.33,6.21,32.3,35.3,0.149,3
2024-05-30,津,2,3,5.04,5.08,46.6,41.1,0.141,5
2024-05-30,津,2,4,5.35,5.01,51.5,38.8,0.158,2
2024-05-30,津,2,5,4.35,4.28,17.4,31.6,0.144,4
2024-05-30,津,2,6,3.68,4.2,32.6,38.4,0.134,6
2024-05-30,芦屋,3,1,5.3,5.31,32.6,24.0,0.169,1
2024-05-30,芦屋,3,2,5.31,5.88,26.3,33.2,0.166,3
2024-05-30,芦屋,3,3,4.94,4.94,39.5,28.1,0.154,5
2024-05-30,芦屋,3,4,4.82,4.12,40.1,38.0,0.192,6
2024-05-30,芦屋,3,5,4.77,5.64,43.3,38.6,0.143,2
2024-05-30,芦屋,3,6,4.55,3.94,35.6,35.8,0.179,4
2024-05-30,蒲郡,4,1,7.52,8.35,24.2,41.6,0.166,1
2024-05-30,蒲郡,4,2,5.41,5.34,25.8,31.4,0.16,5
2024-05-30,蒲郡,4,3,4.47,4.48,38.1,31.5,0.208,6
2024-05-30,蒲郡,4,4,6.02,6.79,29.9,40.8,0.156,4
2024-05-30,蒲郡,4,5,6.98,7.95,33.1,40.4,0.195,2
2024-05-30,蒲郡,4,6,7.56,7.51,30.8,34.4,0.158,3
2024-05-31,びわこ,5,1,5.07,4.87,30.9,34.3,0.221,2
2024-05-31,びわこ,5,2,5.04,6.09,32.7,32.3,0.235,3
2024-05-31,びわこ,5,3,6.62,7.01,39.0,38.3,0.188,1
2024-05-31,びわこ,5,4,4.33,2.98,33.5,25.7,0.167,6
2024-05-31,びわこ,5,5,5.49,6.17,31.9,30.0,0.189,5
2024-05-31,びわこ,5,6,5.38,5.33,26.7,39.8,0.125,4
2024-05-31,下関,6,1,4.49,5.22,24.1,32.8,0.196,4
2024-05-31,下関,6,2,5.71,5.1,26.3,30.0,0.143,1
2024-05-31,下関,6,3,4.86,4.39,17.5,42.1,0.233,5
2024-05-31,下関,6,4,5.16,4.61,37.2,35.9,0.131,3
2024-05-31,下関,6,5,6.16,6.36,34.9,35.0,0.136,2
2024-05-31,下関,6,6,5.51,5.1,34.4,39.5,0.197,6
2024-05-31,平和島,7,1,6.0,6.27,30.3,30.8,0.172,1
2024-05-31,平和島,7,2,6.7,5.39,31.2,41.4,0.122,2
2024-05-31,平和島,7,3,6.83,6.26,37.5,45.4,0.118,6
2024-05-31,平和島,7,4,6.46,6.2,34.9,34.6,0.203,4
2024-05-31,平和島,7,5,6.4,6.87,35.1,40.4,0.171,3
2024-05-31,平和島,7,6,8.39,7.23,27.3,28.2,0.147,5
2024-05-31,江戸川,8,1,4.95,5.5,37.3,40.8,0.124,3
2024-05-31,江戸川,8,2,5.44,5.08,24.3,33.6,0.121,2
2024-05-31,江戸川,8,3,5.87,6.16,54.3,41.6,0.091,1
2024-05-31,江戸川,8,4,5.62,5.76,31.7,39.5,0.08,4
2024-05-31,江戸川,8,5,6.02,6.14,41.4,31.8,0.142,5
2024-05-31,江戸川,8,6,5.57,4.56,41.6,27.6,0.191,6
2024-06-01,鳴門,9,1,5.42,5.12,35.4,35.5,0.138,2
2024-06-01,鳴門,9,2,5.5,4.86,38.2,37.1,0.111,1
2024-06-01,鳴門,9,3,5.04,5.2,33.9,36.3,0.167,6
2024-06-01,鳴門,9,4,5.49,5.82,40.0,41.4,0.172,3
2024-06-01,鳴門,9,5,6.26,5.98,30.3,41.6,0.185,5
2024-06-01,鳴門,9,6,4.37,5.07,36.2,23.9,0.176,4
2024-06-01,福岡,10,1,5.68,7.18,52.9,33.1,0.109,1
2024-06-01,福岡,10,2,5.13,4.99,23.5,33.6,0.138,3
2024-06-01,福岡,10,3,3.88,3.91,26.7,29.1,0.138,6
2024-06-01,福岡,10,4,4.87,4.54,30.8,29.9,0.14,5
2024-06-01,福岡,10,5,7.27,7.81,30.9,25.9,0.199,2
2024-06-01,福岡,10,6,5.75,6.45,21.9,30.4,0.167,4
2024-06-01,尼崎,11,1,4.7,4.48,39.4,41.0,0.165,4
2024-06-01,尼崎,11,2,6.62,6.96,40.1,33.3,0.146,2
2024-06-01,尼崎,11,3,5.25,5.95,29.0,36.0,0.161,3
2024-06-01,尼崎,11,4,5.06,4.45,32.6,32.5,0.252,6
2024-06-01,尼崎,11,5,6.05,5.78,37.6,32.1,0.133,1
2024-06-01,尼崎,11,6,6.51,5.49,34.1,32.0,0.105,5
2024-06-01,桐生,12,1,7.56,5.85,33.5,42.1,0.172,1
2024-06-01,桐生,12,2,6.82,7.36,24.0,39.0,0.154,3
2024-06-01,桐生,12,3,4.26,4.59,36.3,28.5,0.149,6
2024-06-01,桐生,12,4,6.93,6.06,38.6,32.4,0.143,2
2024-06-01,桐生,12,5,6.92,7.26,28.5,34.5,0.176,5
2024-06-01,桐生,12,6,5.36,5.46,36.8,38.0,0.096,4
2024-06-02,浜名湖,1,1,3.82,4.1,35.4,33.9,0.108,3
2024-06-02,浜名湖,1,2,6.06,3.52,36.3,38.7,0.13,4
2024-06-02,浜名湖,1,3,5.52,6.81,37.7,47.6,0.173,5
2024-06-02,浜名湖,1,4,4.66,5.52,26.0,30.6,0.147,1
2024-06-02,浜名湖,1,5,5.48,4.62,27.1,44.4,0.164,2
2024-06-02,浜名湖,1,6,5.09,5.28,30.0,40.8,0.191,6
2024-06-02,児島,2,1,7.01,6.93,38.4,43.2,0.117,1
2024-06-02,児島,2,2,6.4,6.24,32.2,33.4,0.151,4
2024-06-02,児島,2,3,5.84,5.92,47.2,36.2,0.219,3
2024-06-02,児島,2,4,7.17,7.11,43.8,35.2,0.218,5
2024-06-02,児島,2,5,4.99,5.25,28.7,43.0,0.156,6
2024-06-02,児島,2,6,6.47,6.85,30.3,26.4,0.104,2
2024-06-02,宮島,3,1,4.09,5.18,28.9,33.6,0.16,3
2024-06-02,宮島,3,2,6.3,6.06,41.7,34.7,0.189,1
2024-06-02,宮島,3,3,3.28,2.46,25.9,26.9,0.165,6
2024-06-02,宮島,3,4,7.16,8.02,37.3,33.4,0.184,2
2024-06-02,宮島,3,5,4.97,5.4,31.7,33.6,0.156,4
2024-06-02,宮島,3,6,4.79,4.84,34.3,26.9,0.218,5
2024-06-02,唐津,4,1,5.1,4.09,35.9,35.7,0.142,2
2024-06-02,唐津,4,2,5.35,5.7,32.8,44.1,0.13,3
2024-06-02,唐津,4,3,4.94,4.83,36.5,37.3,0.149,1
2024-06-02,唐津,4,4,3.58,3.74,35.3,26.0,0.111,6
2024-06-02,唐津,4,5,6.52,6.75,34.4,32.1,0.143,4
2024-06-02,唐津,4,6,6.01,6.64,38.6,29.9,0.179,5
2024-06-03,常滑,5,1,5.27,4.93,31.5,28.7,0.174,1
2024-06-03,常滑,5,2,4.44,4.57,31.8,35.3,0.197,3
2024-06-03,常滑,5,3,5.25,4.62,42.4,43.4,0.094,5
2024-06-03,常滑,5,4,5.2,4.44,46.5,36.9,0.23,6
2024-06-03,常滑,5,5,4.92,4.03,35.3,24.0,0.148,2
2024-06-03,常滑,5,6,5.89,6.43,35.7,38.3,0.155,4
2024-06-03,丸亀,6,1,4.56,4.75,38.9,35.2,0.107,2
2024-06-03,丸亀,6,2,5.26,4.38,42.1,33.2,0.096,3
2024-06-03,丸亀,6,3,5.21,4.81,36.6,34.6,0.132,5
2024-06-03,丸亀,6,4,5.58,4.94,40.1,34.9,0.152,1
2024-06-03,丸亀,6,5,4.58,4.09,34.0,28.3,0.21,6
2024-06-03,丸亀,6,6,6.07,7.09,44.6,46.1,0.13,4
2024-06-03,戸田,7,1,6.87,5.59,25.0,26.4,0.17,1
2024-06-03,戸田,7,2,5.77,6.87,35.2,25.7,0.175,2
2024-06-03,戸田,7,3,7.32,7.29,36.0,35.9,0.18,3
2024-06-03,戸田,7,4,4.94,5.85,45.5,34.1,0.14,4
2024-06-03,戸田,7,5,4.29,3.57,33.1,29.8,0.169,6
2024-06-03,戸田,7,6,4.5,4.28,18.0,36.1,0.152,5
2024-06-03,多摩川,8,1,5.07,5.41,28.5,30.4,0.15,1
2024-06-03,多摩川,8,2,6.1,6.59,43.0,28.6,0.14,2
2024-06-03,多摩川,8,3,6.02,5.28,33.1,39.9,0.163,4
2024-06-03,多摩川,8,4,4.29,4.08,39.6,39.8,0.102,6
2024-06-03,多摩川,8,5,5.02,4.46,47.3,37.7,0.122,5
2024-06-03,多摩川,8,6,5.54,4.66,33.3,36.7,0.114,3
2024-06-04,大村,9,1,6.18,5.96,36.1,34.1,0.158,1
2024-06-04,大村,9,2,6.36,6.6,35.5,37.2,0.144,4
2024-06-04,大村,9,3,5.84,4.55,29.6,30.2,0.148,6
2024-06-04,大村,9,4,4.59,4.7,39.9,36.3,0.193,2
2024-06-04,大村,9,5,6.77,7.66,31.5,28.9,0.138,3
2024-06-04,大村,9,6,6.05,6.32,36.1,29.8,0.144,5
2024-06-04,三国,10,1,6.09,6.47,23.8,38.3,0.163,2
2024-06-04,三国,10,2,3.12,2.18,32.5,25.9,0.203,5
2024-06-04,三国,10,3,6.07,6.25,53.8,34.0,0.209,1
2024-06-04,三国,10,4,4.24,4.42,43.4,30.6,0.194,4
2024-06-04,三国,10,5,5.37,5.47,35.6,30.2,0.164,3
2024-06-04,三国,10,6,4.65,3.1,39.1,29.8,0.178,6
2024-06-04,若松,11,1,5.48,4.43,43.2,39.7,0.17,3
2024-06-04,若松,11,2,6.18,6.16,46.0,31.1,0.152,1
2024-06-04,若松,11,3,3.27,3.02,33.5,20.2,0.126,6
2024-06-04,若松,11,4,5.69,6.64,41.2,25.9,0.186,4
2024-06-04,若松,11,5,5.47,4.78,47.5,44.1,0.169,5
2024-06-04,若松,11,6,4.25,3.58,40.9,23.8,0.198,2
2024-06-04,住之江,12,1,5.74,5.81,35.1,34.5,0.125,1
2024-06-04,住之江,12,2,4.05,4.7,32.3,27.0,0.182,3
2024-06-04,住之江,12,3,5.48,4.58,25.9,37.1,0.237,6
2024-06-04,住之江,12,4,5.67,6.0,28.9,40.4,0.138,2
2024-06-04,住之江,12,5,4.59,3.87,29.6,28.4,0.146,5
2024-06-04,住之江,12,6,5.67,5.33,37.7,30.6,0.198,4
2024-06-05,徳山,1,1,4.51,4.49,40.8,32.7,0.18,1
2024-06-05,徳山,1,2,4.97,5.81,29.3,27.3,0.166,2
2024-06-05,徳山,1,3,3.96,4.72,40.8,28.3,0.153,5
2024-06-05,徳山,1,4,4.19,4.38,25.7,23.8,0.209,6
2024-06-05,徳山,1,5,4.66,4.52,30.1,46.6,0.176,4
2024-06-05,徳山,1,6,6.27,7.52,19.7,38.6,0.166,3
2024-06-05,津,2,1,3.36,3.74,36.0,37.9,0.173,5
2024-06-05,津,2,2,6.08,6.06,29.6,39.5,0.159,4
2024-06-05,津,2,3,6.46,5.8,40.4,34.0,0.159,2
2024-06-05,津,2,4,6.4,5.93,38.0,24.9,0.171,1
2024-06-05,津,2,5,4.15,4.12,27.3,40.5,0.122,6
2024-06-05,津,2,6,6.2,6.26,39.3,35.2,0.241,3
2024-06-05,芦屋,3,1,6.23,6.21,40.3,32.2,0.157,2
2024-06-05,芦屋,3,2,6.67,7.64,34.4,39.3,0.111,1
2024-06-05,芦屋,3,3,6.13,5.11,54.2,40.0,0.22,3
2024-06-05,芦屋,3,4,4.08,3.56,29.1,39.1,0.125,5
2024-06-05,芦屋,3,5,6.96,6.25,30.7,42.2,0.247,4
2024-06-05,芦屋,3,6,3.03,2.62,36.6,33.8,0.141,6
2024-06-05,蒲郡,4,1,7.99,7.81,39.4,21.4,0.138,1
2024-06-05,蒲郡,4,2,4.73,4.28,31.3,28.3,0.142,6
2024-06-05,蒲郡,4,3,5.8,5.17,33.7,29.4,0.193,3
2024-06-05,蒲郡,4,4,5.63,5.89,33.3,37.1,0.154,2
2024-06-05,蒲郡,4,5,6.68,8.04,39.6,34.2,0.178,4
2024-06-05,蒲郡,4,6,4.97,5.44,36.5,21.2,0.149,5
2024-06-06,びわこ,5,1,7.24,7.3,43.0,37.2,0.259,1
2024-06-06,びわこ,5,2,8.1,7.54,26.9,37.3,0.157,2
2024-06-06,びわこ,5,3,6.28,6.82,30.0,34.3,0.192,3
2024-06-06,びわこ,5,4,5.5,6.28,35.3,36.0,0.206,5
2024-06-06,びわこ,5,5,4.03,4.16,35.8,36.6,0.244,6
2024-06-06,びわこ,5,6,5.64,5.3,41.6,35.7,0.209,4
2024-06-06,下関,6,1,5.19,5.03,33.1,30.4,0.16,4
2024-06-06,下関,6,2,6.39,6.69,39.6,42.1,0.173,5
2024-06-06,下関,6,3,6.82,6.64,36.7,21.5,0.144,6
2024-06-06,下関,6,4,6.13,6.49,42.3,31.1,0.143,1
2024-06-06,下関,6,5,4.67,4.47,35.8,22.4,0.106,2
2024-06-06,下関,6,6,4.73,5.21,31.9,28.0,0.183,3
2024-06-06,平和島,7,1,4.42,4.64,40.6,36.9,0.116,1
2024-06-06,平和島,7,2,3.68,3.81,35.8,38.7,0.137,6
2024-06-06,平和島,7,3,6.57,7.26,28.0,32.4,0.133,4
2024-06-06,平和島,7,4,6.55,6.16,35.5,35.6,0.116,3
2024-06-06,平和島,7,5,4.75,3.89,37.4,35.1,0.142,5
2024-06-06,平和島,7,6,7.1,7.53,35.2,31.9,0.225,2
2024-06-06,江戸川,8,1,3.22,2.77,30.9,43.9,0.157,4
2024-06-06,江戸川,8,2,5.24,5.36,42.0,41.9,0.092,2
2024-06-06,江戸川,8,3,5.39,6.55,31.6,40.6,0.141,1
2024-06-06,江戸川,8,4,5.15,5.99,31.7,34.5,0.172,3
2024-06-06,江戸川,8,5,5.47,6.02,47.0,38.9,0.148,5
2024-06-06,江戸川,8,6,5.7,5.55,27.3,28.5,0.141,6
2024-06-07,鳴門,9,1,4.4,5.03,34.6,38.8,0.165,2
2024-06-07,鳴門,9,2,4.78,5.08,36.9,35.5,0.146,3
2024-06-07,鳴門,9,3,5.5,5.87,27.0,24.2,0.187,5
2024-06-07,鳴門,9,4,4.58,4.82,44.5,32.5,0.151,4
2024-06-07,鳴門,9,5,5.98,6.03,22.5,38.8,0.134,1
2024-06-07,鳴門,9,6,4.73,4.88,34.8,35.4,0.249,6
2024-06-07,福岡,10,1,4.46,4.73,59.1,33.4,0.183,5
2024-06-07,福岡,10,2,8.5,7.66,31.1,22.9,0.186,2
2024-06-07,福岡,10,3,5.87,5.88,46.2,42.5,0.202,3
2024-06-07,福岡,10,4,4.52,4.61,41.5,17.7,0.217,6
2024-06-07,福岡,10,5,7.04,6.36,29.9,27.9,0.139,1
2024-06-07,福岡,10,6,3.68,4.48,39.0,29.2,0.089,4
2024-06-07,尼崎,11,1,5.74,5.05,44.3,41.3,0.188,1
2024-06-07,尼崎,11,2,4.35,3.89,29.6,30.4,0.183,5
2024-06-07,尼崎,11,3,5.01,5.72,34.5,30.7,0.138,3
2024-06-07,尼崎,11,4,5.18,4.66,34.3,36.3,0.176,4
2024-06-07,尼崎,11,5,7.31,6.62,40.0,34.2,0.17,2
2024-06-07,尼崎,11,6,4.62,5.0,22.8,34.8,0.108,6
2024-06-07,桐生,12,1,5.56,5.28,23.6,38.4,0.186,4
2024-06-07,桐生,12,2,5.67,6.39,41.9,38.2,0.138,1
2024-06-07,桐生,12,3,4.52,4.76,28.0,33.0,0.188,3
2024-06-07,桐生,12,4,6.35,6.07,46.7,33.0,0.252,2
2024-06-07,桐生,12,5,5.36,4.68,32.0,45.9,0.116,6
2024-06-07,桐生,12,6,5.7,6.46,32.3,28.8,0.152,5
2024-06-08,浜名湖,1,1,5.32,4.38,40.0,32.6,0.135,1
2024-06-08,浜名湖,1,2,3.65,4.19,35.7,35.5,0.159,5
2024-06-08,浜名湖,1,3,6.0,6.72,20.7,34.6,0.155,4
2024-06-08,浜名湖,1,4,5.8,5.67,32.1,41.1,0.125,3
2024-06-08,浜名湖,1,5,4.96,4.46,31.2,42.4,0.13,2
2024-06-08,浜名湖,1,6,3.79,2.31,29.9,26.2,0.203,6
2024-06-08,児島,2,1,5.91,6.03,34.8,28.6,0.162,1
2024-06-08,児島,2,2,4.02,4.05,25.9,23.7,0.156,5
2024-06-08,児島,2,3,6.31,5.95,24.4,28.4,0.15,4
2024-06-08,児島,2,4,5.84,5.7,42.2,29.9,0.175,2
2024-06-08,児島,2,5,5.76,6.06,27.1,39.1,0.141,3
2024-06-08,児島,2,6,4.34,4.55,31.6,29.7,0.183,6
2024-06-08,宮島,3,1,5.75,6.87,48.0,39.2,0.194,1
2024-06-08,宮島,3,2,4.84,4.17,39.1,37.2,0.179,3
2024-06-08,宮島,3,3,5.75,5.68,30.8,38.2,0.16,4
2024-06-08,宮島,3,4,4.94,4.77,29.4,37.9,0.131,6
2024-06-08,宮島,3,5,4.57,4.14,34.9,31.8,0.204,5
2024-06-08,宮島,3,6,6.37,7.21,42.4,39.6,0.143,2
2024-06-08,唐津,4,1,6.64,7.39,32.2,42.1,0.1,1
2024-06-08,唐津,4,2,3.97,3.99,26.7,33.8,0.135,4
2024-06-08,唐津,4,3,7.6,8.13,42.4,37.0,0.158,3
2024-06-08,唐津,4,4,4.25,3.78,40.8,31.6,0.174,6
2024-06-08,唐津,4,5,7.74,8.59,34.6,45.5,0.179,2
2024-06-08,唐津,4,6,5.28,5.03,45.3,38.7,0.191,5
2024-06-09,常滑,5,1,5.22,6.37,32.9,28.0,0.182,2
2024-06-09,常滑,5,2,6.07,5.71,39.2,35.0,0.171,3
2024-06-09,常滑,5,3,4.67,4.6,43.1,41.7,0.187,4
2024-06-09,常滑,5,4,5.65,5.43,33.1,25.0,0.088,1
2024-06-09,常滑,5,5,6.25,5.4,32.8,34.6,0.141,5
2024-06-09,常滑,5,6,5.05,4.23,32.3,36.9,0.129,6
2024-06-09,丸亀,6,1,3.08,2.68,45.4,40.4,0.124,3
2024-06-09,丸亀,6,2,4.7,4.0,32.8,38.8,0.162,4
2024-06-09,丸亀,6,3,3.24,4.57,26.9,34.2,0.189,6
2024-06-09,丸亀,6,4,6.24,4.85,28.9,30.0,0.113,5
2024-06-09,丸亀,6,5,6.28,5.51,42.7,39.4,0.148,2
2024-06-09,丸亀,6,6,4.81,4.37,30.4,29.3,0.162,1
2024-06-09,戸田,7,1,5.24,5.81,39.8,34.6,0.155,3
2024-06-09,戸田,7,2,6.44,6.18,38.0,23.1,0.137,2
2024-06-09,戸田,7,3,3.82,2.92,36.7,22.2,0.149,5
2024-06-09,戸田,7,4,5.75,6.8,45.9,29.5,0.153,4
2024-06-09,戸田,7,5,6.5,7.36,40.4,36.0,0.123,1
2024-06-09,戸田,7,6,4.83,5.42,44.4,25.4,0.231,6
2024-06-09,多摩川,8,1,6.25,5.78,33.8,38.2,0.194,4
2024-06-09,多摩川,8,2,4.7,3.95,35.7,52.1,0.156,6
2024-06-09,多摩川,8,3,6.02,6.47,36.0,22.1,0.137,5
2024-06-09,多摩川,8,4,6.04,5.67,33.5,27.4,0.141,1
2024-06-09,多摩川,8,5,6.25,6.51,29.2,26.8,0.196,2
2024-06-09,多摩川,8,6,6.01,6.21,36.0,19.2,0.192,3
2024-06-10,大村,9,1,5.06,5.07,42.6,28.3,0.15,2
2024-06-10,大村,9,2,5.89,7.07,39.7,38.1,0.119,1
2024-06-10,大村,9,3,3.71,4.54,41.3,34.8,0.124,6
2024-06-10,大村,9,4,4.96,5.79,15.0,34.7,0.08,3
2024-06-10,大村,9,5,5.12,5.65,27.2,28.3,0.085,4
2024-06-10,大村,9,6,5.6,5.46,28.3,32.8,0.18,5
2024-06-10,三国,10,1,4.38,4.7,36.8,31.2,0.171,4
2024-06-10,三国,10,2,4.73,5.36,24.1,45.6,0.169,3
2024-06-10,三国,10,3,5.84,5.29,32.3,46.1,0.177,2
2024-06-10,三国,10,4,5.26,5.83,41.6,32.1,0.202,1
2024-06-10,三国,10,5,5.38,5.84,30.0,24.7,0.155,5
2024-06-10,三国,10,6,5.12,5.67,43.7,32.1,0.161,6
2024-06-10,若松,11,1,4.69,4.76,44.6,38.5,0.165,4
2024-06-10,若松,11,2,4.51,4.1,42.5,34.4,0.165,2
2024-06-10,若松,11,3,5.03,4.77,45.3,38.0,0.106,1
2024-06-10,若松,11,4,4.67,4.39,33.7,24.5,0.136,3
2024-06-10,若松,11,5,5.24,4.99,42.1,26.1,0.154,5
2024-06-10,若松,11,6,5.46,5.69,33.8,36.4,0.186,6
2024-06-10,住之江,12,1,5.69,5.51,38.0,46.1,0.214,1
2024-06-10,住之江,12,2,6.98,6.6,31.0,33.5,0.184,3
2024-06-10,住之江,12,3,6.46,6.69,46.5,26.2,0.167,2
2024-06-10,住之江,12,4,7.0,5.81,33.9,22.7,0.178,6
2024-06-10,住之江,12,5,5.81,6.45,41.6,33.3,0.184,4
2024-06-10,住之江,12,6,5.0,5.39,32.2,39.5,0.135,5
2024-06-11,徳山,1,1,4.4,3.07,24.2,35.7,0.202,3
2024-06-11,徳山,1,2,5.56,6.27,35.4,42.6,0.215,4
2024-06-11,徳山,1,3,6.76,7.24,34.8,34.5,0.201,1
2024-06-11,徳山,1,4,3.91,4.67,49.3,36.2,0.199,6
2024-06-11,徳山,1,5,4.17,3.9,33.1,35.5,0.146,5
2024-06-11,徳山,1,6,5.3,5.71,43.1,39.8,0.212,2
2024-06-11,津,2,1,5.16,4.46,20.1,30.9,0.153,5
2024-06-11,津,2,2,6.79,6.42,38.5,42.2,0.215,1
2024-06-11,津,2,3,6.43,7.02,35.8,36.3,0.131,2
2024-06-11,津,2,4,4.8,4.7,36.2,40.1,0.154,4
2024-06-11,津,2,5,5.04,6.72,32.5,37.2,0.109,3
2024-06-11,津,2,6,4.25,3.95,40.7,44.8,0.168,6
2024-06-11,芦屋,3,1,4.98,5.31,33.1,39.9,0.113,1
2024-06-11,芦屋,3,2,4.64,4.63,50.3,40.7,0.144,5
2024-06-11,芦屋,3,3,6.36,6.97,35.2,38.9,0.147,4
2024-06-11,芦屋,3,4,6.56,6.3,39.6,33.3,0.152,2
2024-06-11,芦屋,3,5,6.23,6.78,44.3,38.6,0.178,3
2024-06-11,芦屋,3,6,5.51,5.81,17.9,27.4,0.156,6
2024-06-11,蒲郡,4,1,5.1,5.21,41.2,25.4,0.157,4
2024-06-11,蒲郡,4,2,6.87,7.94,32.0,30.0,0.184,2
2024-06-11,蒲郡,4,3,4.45,4.22,37.3,27.9,0.215,6
2024-06-11,蒲郡,4,4,5.51,4.84,44.0,26.1,0.136,5
2024-06-11,蒲郡,4,5,5.31,4.46,29.8,37.8,0.16,1
2024-06-11,蒲郡,4,6,6.42,6.72,42.4,34.4,0.13,3
2024-06-12,びわこ,5,1,3.87,3.22,37.5,31.4,0.165,4
2024-06-12,びわこ,5,2,5.53,5.61,36.8,33.0,0.172,2
2024-06-12,びわこ,5,3,4.51,4.7,41.6,33.1,0.158,3
2024-06-12,びわこ,5,4,6.58,7.99,48.5,32.3,0.137,1
2024-06-12,びわこ,5,5,6.33,4.29,35.7,41.6,0.164,5
2024-06-12,びわこ,5,6,5.22,4.24,42.1,32.6,0.179,6
2024-06-12,下関,6,1,6.55,6.59,20.2,29.7,0.23,3
2024-06-12,下関,6,2,5.64,4.53,31.4,29.2,0.19,4
2024-06-12,下関,6,3,6.01,6.66,32.0,44.6,0.154,1
2024-06-12,下関,6,4,7.58,7.3,38.1,33.6,0.167,2
2024-06-12,下関,6,5,5.39,5.43,40.4,26.4,0.136,5
2024-06-12,下関,6,6,4.08,4.32,32.2,29.2,0.114,6
2024-06-12,平和島,7,1,5.43,5.64,23.5,29.7,0.198,4
2024-06-12,平和島,7,2,4.69,4.28,38.0,23.3,0.198,3
2024-06-12,平和島,7,3,4.41,4.81,16.3,26.9,0.172,2
2024-06-12,平和島,7,4,4.25,3.43,34.8,34.8,0.135,5
2024-06-12,平和島,7,5,7.0,6.46,23.9,31.7,0.207,1
2024-06-12,平和島,7,6,5.4,4.64,34.6,51.4,0.182,6
2024-06-12,江戸川,8,1,4.94,3.25,43.2,22.8,0.141,3
2024-06-12,江戸川,8,2,4.82,4.56,31.6,42.9,0.119,1
2024-06-12,江戸川,8,3,5.97,5.73,31.5,45.8,0.188,6
2024-06-12,江戸川,8,4,5.68,5.15,38.4,25.5,0.189,2
2024-06-12,江戸川,8,5,5.76,5.78,36.7,28.9,0.163,4
2024-06-12,江戸川,8,6,5.86,5.31,39.1,26.9,0.135,5
2024-06-13,鳴門,9,1,4.67,5.13,42.0,29.5,0.119,1
2024-06-13,鳴門,9,2,7.36,7.19,33.9,38.3,0.119,3
2024-06-13,鳴門,9,3,5.29,5.81,32.9,30.1,0.101,2
2024-06-13,鳴門,9,4,4.14,4.94,30.0,41.0,0.22,4
2024-06-13,鳴門,9,5,5.99,6.44,43.9,32.2,0.204,5
2024-06-13,鳴門,9,6,4.39,5.0,44.0,34.0,0.156,6
2024-06-13,福岡,10,1,5.47,5.69,43.8,24.4,0.142,2
2024-06-13,福岡,10,2,5.09,6.22,27.7,31.2,0.139,4
2024-06-13,福岡,10,3,5.08,4.61,29.6,33.1,0.117,5
2024-06-13,福岡,10,4,6.58,6.66,30.8,33.0,0.186,1
2024-06-13,福岡,10,5,5.43,5.11,43.7,19.3,0.111,3
2024-06-13,福岡,10,6,4.2,3.72,26.4,19.9,0.156,6
2024-06-13,尼崎,11,1,6.29,6.11,21.8,28.8,0.192,2
2024-06-13,尼崎,11,2,5.29,5.68,29.5,24.9,0.159,3
2024-06-13,尼崎,11,3,5.38,4.93,29.6,25.4,0.17,4
2024-06-13,尼崎,11,4,4.15,4.84,39.7,30.1,0.124,5
2024-06-13,尼崎,11,5,5.04,4.86,31.7,45.5,0.103,6
2024-06-13,尼崎,11,6,7.31,7.4,50.1,34.0,0.166,1
2024-06-13,桐生,12,1,4.24,4.17,37.9,29.7,0.196,4
2024-06-13,桐生,12,2,4.85,5.01,30.7,33.4,0.177,6
2024-06-13,桐生,12,3,5.6,5.34,43.6,39.8,0.139,3
2024-06-13,桐生,12,4,8.08,7.82,45.0,50.3,0.154,1
2024-06-13,桐生,12,5,3.23,4.09,39.8,39.3,0.168,2
2024-06-13,桐生,12,6,6.57,7.03,33.4,33.3,0.163,5
2024-06-14,浜名湖,1,1,4.07,3.85,33.7,47.4,0.159,4
2024-06-14,浜名湖,1,2,5.95,6.15,33.2,38.2,0.18,1
2024-06-14,浜名湖,1,3,6.12,6.02,24.1,29.6,0.186,5
2024-06-14,浜名湖,1,4,5.33,6.09,40.9,24.9,0.123,2
2024-06-14,浜名湖,1,5,4.54,4.19,37.4,32.5,0.137,6
2024-06-14,浜名湖,1,6,7.5,6.69,32.2,40.8,0.158,3
2024-06-14,児島,2,1,7.07,6.76,42.0,24.5,0.102,2
2024-06-14,児島,2,2,5.93,6.08,40.3,23.4,0.22,5
2024-06-14,児島,2,3,8.12,8.3,22.4,33.9,0.131,1
2024-06-14,児島,2,4,5.65,6.43,29.5,29.5,0.166,3
2024-06-14,児島,2,5,4.48,4.81,43.5,32.0,0.143,6
2024-06-14,児島,2,6,5.97,5.9,38.3,40.9,0.15,4
2024-06-14,宮島,3,1,5.83,5.13,41.8,36.5,0.203,1
2024-06-14,宮島,3,2,5.35,4.74,42.1,41.7,0.129,3
2024-06-14,宮島,3,3,5.88,5.81,37.8,31.7,0.137,2
2024-06-14,宮島,3,4,3.67,4.07,29.4,34.2,0.136,4
2024-06-14,宮島,3,5,4.77,4.94,24.9,27.5,0.155,5
2024-06-14,宮島,3,6,4.55,5.73,32.3,38.8,0.095,6
2024-06-14,唐津,4,1,5.32,5.49,20.1,43.1,0.215,1
2024-06-14,唐津,4,2,4.31,3.83,45.1,25.8,0.123,4
2024-06-14,唐津,4,3,5.68,6.19,28.0,40.9,0.165,3
2024-06-14,唐津,4,4,5.96,6.74,44.1,37.2,0.207,5
2024-06-14,唐津,4,5,5.72,6.82,34.2,29.1,0.117,2
2024-06-14,唐津,4,6,3.49,2.92,26.8,32.9,0.111,6
2024-06-15,常滑,5,1,6.2,6.45,31.9,39.1,0.231,1
2024-06-15,常滑,5,2,4.99,5.13,28.6,46.3,0.117,4
2024-06-15,常滑,5,3,6.46,6.35,26.4,39.9,0.202,5
2024-06-15,常滑,5,4,6.08,6.7,48.4,37.1,0.188,3
2024-06-15,常滑,5,5,6.15,7.22,40.3,30.4,0.158,2
2024-06-15,常滑,5,6,4.16,3.81,30.5,42.2,0.13,6
2024-06-15,丸亀,6,1,6.59,6.46,36.5,34.2,0.108,1
2024-06-15,丸亀,6,2,4.28,5.48,32.4,37.2,0.125,2
2024-06-15,丸亀,6,3,5.51,4.57,31.7,36.1,0.196,4
2024-06-15,丸亀,6,4,6.09,6.28,36.7,31.6,0.174,5
2024-06-15,丸亀,6,5,5.41,5.22,54.9,38.3,0.184,6
2024-06-15,丸亀,6,6,6.53,5.56,43.6,36.1,0.143,3
2024-06-15,戸田,7,1,4.93,5.88,24.2,40.1,0.177,4
2024-06-15,戸田,7,2,3.98,3.56,27.6,35.4,0.18,5
2024-06-15,戸田,7,3,4.67,4.99,33.4,37.1,0.158,6
2024-06-15,戸田,7,4,5.07,5.38,35.8,28.1,0.086,1
2024-06-15,戸田,7,5,6.18,6.13,43.4,33.7,0.156,3
2024-06-15,戸田,7,6,6.7,7.81,33.6,30.3,0.198,2
2024-06-15,多摩川,8,1,5.26,5.52,35.1,32.4,0.221,2
2024-06-15,多摩川,8,2,6.05,6.63,28.5,33.1,0.13,1
2024-06-15,多摩川,8,3,4.25,4.79,35.2,26.7,0.178,3
2024-06-15,多摩川,8,4,3.98,4.25,35.5,29.8,0.186,5
2024-06-15,多摩川,8,5,5.6,6.24,37.3,41.7,0.173,4
2024-06-15,多摩川,8,6,2.59,2.4,48.7,30.8,0.156,6
2024-06-16,大村,9,1,4.88,5.21,32.4,38.9,0.171,1
2024-06-16,大村,9,2,4.28,4.81,41.2,34.3,0.213,5
2024-06-16,大村,9,3,5.14,5.14,39.1,20.4,0.166,2
2024-06-16,大村,9,4,4.59,4.09,43.9,31.4,0.151,3
2024-06-16,大村,9,5,4.2,5.7,30.0,30.3,0.11,4
2024-06-16,大村,9,6,4.47,4.2,27.4,19.7,0.202,6
2024-06-16,三国,10,1,4.2,5.44,32.3,34.4,0.125,2
2024-06-16,三国,10,2,5.9,6.11,26.5,38.7,0.133,3
2024-06-16,三国,10,3,6.33,6.53,33.5,29.4,0.188,1
2024-06-16,三国,10,4,4.72,5.07,37.1,26.8,0.204,5
2024-06-16,三国,10,5,4.6,4.83,34.5,38.9,0.181,6
2024-06-16,三国,10,6,6.75,6.45,35.1,29.5,0.123,4
2024-06-16,若松,11,1,5.51,5.7,43.3,40.5,0.2,2
2024-06-16,若松,11,2,5.56,4.88,33.8,30.8,0.132,1
2024-06-16,若松,11,3,5.5,5.09,23.3,32.6,0.161,3
2024-06-16,若松,11,4,4.53,3.76,22.2,34.0,0.14,6
2024-06-16,若松,11,5,3.99,4.79,33.7,32.8,0.165,5
2024-06-16,若松,11,6,6.21,5.11,31.1,36.7,0.181,4
2024-06-16,住之江,12,1,5.86,6.75,42.1,26.5,0.123,3
2024-06-16,住之江,12,2,6.47,6.37,31.3,33.5,0.119,2
2024-06-16,住之江,12,3,4.52,5.06,36.9,33.7,0.18,5
2024-06-16,住之江,12,4,5.38,6.11,46.8,37.4,0.209,6
2024-06-16,住之江,12,5,5.55,5.55,31.8,37.3,0.228,4
2024-06-16,住之江,12,6,6.54,7.38,44.5,34.6,0.14,1
2024-06-17,徳山,1,1,4.14,4.07,34.9,30.8,0.164,1
2024-06-17,徳山,1,2,3.2,3.71,41.7,39.3,0.147,3
2024-06-17,徳山,1,3,5.11,5.84,27.2,36.0,0.146,6
2024-06-17,徳山,1,4,5.52,4.49,33.1,28.5,0.177,2
2024-06-17,徳山,1,5,4.26,4.54,28.3,31.3,0.167,5
2024-06-17,徳山,1,6,5.91,6.32,32.0,33.4,0.183,4
2024-06-17,津,2,1,4.69,4.03,36.4,28.5,0.095,3
2024-06-17,津,2,2,7.65,7.7,36.5,34.0,0.168,1
2024-06-17,津,2,3,5.73,6.24,37.3,36.1,0.164,2
2024-06-17,津,2,4,4.35,3.22,32.1,34.3,0.183,5
2024-06-17,津,2,5,5.64,5.65,40.5,31.6,0.184,4
2024-06-17,津,2,6,5.19,5.14,32.3,30.2,0.14,6
2024-06-17,芦屋,3,1,6.32,6.16,40.1,24.7,0.145,1
2024-06-17,芦屋,3,2,5.77,5.48,30.0,30.0,0.113,2
2024-06-17,芦屋,3,3,4.49,4.73,37.1,38.7,0.219,6
2024-06-17,芦屋,3,4,3.66,3.32,45.7,35.2,0.174,3
2024-06-17,芦屋,3,5,4.09,4.35,34.2,28.4,0.174,5
2024-06-17,芦屋,3,6,5.25,4.52,34.4,28.9,0.08,4
2024-06-17,蒲郡,4,1,5.1,4.95,34.2,37.1,0.144,3
2024-06-17,蒲郡,4,2,5.89,5.5,49.6,32.6,0.228,4
2024-06-17,蒲郡,4,3,5.71,6.24,38.0,33.3,0.149,1
2024-06-17,蒲郡,4,4,4.48,4.98,18.6,44.1,0.192,6
2024-06-17,蒲郡,4,5,7.1,8.2,42.6,19.9,0.092,2
2024-06-17,蒲郡,4,6,4.23,4.46,32.1,36.2,0.148,5
2024-06-18,びわこ,5,1,5.93,5.82,29.0,34.6,0.154,1
2024-06-18,びわこ,5,2,4.45,3.73,39.4,35.1,0.199,5
2024-06-18,びわこ,5,3,3.53,3.64,35.6,34.1,0.19,4
2024-06-18,びわこ,5,4,5.16,5.04,39.0,38.0,0.153,2
2024-06-18,びわこ,5,5,6.67,6.31,43.1,29.0,0.201,3
2024-06-18,びわこ,5,6,4.49,3.65,32.3,33.2,0.152,6
2024-06-18,下関,6,1,4.24,3.39,39.5,28.7,0.159,1
2024-06-18,下関,6,2,3.82,2.96,28.1,40.9,0.131,3
2024-06-18,下関,6,3,4.9,4.89,25.8,39.6,0.163,4
2024-06-18,下関,6,4,6.06,5.09,29.2,35.3,0.21,6
2024-06-18,下関,6,5,7.05,7.68,28.1,36.3,0.195,5
2024-06-18,下関,6,6,6.75,5.77,43.7,40.1,0.213,2
2024-06-18,平和島,7,1,4.86,4.47,19.0,36.3,0.126,2
2024-06-18,平和島,7,2,5.86,5.04,37.5,29.0,0.137,3
2024-06-18,平和島,7,3,3.87,3.47,32.7,39.4,0.154,6
2024-06-18,平和島,7,4,4.22,3.28,33.2,42.6,0.174,5
2024-06-18,平和島,7,5,4.68,5.41,38.7,24.9,0.089,4
2024-06-18,平和島,7,6,5.46,5.41,36.8,32.9,0.151,1
2024-06-18,江戸川,8,1,5.17,5.16,47.8,39.7,0.133,1
2024-06-18,江戸川,8,2,4.38,4.99,35.0,26.5,0.141,2
2024-06-18,江戸川,8,3,6.36,7.07,22.2,30.5,0.194,4
2024-06-18,江戸川,8,4,5.81,6.14,39.6,41.1,0.143,5
2024-06-18,江戸川,8,5,5.78,5.34,22.9,33.7,0.131,3
2024-06-18,江戸川,8,6,3.28,3.52,33.9,34.5,0.131,6
2024-06-19,鳴門,9,1,6.12,5.64,35.4,35.4,0.137,1
2024-06-19,鳴門,9,2,3.94,4.65,31.3,30.8,0.15,5
2024-06-19,鳴門,9,3,4.6,4.64,29.9,31.5,0.162,6
2024-06-19,鳴門,9,4,4.5,4.9,47.6,29.8,0.186,3
2024-06-19,鳴門,9,5,5.02,4.32,30.2,28.9,0.152,4
2024-06-19,鳴門,9,6,7.41,6.83,38.4,38.2,0.096,2
2024-06-19,福岡,10,1,6.4,7.53,30.1,42.0,0.157,3
2024-06-19,福岡,10,2,5.1,4.92,24.1,33.1,0.119,2
2024-06-19,福岡,10,3,7.97,7.16,45.8,27.0,0.146,1
2024-06-19,福岡,10,4,5.82,6.48,43.7,31.9,0.139,4
2024-06-19,福岡,10,5,5.83,6.78,19.9,39.6,0.175,5
2024-06-19,福岡,10,6,4.54,4.04,29.2,43.1,0.159,6
2024-06-19,尼崎,11,1,5.3,5.18,30.4,31.8,0.201,1
2024-06-19,尼崎,11,2,5.62,6.29,35.5,40.5,0.158,2
2024-06-19,尼崎,11,3,5.88,5.67,26.5,34.5,0.163,5
2024-06-19,尼崎,11,4,5.14,4.76,36.5,26.2,0.158,6
2024-06-19,尼崎,11,5,6.3,6.25,45.1,31.5,0.187,3
2024-06-19,尼崎,11,6,4.93,5.19,50.9,28.7,0.128,4
2024-06-19,桐生,12,1,4.34,4.17,38.4,42.1,0.157,2
2024-06-19,桐生,12,2,6.7,6.94,40.5,32.5,0.103,1
2024-06-19,桐生,12,3,4.25,4.55,29.0,26.8,0.154,5
2024-06-19,桐生,12,4,5.43,5.29,33.2,42.7,0.186,4
2024-06-19,桐生,12,5,6.15,6.36,32.4,25.8,0.134,3
2024-06-19,桐生,12,6,5.4,5.71,46.4,29.5,0.196,6
2024-06-20,浜名湖,1,1,8.23,8.45,38.3,28.5,0.131,1
2024-06-20,浜名湖,1,2,5.04,4.91,32.7,23.5,0.171,4
2024-06-20,浜名湖,1,3,5.9,6.29,47.2,31.4,0.166,2
2024-06-20,浜名湖,1,4,4.99,5.65,31.3,31.1,0.121,6
2024-06-20,浜名湖,1,5,7.4,8.46,35.4,36.8,0.198,3
2024-06-20,浜名湖,1,6,4.95,4.82,21.8,29.1,0.137,5
2024-06-20,児島,2,1,5.81,6.12,33.4,44.2,0.099,2
2024-06-20,児島,2,2,5.41,6.22,33.8,36.8,0.164,1
2024-06-20,児島,2,3,5.0,4.43,31.1,36.1,0.207,5
2024-06-20,児島,2,4,4.06,4.86,31.6,29.2,0.142,4
2024-06-20,児島,2,5,4.27,4.28,29.2,43.8,0.08,3
2024-06-20,児島,2,6,4.63,5.59,27.7,36.6,0.214,6
2024-06-20,宮島,3,1,4.23,4.23,43.2,31.9,0.141,2
2024-06-20,宮島,3,2,6.48,6.74,37.3,29.2,0.096,1
2024-06-20,宮島,3,3,4.9,5.36,38.1,30.1,0.119,3
2024-06-20,宮島,3,4,3.22,1.79,45.4,28.6,0.164,6
2024-06-20,宮島,3,5,7.4,6.75,33.2,38.9,0.157,5
2024-06-20,宮島,3,6,6.26,5.2,41.3,33.2,0.157,4
2024-06-20,唐津,4,1,5.04,5.02,31.3,41.8,0.117,2
2024-06-20,唐津,4,2,4.62,4.04,34.2,25.8,0.215,6
2024-06-20,唐津,4,3,6.74,7.73,43.1,22.6,0.18,1
2024-06-20,唐津,4,4,6.17,5.95,31.3,28.0,0.177,4
2024-06-20,唐津,4,5,4.23,4.4,37.5,32.8,0.15,3
2024-06-20,唐津,4,6,6.62,7.01,39.3,38.0,0.137,5
2024-06-21,常滑,5,1,4.85,4.32,39.2,33.1,0.197,4
2024-06-21,常滑,5,2,5.47,5.07,36.2,32.2,0.093,1
2024-06-21,常滑,5,3,5.37,5.42,33.8,27.9,0.158,3
2024-06-21,常滑,5,4,6.97,7.05,30.7,40.5,0.15,5
2024-06-21,常滑,5,5,5.31,5.63,26.1,34.2,0.155,6
2024-06-21,常滑,5,6,6.98,6.0,34.2,34.7,0.165,2
2024-06-21,丸亀,6,1,5.04,6.14,24.0,35.5,0.168,1
2024-06-21,丸亀,6,2,5.96,5.78,38.1,32.2,0.141,3
2024-06-21,丸亀,6,3,4.93,5.33,31.3,38.0,0.152,5
2024-06-21,丸亀,6,4,6.63,5.92,34.2,39.1,0.178,2
2024-06-21,丸亀,6,5,6.75,6.47,35.7,44.3,0.12,4
2024-06-21,丸亀,6,6,5.98,6.17,38.0,29.1,0.166,6
2024-06-21,戸田,7,1,5.85,6.31,44.3,29.5,0.11,1
2024-06-21,戸田,7,2,6.18,6.0,33.3,34.9,0.188,2
2024-06-21,戸田,7,3,4.65,4.38,40.4,33.1,0.182,3
2024-06-21,戸田,7,4,5.17,4.71,26.8,31.1,0.125,5
2024-06-21,戸田,7,5,4.15,4.25,32.2,38.6,0.123,6
2024-06-21,戸田,7,6,6.09,5.16,37.3,30.7,0.128,4
2024-06-21,多摩川,8,1,7.58,7.53,32.1,33.2,0.189,1
2024-06-21,多摩川,8,2,4.57,2.77,36.8,33.3,0.153,3
2024-06-21,多摩川,8,3,3.23,3.39,29.8,35.4,0.142,6
2024-06-21,多摩川,8,4,3.58,4.36,34.2,35.8,0.211,5
2024-06-21,多摩川,8,5,5.6,4.22,42.5,38.9,0.12,4
2024-06-21,多摩川,8,6,5.73,5.6,44.6,26.0,0.156,2
2024-06-22,大村,9,1,4.9,5.38,37.8,41.7,0.135,2
2024-06-22,大村,9,2,6.15,5.99,34.6,27.7,0.132,1
2024-06-22,大村,9,3,4.74,4.29,32.5,31.7,0.195,3
2024-06-22,大村,9,4,5.02,5.91,38.0,20.6,0.167,5
2024-06-22,大村,9,5,6.42,6.08,45.4,42.0,0.142,6
2024-06-22,大村,9,6,6.4,5.86,34.1,39.5,0.154,4
2024-06-22,三国,10,1,5.38,5.68,35.0,30.2,0.138,1
2024-06-22,三国,10,2,4.49,3.67,36.5,33.6,0.178,5
2024-06-22,三国,10,3,5.23,4.67,32.1,38.7,0.217,6
2024-06-22,三国,10,4,5.8,5.35,24.8,30.5,0.151,2
2024-06-22,三国,10,5,4.59,4.67,42.5,30.7,0.173,4
2024-06-22,三国,10,6,6.34,6.7,41.5,34.3,0.116,3
2024-06-22,若松,11,1,5.71,6.82,28.2,30.7,0.12,1
2024-06-22,若松,11,2,6.22,5.44,38.1,25.8,0.172,2
2024-06-22,若松,11,3,5.44,4.4,36.2,35.0,0.204,5
2024-06-22,若松,11,4,5.34,4.93,38.6,38.7,0.185,4
2024-06-22,若松,11,5,5.24,4.42,35.5,42.4,0.202,6
2024-06-22,若松,11,6,7.39,8.2,40.7,28.3,0.183,3
2024-06-22,住之江,12,1,4.93,4.57,36.9,36.9,0.192,2
2024-06-22,住之江,12,2,3.89,4.54,34.5,33.3,0.193,5
2024-06-22,住之江,12,3,5.4,5.21,38.3,33.9,0.184,6
2024-06-22,住之江,12,4,5.0,4.51,42.4,41.5,0.164,1
2024-06-22,住之江,12,5,5.22,4.86,44.5,33.6,0.207,4
2024-06-22,住之江,12,6,4.3,4.66,33.0,36.5,0.083,3
2024-06-23,徳山,1,1,5.16,4.3,31.1,31.3,0.15,2
2024-06-23,徳山,1,2,5.66,6.31,48.7,28.2,0.167,3
2024-06-23,徳山,1,3,5.2,5.62,20.0,38.1,0.154,1
2024-06-23,徳山,1,4,5.19,6.33,34.6,46.2,0.237,6
2024-06-23,徳山,1,5,5.15,5.59,45.3,44.8,0.174,5
2024-06-23,徳山,1,6,6.94,5.92,33.9,34.8,0.179,4
2024-06-23,津,2,1,4.51,4.13,48.3,33.4,0.181,3
2024-06-23,津,2,2,5.32,5.33,32.0,38.9,0.199,2
2024-06-23,津,2,3,5.08,4.75,21.8,40.7,0.152,5
2024-06-23,津,2,4,4.34,4.85,33.5,38.8,0.169,1
2024-06-23,津,2,5,5.72,4.08,44.8,26.8,0.214,4
2024-06-23,津,2,6,4.7,4.44,29.8,36.6,0.18,6
2024-06-23,芦屋,3,1,5.93,6.27,31.8,17.1,0.187,5
2024-06-23,芦屋,3,2,7.43,7.22,39.3,29.8,0.112,1
2024-06-23,芦屋,3,3,7.54,7.59,21.8,40.5,0.203,3
2024-06-23,芦屋,3,4,5.56,5.59,30.0,34.8,0.107,4
2024-06-23,芦屋,3,5,6.44,5.96,40.0,38.9,0.181,2
2024-06-23,芦屋,3,6,5.45,5.02,40.8,37.4,0.087,6
2024-06-23,蒲郡,4,1,4.87,5.02,38.1,50.5,0.128,2
2024-06-23,蒲郡,4,2,6.4,6.21,36.5,24.5,0.104,1
2024-06-23,蒲郡,4,3,4.43,4.91,31.9,36.1,0.203,6
2024-06-23,蒲郡,4,4,4.65,5.36,35.4,33.3,0.192,4
2024-06-23,蒲郡,4,5,5.4,4.67,26.0,38.1,0.203,3
2024-06-23,蒲郡,4,6,3.97,3.92,37.5,34.0,0.201,5
2024-06-24,びわこ,5,1,5.12,5.34,41.2,40.6,0.167,2
2024-06-24,びわこ,5,2,6.69,6.63,48.9,43.3,0.151,1
2024-06-24,びわこ,5,3,4.96,4.9,37.6,35.8,0.147,5
2024-06-24,びわこ,5,4,6.62,7.18,39.8,32.2,0.15,4
2024-06-24,びわこ,5,5,5.47,5.04,41.5,43.9,0.109,3
2024-06-24,びわこ,5,6,4.46,4.98,35.7,30.5,0.128,6
2024-06-24,下関,6,1,5.18,4.78,35.1,43.9,0.135,2
2024-06-24,下関,6,2,6.42,6.13,38.7,33.1,0.154,1
2024-06-24,下関,6,3,5.17,5.63,24.3,26.5,0.144,4
2024-06-24,下関,6,4,4.47,3.75,34.1,24.0,0.15,5
2024-06-24,下関,6,5,6.4,5.44,23.5,24.5,0.12,3
2024-06-24,下関,6,6,5.95,5.44,33.2,32.9,0.177,6
2024-06-24,平和島,7,1,4.6,4.99,35.1,33.6,0.22,4
2024-06-24,平和島,7,2,6.08,7.16,31.5,47.1,0.183,2
2024-06-24,平和島,7,3,6.79,6.9,17.6,35.4,0.153,5
2024-06-24,平和島,7,4,6.07,5.74,28.8,46.8,0.199,3
2024-06-24,平和島,7,5,7.14,6.37,47.7,27.9,0.124,1
2024-06-24,平和島,7,6,5.05,6.06,32.5,37.8,0.159,6
2024-06-24,江戸川,8,1,5.68,6.65,38.4,50.4,0.164,1
2024-06-24,江戸川,8,2,6.01,6.7,40.4,33.9,0.154,4
2024-06-24,江戸川,8,3,5.42,4.53,26.7,27.3,0.209,3
2024-06-24,江戸川,8,4,6.42,6.29,37.3,29.2,0.094,5
2024-06-24,江戸川,8,5,4.91,4.55,25.5,37.5,0.187,6
2024-06-24,江戸川,8,6,6.46,5.98,39.1,33.6,0.143,2
2024-06-25,鳴門,9,1,6.18,7.19,39.6,37.5,0.216,1
2024-06-25,鳴門,9,2,4.1,4.65,33.4,40.1,0.183,3
2024-06-25,鳴門,9,3,5.34,4.7,35.4,33.1,0.188,2
2024-06-25,鳴門,9,4,5.67,5.52,35.9,33.6,0.145,4
2024-06-25,鳴門,9,5,4.31,3.83,36.8,39.6,0.178,6
2024-06-25,鳴門,9,6,6.51,6.7,46.9,37.1,0.16,5
2024-06-25,福岡,10,1,5.41,3.99,39.5,26.6,0.209,2
2024-06-25,福岡,10,2,3.48,3.68,35.0,37.7,0.119,5
2024-06-25,福岡,10,3,6.29,5.14,34.4,36.6,0.186,1
2024-06-25,福岡,10,4,7.66,8.37,34.0,33.2,0.135,4
2024-06-25,福岡,10,5,7.49,7.91,34.4,27.0,0.08,3
2024-06-25,福岡,10,6,4.66,4.88,27.4,38.4,0.152,6
2024-06-25,尼崎,11,1,5.3,5.64,41.0,37.2,0.205,1
2024-06-25,尼崎,11,2,7.94,7.63,21.1,21.1,0.095,2
2024-06-25,尼崎,11,3,3.71,2.84,39.7,23.3,0.162,6
2024-06-25,尼崎,11,4,6.54,6.68,25.3,28.1,0.209,4
2024-06-25,尼崎,11,5,4.96,5.47,40.1,31.9,0.196,3
2024-06-25,尼崎,11,6,5.97,6.32,33.9,30.6,0.213,5
2024-06-25,桐生,12,1,5.52,5.86,25.4,32.1,0.214,2
2024-06-25,桐生,12,2,5.87,6.55,40.2,35.9,0.175,4
2024-06-25,桐生,12,3,5.03,6.09,52.0,35.2,0.16,3
2024-06-25,桐生,12,4,5.9,6.28,38.7,34.9,0.15,1
2024-06-25,桐生,12,5,4.01,4.68,45.9,33.1,0.149,5
2024-06-25,桐生,12,6,5.31,5.02,42.1,27.9,0.091,6
2024-06-26,浜名湖,1,1,6.25,6.09,32.9,32.6,0.191,4
2024-06-26,浜名湖,1,2,7.67,6.42,41.2,40.2,0.08,2
2024-06-26,浜名湖,1,3,5.34,5.3,35.3,36.7,0.148,5
2024-06-26,浜名湖,1,4,6.41,6.45,41.2,50.3,0.114,3
2024-06-26,浜名湖,1,5,4.74,4.7,47.0,36.9,0.2,1
2024-06-26,浜名湖,1,6,3.46,3.27,30.5,36.8,0.125,6
2024-06-26,児島,2,1,5.74,5.47,38.4,35.4,0.199,2
2024-06-26,児島,2,2,4.89,5.65,31.2,28.7,0.192,6
2024-06-26,児島,2,3,4.74,3.84,24.7,35.9,0.128,4
2024-06-26,児島,2,4,6.86,7.08,30.4,33.9,0.151,1
2024-06-26,児島,2,5,3.51,3.41,35.6,36.4,0.184,5
2024-06-26,児島,2,6,6.02,5.31,42.9,36.3,0.156,3
2024-06-26,宮島,3,1,5.86,6.38,28.6,25.6,0.184,1
2024-06-26,宮島,3,2,6.66,7.51,31.0,47.9,0.151,2
2024-06-26,宮島,3,3,5.3,5.57,40.8,36.1,0.136,4
2024-06-26,宮島,3,4,3.86,3.26,36.2,34.0,0.14,5
2024-06-26,宮島,3,5,4.66,4.64,35.4,39.9,0.196,3
2024-06-26,宮島,3,6,5.01,3.96,48.9,21.3,0.157,6
2024-06-26,唐津,4,1,4.45,3.96,29.5,43.9,0.191,2
2024-06-26,唐津,4,2,3.38,3.32,39.4,23.4,0.193,5
2024-06-26,唐津,4,3,5.37,5.51,34.1,33.8,0.176,3
2024-06-26,唐津,4,4,6.91,7.72,35.9,21.9,0.121,1
2024-06-26,唐津,4,5,6.02,6.72,32.3,29.9,0.163,4
2024-06-26,唐津,4,6,6.08,6.54,33.5,19.1,0.145,6
2024-06-27,常滑,5,1,5.8,6.12,30.2,30.6,0.184,1
2024-06-27,常滑,5,2,4.83,4.75,39.7,32.8,0.134,3
2024-06-27,常滑,5,3,5.27,5.35,26.8,33.7,0.147,5
2024-06-27,常滑,5,4,6.94,7.03,36.8,39.2,0.209,2
2024-06-27,常滑,5,5,4.73,4.86,30.9,32.7,0.174,4
2024-06-27,常滑,5,6,4.34,4.81,37.8,27.9,0.262,6
2024-06-27,丸亀,6,1,5.43,6.19,42.9,48.9,0.171,2
2024-06-27,丸亀,6,2,3.98,4.31,28.1,25.5,0.201,1
2024-06-27,丸亀,6,3,3.78,3.9,43.5,39.0,0.12,4
2024-06-27,丸亀,6,4,4.4,4.6,15.0,26.4,0.173,5
2024-06-27,丸亀,6,5,5.81,3.48,44.8,39.3,0.234,6
2024-06-27,丸亀,6,6,6.35,6.73,33.7,37.2,0.164,3
2024-06-27,戸田,7,1,5.74,5.98,41.5,29.7,0.134,4
2024-06-27,戸田,7,2,6.73,7.91,37.8,38.0,0.134,1
2024-06-27,戸田,7,3,6.86,7.07,25.2,36.0,0.161,3
2024-06-27,戸田,7,4,7.1,7.15,38.8,40.2,0.131,2
2024-06-27,戸田,7,5,3.77,3.95,40.4,36.4,0.178,6
2024-06-27,戸田,7,6,4.61,5.41,40.0,32.1,0.183,5
2024-06-27,多摩川,8,1,5.63,6.9,29.8,33.5,0.145,2
2024-06-27,多摩川,8,2,7.76,6.62,44.4,26.3,0.106,1
2024-06-27,多摩川,8,3,5.36,5.2,27.5,38.4,0.116,5
2024-06-27,多摩川,8,4,8.31,7.55,37.3,35.1,0.108,3
2024-06-27,多摩川,8,5,6.45,7.06,40.3,30.9,0.158,4
2024-06-27,多摩川,8,6,6.66,6.25,27.8,30.9,0.223,6
2024-06-28,大村,9,1,5.95,5.53,36.8,34.7,0.183,2
2024-06-28,大村,9,2,6.57,6.56,39.8,39.9,0.222,3
2024-06-28,大村,9,3,5.02,4.67,34.9,24.0,0.125,5
2024-06-28,大村,9,4,7.54,8.43,31.3,42.0,0.176,1
2024-06-28,大村,9,5,6.85,7.47,42.1,38.2,0.199,4
2024-06-28,大村,9,6,5.21,4.91,42.2,37.6,0.199,6
2024-06-28,三国,10,1,2.87,2.57,37.6,35.7,0.166,5
2024-06-28,三国,10,2,7.06,6.65,41.2,40.4,0.199,1
2024-06-28,三国,10,3,4.64,4.33,38.7,38.1,0.185,6
2024-06-28,三国,10,4,5.16,6.19,40.8,38.9,0.195,3
2024-06-28,三国,10,5,5.4,5.68,24.8,32.8,0.176,4
2024-06-28,三国,10,6,4.82,4.08,30.1,22.1,0.127,2
2024-06-28,若松,11,1,6.58,7.3,24.1,33.1,0.237,1
2024-06-28,若松,11,2,5.31,3.51,40.7,37.0,0.159,4
2024-06-28,若松,11,3,5.79,6.21,34.0,33.6,0.177,2
2024-06-28,若松,11,4,4.29,3.59,37.6,29.5,0.132,3
2024-06-28,若松,11,5,6.16,4.93,18.0,35.5,0.155,5
2024-06-28,若松,11,6,5.14,4.29,37.3,36.2,0.174,6
2024-06-28,住之江,12,1,4.51,4.33,26.6,42.6,0.157,2
2024-06-28,住之江,12,2,4.67,4.71,30.6,27.5,0.117,3
2024-06-28,住之江,12,3,7.15,5.47,32.2,34.1,0.13,1
2024-06-28,住之江,12,4,5.55,4.51,36.7,26.7,0.187,6
2024-06-28,住之江,12,5,6.56,5.97,37.5,43.7,0.15,4
2024-06-28,住之江,12,6,5.01,5.12,32.2,36.5,0.199,5
2024-06-29,徳山,1,1,5.38,5.3,23.2,30.9,0.099,2
2024-06-29,徳山,1,2,4.99,5.2,43.9,37.2,0.155,4
2024-06-29,徳山,1,3,4.78,4.67,46.1,29.6,0.151,1
2024-06-29,徳山,1,4,5.6,5.94,25.8,30.0,0.151,6
2024-06-29,徳山,1,5,5.86,6.0,34.3,27.5,0.114,5
2024-06-29,徳山,1,6,6.05,6.87,27.9,24.7,0.141,3
2024-06-29,津,2,1,5.07,5.59,22.0,41.9,0.16,2
2024-06-29,津,2,2,4.57,3.99,24.4,34.3,0.158,5
2024-06-29,津,2,3,5.3,5.46,28.3,38.4,0.099,3
2024-06-29,津,2,4,5.56,5.29,34.9,23.6,0.143,4
2024-06-29,津,2,5,3.82,4.04,25.1,27.9,0.108,6
2024-06-29,津,2,6,4.43,4.66,39.3,30.7,0.172,1
2024-06-29,芦屋,3,1,2.94,3.34,32.8,33.5,0.183,5
2024-06-29,芦屋,3,2,4.91,4.89,21.9,31.2,0.163,3
2024-06-29,芦屋,3,3,5.37,5.27,20.3,27.8,0.087,4
2024-06-29,芦屋,3,4,6.19,6.19,19.9,30.8,0.182,1
2024-06-29,芦屋,3,5,6.0,6.41,26.6,34.6,0.166,2
2024-06-29,芦屋,3,6,4.69,4.54,47.5,39.5,0.156,6
2024-06-29,蒲郡,4,1,4.99,4.01,33.5,32.4,0.25,4
2024-06-29,蒲郡,4,2,5.18,5.72,29.1,31.3,0.151,2
2024-06-29,蒲郡,4,3,5.66,5.69,18.0,40.0,0.14,1
2024-06-29,蒲郡,4,4,5.37,5.67,43.4,32.2,0.141,6
2024-06-29,蒲郡,4,5,5.2,6.2,32.8,29.9,0.225,5
2024-06-29,蒲郡,4,6,6.08,5.68,39.0,42.9,0.205,3
2024-06-30,びわこ,5,1,5.38,5.59,26.3,28.5,0.179,2
2024-06-30,びわこ,5,2,5.4,4.74,29.8,26.5,0.169,4
2024-06-30,びわこ,5,3,5.5,5.83,32.3,33.9,0.239,3
2024-06-30,びわこ,5,4,6.95,7.82,40.9,37.0,0.103,1
2024-06-30,びわこ,5,5,4.38,3.57,34.3,40.7,0.18,6
2024-06-30,びわこ,5,6,6.15,6.6,27.5,27.3,0.162,5
2024-06-30,下関,6,1,6.97,7.07,23.3,34.9,0.177,1
2024-06-30,下関,6,2,4.35,3.22,50.8,26.1,0.11,4
2024-06-30,下関,6,3,6.48,7.06,29.0,34.0,0.133,2
2024-06-30,下関,6,4,4.69,6.17,43.1,32.7,0.154,3
2024-06-30,下関,6,5,4.67,4.5,31.5,34.0,0.218,5
2024-06-30,下関,6,6,4.12,3.42,30.4,25.4,0.115,6
2024-06-30,平和島,7,1,4.47,4.93,34.5,32.5,0.146,3
2024-06-30,平和島,7,2,5.27,4.5,30.5,26.6,0.08,6
2024-06-30,平和島,7,3,7.93,6.83,33.9,38.3,0.152,1
2024-06-30,平和島,7,4,4.33,3.86,29.6,26.7,0.153,4
2024-06-30,平和島,7,5,6.26,7.27,38.9,53.5,0.165,2
2024-06-30,平和島,7,6,3.92,4.07,40.8,39.6,0.161,5
2024-06-30,江戸川,8,1,4.61,3.87,27.6,41.1,0.147,2
2024-06-30,江戸川,8,2,6.06,6.25,43.5,33.1,0.184,5
2024-06-30,江戸川,8,3,6.47,5.9,34.9,43.2,0.186,3
2024-06-30,江戸川,8,4,6.98,6.63,35.0,42.9,0.18,4
2024-06-30,江戸川,8,5,5.88,6.14,31.5,31.8,0.193,1
2024-06-30,江戸川,8,6,4.32,3.78,33.0,34.2,0.158,6
2024-07-01,鳴門,9,1,5.76,5.88,32.8,43.7,0.157,1
2024-07-01,鳴門,9,2,3.72,4.26,26.1,23.7,0.126,6
2024-07-01,鳴門,9,3,4.88,4.82,27.8,31.1,0.176,4
2024-07-01,鳴門,9,4,6.34,5.89,48.1,33.8,0.113,2
2024-07-01,鳴門,9,5,5.64,4.73,48.8,31.3,0.18,3
2024-07-01,鳴門,9,6,4.71,4.27,38.3,19.6,0.199,5
2024-07-01,福岡,10,1,5.44,5.73,41.3,34.4,0.132,1
2024-07-01,福岡,10,2,5.89,6.57,27.7,43.6,0.179,2
2024-07-01,福岡,10,3,6.04,6.0,22.0,30.1,0.173,3
2024-07-01,福岡,10,4,5.64,5.18,27.7,31.4,0.167,6
2024-07-01,福岡,10,5,5.75,5.33,30.8,30.3,0.15,4
2024-07-01,福岡,10,6,5.33,5.05,44.5,29.6,0.126,5
2024-07-01,尼崎,11,1,7.52,7.35,26.5,38.9,0.172,1
2024-07-01,尼崎,11,2,5.67,4.95,32.8,35.9,0.184,6
2024-07-01,尼崎,11,3,5.85,5.2,19.8,38.8,0.198,5
2024-07-01,尼崎,11,4,6.2,6.23,40.5,45.4,0.204,3
2024-07-01,尼崎,11,5,4.22,3.78,32.6,30.2,0.173,4
2024-07-01,尼崎,11,6,7.27,7.98,25.8,49.1,0.16,2
2024-07-01,桐生,12,1,6.48,6.04,29.3,38.1,0.195,2
2024-07-01,桐生,12,2,5.83,6.46,37.8,31.5,0.236,1
2024-07-01,桐生,12,3,6.08,6.01,26.1,31.4,0.162,5
2024-07-01,桐生,12,4,6.48,5.73,46.9,31.7,0.133,3
2024-07-01,桐生,12,5,5.94,6.59,27.3,38.1,0.144,4
2024-07-01,桐生,12,6,4.23,4.98,25.3,30.2,0.161,6
2024-07-02,浜名湖,1,1,5.97,5.76,31.0,35.2,0.198,3
2024-07-02,浜名湖,1,2,5.44,5.29,34.5,39.6,0.138,2
2024-07-02,浜名湖,1,3,5.16,4.35,46.6,42.4,0.121,4
2024-07-02,浜名湖,1,4,3.7,3.58,31.4,45.6,0.177,6
2024-07-02,浜名湖,1,5,6.54,6.28,39.8,29.7,0.138,1
2024-07-02,浜名湖,1,6,2.48,2.85,29.5,39.7,0.132,5
2024-07-02,児島,2,1,3.49,3.92,25.6,25.6,0.16,3
2024-07-02,児島,2,2,5.5,5.29,48.1,26.6,0.134,4
2024-07-02,児島,2,3,5.93,6.84,35.0,38.8,0.174,1
2024-07-02,児島,2,4,4.69,5.54,34.6,35.4,0.184,2
2024-07-02,児島,2,5,4.68,4.59,28.0,17.1,0.236,6
2024-07-02,児島,2,6,5.31,4.79,33.1,36.1,0.204,5
2024-07-02,宮島,3,1,5.41,6.39,22.2,25.4,0.188,2
2024-07-02,宮島,3,2,7.69,7.8,41.4,37.5,0.098,1
2024-07-02,宮島,3,3,4.38,4.23,34.9,35.2,0.188,3
2024-07-02,宮島,3,4,6.54,6.72,30.8,36.6,0.143,4
2024-07-02,宮島,3,5,4.98,4.76,41.9,22.5,0.176,6
2024-07-02,宮島,3,6,6.1,6.47,28.0,36.7,0.218,5
2024-07-02,唐津,4,1,5.23,4.57,15.0,38.5,0.182,2
2024-07-02,唐津,4,2,5.97,5.32,20.9,35.4,0.212,5
2024-07-02,唐津,4,3,5.93,6.99,31.1,32.7,0.193,3
2024-07-02,唐津,4,4,4.6,4.32,39.6,29.0,0.146,4
2024-07-02,唐津,4,5,4.47,4.1,36.2,35.3,0.131,6
2024-07-02,唐津,4,6,6.31,6.0,34.5,32.9,0.135,1
2024-07-03,常滑,5,1,4.91,4.21,27.9,30.0,0.183,3
2024-07-03,常滑,5,2,5.84,4.36,27.4,34.3,0.118,1
2024-07-03,常滑,5,3,5.12,4.9,27.3,32.5,0.104,4
2024-07-03,常滑,5,4,5.65,5.42,26.7,36.3,0.127,5
2024-07-03,常滑,5,5,6.03,5.55,33.0,44.5,0.18,2
2024-07-03,常滑,5,6,4.79,5.22,25.2,37.6,0.192,6
2024-07-03,丸亀,6,1,5.81,5.15,24.1,36.3,0.08,1
2024-07-03,丸亀,6,2,3.96,4.38,39.2,52.3,0.147,4
2024-07-03,丸亀,6,3,5.2,4.32,41.6,28.0,0.129,2
2024-07-03,丸亀,6,4,4.81,5.07,39.8,38.3,0.157,5
2024-07-03,丸亀,6,5,5.31,4.6,23.7,23.9,0.193,6
2024-07-03,丸亀,6,6,6.5,6.41,32.0,33.9,0.215,3
2024-07-03,戸田,7,1,5.34,5.82,37.4,32.0,0.219,3
2024-07-03,戸田,7,2,5.38,5.13,39.3,36.5,0.157,5
2024-07-03,戸田,7,3,5.63,5.2,41.4,30.6,0.136,2
2024-07-03,戸田,7,4,4.86,4.85,53.0,39.1,0.14,1
2024-07-03,戸田,7,5,6.37,6.56,28.3,37.8,0.102,6
2024-07-03,戸田,7,6,6.66,7.64,25.6,37.6,0.23,4
2024-07-03,多摩川,8,1,5.45,6.0,40.8,33.6,0.117,3
2024-07-03,多摩川,8,2,4.46,4.13,29.5,51.0,0.152,2
2024-07-03,多摩川,8,3,6.03,5.23,30.8,37.5,0.134,4
2024-07-03,多摩川,8,4,4.74,4.87,45.2,40.6,0.165,5
2024-07-03,多摩川,8,5,6.13,5.88,27.3,40.0,0.2,1
2024-07-03,多摩川,8,6,5.16,4.48,30.6,31.9,0.169,6
2024-07-04,大村,9,1,3.5,3.9,45.4,38.3,0.143,3
2024-07-04,大村,9,2,3.3,3.34,29.7,40.7,0.125,4
2024-07-04,大村,9,3,7.81,8.97,41.9,29.5,0.15,1
2024-07-04,大村,9,4,5.78,5.4,33.3,29.0,0.174,5
2024-07-04,大村,9,5,6.68,7.11,32.4,42.3,0.08,2
2024-07-04,大村,9,6,4.79,5.11,48.2,38.8,0.17,6
2024-07-04,三国,10,1,4.8,4.78,30.3,22.4,0.152,1
2024-07-04,三国,10,2,4.14,4.02,32.7,34.9,0.16,5
2024-07-04,三国,10,3,5.15,4.69,34.1,33.8,0.193,4
2024-07-04,三国,10,4,4.69,5.16,34.6,38.8,0.235,3
2024-07-04,三国,10,5,4.1,3.53,38.4,23.9,0.142,2
2024-07-04,三国,10,6,4.87,4.34,34.4,31.5,0.14,6
2024-07-04,若松,11,1,5.63,5.75,25.7,29.2,0.198,1
2024-07-04,若松,11,2,7.02,7.42,34.6,31.0,0.163,2
2024-07-04,若松,11,3,5.85,6.64,38.3,30.1,0.179,4
2024-07-04,若松,11,4,5.3,4.76,29.6,37.4,0.129,5
2024-07-04,若松,11,5,6.15,5.07,27.4,34.4,0.116,6
2024-07-04,若松,11,6,6.29,6.68,27.4,38.5,0.195,3
2024-07-04,住之江,12,1,2.76,3.37,30.7,36.2,0.113,3
2024-07-04,住之江,12,2,6.47,6.55,40.6,35.8,0.194,1
2024-07-04,住之江,12,3,4.82,3.63,31.8,32.1,0.119,5
2024-07-04,住之江,12,4,5.11,6.89,39.1,29.0,0.159,4
2024-07-04,住之江,12,5,6.46,7.36,31.7,39.9,0.158,2
2024-07-04,住之江,12,6,5.27,5.23,37.3,30.1,0.16,6
2024-07-05,徳山,1,1,4.65,4.91,32.8,39.8,0.15,2
2024-07-05,徳山,1,2,5.99,6.26,24.1,35.1,0.158,4
2024-07-05,徳山,1,3,4.17,4.73,37.3,31.1,0.192,6
2024-07-05,徳山,1,4,6.77,6.42,45.4,31.5,0.142,1
2024-07-05,徳山,1,5,5.13,5.74,40.6,31.9,0.153,5
2024-07-05,徳山,1,6,7.12,7.1,42.2,33.8,0.131,3
2024-07-05,津,2,1,6.02,5.48,42.9,27.6,0.155,1
2024-07-05,津,2,2,6.32,7.17,25.4,28.6,0.135,2
2024-07-05,津,2,3,5.25,5.06,24.9,20.0,0.106,4
2024-07-05,津,2,4,3.79,3.75,36.1,37.7,0.155,5
2024-07-05,津,2,5,6.8,6.4,34.6,41.2,0.116,3
2024-07-05,津,2,6,2.71,1.7,23.2,32.4,0.157,6
2024-07-05,芦屋,3,1,4.79,4.3,36.8,30.6,0.142,1
2024-07-05,芦屋,3,2,5.02,5.37,37.5,31.1,0.144,2
2024-07-05,芦屋,3,3,4.85,5.23,31.8,31.6,0.211,6
2024-07-05,芦屋,3,4,4.66,4.28,37.7,29.7,0.163,4
2024-07-05,芦屋,3,5,7.34,7.9,25.0,44.2,0.159,3
2024-07-05,芦屋,3,6,5.59,4.98,32.0,28.3,0.141,5
2024-07-05,蒲郡,4,1,6.66,6.41,40.3,31.6,0.141,1
2024-07-05,蒲郡,4,2,5.43,5.32,20.4,28.5,0.161,4
2024-07-05,蒲郡,4,3,6.0,5.63,37.9,26.1,0.173,2
2024-07-05,蒲郡,4,4,5.11,4.46,42.0,32.9,0.158,5
2024-07-05,蒲郡,4,5,5.01,5.41,29.6,29.1,0.168,6
2024-07-05,蒲郡,4,6,5.56,5.93,34.2,29.8,0.174,3
2024-07-06,びわこ,5,1,4.87,4.54,36.1,39.6,0.157,1
2024-07-06,びわこ,5,2,5.83,4.58,39.3,30.9,0.162,5
2024-07-06,びわこ,5,3,4.83,6.05,42.1,31.7,0.133,4
2024-07-06,びわこ,5,4,4.75,5.11,42.8,24.6,0.175,2
2024-07-06,びわこ,5,5,5.11,5.58,29.6,28.8,0.156,3
2024-07-06,びわこ,5,6,4.87,5.35,25.9,41.4,0.208,6
2024-07-06,下関,6,1,6.2,6.78,37.8,39.9,0.107,1
2024-07-06,下関,6,2,5.01,4.11,42.8,34.8,0.175,3
2024-07-06,下関,6,3,4.92,5.9,22.6,42.7,0.19,2
2024-07-06,下関,6,4,4.19,5.77,31.3,41.7,0.177,4
2024-07-06,下関,6,5,5.33,4.63,27.4,29.5,0.195,6
2024-07-06,下関,6,6,4.39,4.68,34.7,31.4,0.127,5
2024-07-06,平和島,7,1,3.32,3.8,32.0,30.5,0.117,1
2024-07-06,平和島,7,2,4.94,3.68,42.0,34.8,0.158,3
2024-07-06,平和島,7,3,6.48,6.45,40.1,29.9,0.22,2
2024-07-06,平和島,7,4,4.3,3.88,41.2,43.3,0.172,5
2024-07-06,平和島,7,5,4.33,3.87,31.4,41.7,0.126,4
2024-07-06,平和島,7,6,4.18,4.27,28.7,52.0,0.186,6
2024-07-06,江戸川,8,1,6.62,5.92,33.7,22.3,0.178,1
2024-07-06,江戸川,8,2,5.59,5.24,34.3,29.6,0.15,2
2024-07-06,江戸川,8,3,4.7,4.26,16.6,28.9,0.189,3
2024-07-06,江戸川,8,4,4.77,4.77,43.8,23.9,0.172,4
2024-07-06,江戸川,8,5,5.75,5.59,33.8,32.2,0.227,6
2024-07-06,江戸川,8,6,3.9,4.01,36.4,29.2,0.17,5
2024-07-07,鳴門,9,1,6.61,6.06,22.8,27.0,0.161,1
2024-07-07,鳴門,9,2,4.95,4.89,34.4,37.4,0.123,4
2024-07-07,鳴門,9,3,4.4,4.64,40.5,19.8,0.165,6
2024-07-07,鳴門,9,4,6.07,5.58,34.7,26.2,0.186,3
2024-07-07,鳴門,9,5,5.6,6.5,45.7,32.1,0.161,5
2024-07-07,鳴門,9,6,6.41,5.97,39.9,28.5,0.181,2
2024-07-07,福岡,10,1,5.6,6.94,25.4,29.3,0.131,1
2024-07-07,福岡,10,2,4.86,4.69,28.7,29.0,0.226,4
2024-07-07,福岡,10,3,5.18,5.21,22.7,31.2,0.185,6
2024-07-07,福岡,10,4,5.14,6.22,55.8,32.6,0.122,2
2024-07-07,福岡,10,5,6.25,5.7,34.3,40.4,0.173,5
2024-07-07,福岡,10,6,6.27,5.74,45.7,33.8,0.091,3
2024-07-07,尼崎,11,1,6.42,5.46,22.2,27.1,0.188,1
2024-07-07,尼崎,11,2,5.16,5.4,29.7,43.1,0.162,4
2024-07-07,尼崎,11,3,4.03,3.96,26.1,38.0,0.101,3
2024-07-07,尼崎,11,4,6.43,6.76,43.8,43.2,0.148,2
2024-07-07,尼崎,11,5,4.88,4.86,33.2,32.4,0.22,6
2024-07-07,尼崎,11,6,4.92,5.81,26.7,33.3,0.178,5
2024-07-07,桐生,12,1,5.7,5.15,30.9,37.6,0.171,1
2024-07-07,桐生,12,2,6.34,5.95,30.7,31.0,0.137,3
2024-07-07,桐生,12,3,3.85,4.08,21.4,23.1,0.158,2
2024-07-07,桐生,12,4,5.2,3.92,42.9,40.3,0.128,4
2024-07-07,桐生,12,5,4.73,4.72,29.1,27.5,0.104,6
2024-07-07,桐生,12,6,6.02,5.76,39.0,38.9,0.211,5
2024-07-08,浜名湖,1,1,4.46,4.77,45.1,35.1,0.139,2
2024-07-08,浜名湖,1,2,6.94,6.34,28.5,30.7,0.186,3
2024-07-08,浜名湖,1,3,4.8,4.82,41.1,26.6,0.154,1
2024-07-08,浜名湖,1,4,6.07,6.46,24.8,33.4,0.139,5
2024-07-08,浜名湖,1,5,5.81,5.73,36.5,47.0,0.224,4
2024-07-08,浜名湖,1,6,5.43,6.65,30.3,23.1,0.152,6
2024-07-08,児島,2,1,5.97,5.25,39.9,43.5,0.15,1
2024-07-08,児島,2,2,5.83,6.18,34.9,36.2,0.125,4
2024-07-08,児島,2,3,4.75,4.48,34.1,30.4,0.125,6
2024-07-08,児島,2,4,5.84,5.64,31.9,34.0,0.139,3
2024-07-08,児島,2,5,4.8,3.59,47.4,36.0,0.19,5
2024-07-08,児島,2,6,5.2,5.22,35.6,32.9,0.129,2
2024-07-08,宮島,3,1,4.5,3.28,30.2,34.6,0.163,4
2024-07-08,宮島,3,2,5.59,6.18,38.5,20.5,0.164,2
2024-07-08,宮島,3,3,6.02,6.77,44.4,35.9,0.16,1
2024-07-08,宮島,3,4,6.12,6.24,32.9,25.9,0.111,3
2024-07-08,宮島,3,5,6.19,6.16,28.6,38.5,0.197,5
2024-07-08,宮島,3,6,5.13,5.27,33.8,37.2,0.121,6
2024-07-08,唐津,4,1,5.77,5.39,36.0,35.0,0.131,2
2024-07-08,唐津,4,2,4.2,3.91,30.6,29.5,0.12,3
2024-07-08,唐津,4,3,5.32,6.37,19.8,33.0,0.161,1
2024-07-08,唐津,4,4,5.6,6.97,29.4,23.9,0.178,4
2024-07-08,唐津,4,5,5.5,5.29,49.2,27.8,0.214,6
2024-07-08,唐津,4,6,5.54,5.59,27.5,34.0,0.163,5
2024-07-09,常滑,5,1,6.5,6.38,44.8,35.4,0.143,1
2024-07-09,常滑,5,2,4.14,3.68,33.4,27.3,0.149,4
2024-07-09,常滑,5,3,3.41,3.54,35.7,36.0,0.17,6
2024-07-09,常滑,5,4,5.01,4.85,28.4,29.5,0.162,5
2024-07-09,常滑,5,5,5.53,5.08,26.3,46.5,0.176,2
2024-07-09,常滑,5,6,5.61,6.04,41.9,42.1,0.157,3
2024-07-09,丸亀,6,1,6.52,6.77,34.5,30.7,0.166,1
2024-07-09,丸亀,6,2,5.52,4.92,23.4,40.4,0.177,3
2024-07-09,丸亀,6,3,6.79,7.55,29.6,29.6,0.174,6
2024-07-09,丸亀,6,4,5.89,6.54,30.8,35.7,0.114,2
2024-07-09,丸亀,6,5,6.47,4.8,26.5,36.0,0.103,4
2024-07-09,丸亀,6,6,5.97,6.04,39.8,33.4,0.197,5
2024-07-09,戸田,7,1,5.18,4.57,31.9,39.7,0.166,3
2024-07-09,戸田,7,2,5.81,5.54,50.4,28.4,0.101,2
2024-07-09,戸田,7,3,5.62,6.08,36.7,30.5,0.209,5
2024-07-09,戸田,7,4,5.59,5.3,46.9,41.6,0.13,1
2024-07-09,戸田,7,5,5.68,5.53,43.2,30.3,0.164,6
2024-07-09,戸田,7,6,5.62,4.81,30.5,35.6,0.136,4
2024-07-09,多摩川,8,1,5.87,6.21,37.6,26.8,0.178,2
2024-07-09,多摩川,8,2,4.66,4.94,29.7,27.8,0.131,3
2024-07-09,多摩川,8,3,6.34,6.46,46.8,29.8,0.193,1
2024-07-09,多摩川,8,4,3.36,3.87,37.3,25.6,0.148,5
2024-07-09,多摩川,8,5,5.07,5.55,24.4,47.2,0.156,6
2024-07-09,多摩川,8,6,4.89,4.5,23.8,27.3,0.167,4
2024-07-10,大村,9,1,5.76,6.06,33.6,29.4,0.218,1
2024-07-10,大村,9,2,6.51,5.89,35.1,38.3,0.164,3
2024-07-10,大村,9,3,5.39,4.59,27.2,37.3,0.08,2
2024-07-10,大村,9,4,4.36,4.07,33.8,31.6,0.151,6
2024-07-10,大村,9,5,5.53,4.87,34.3,34.0,0.151,4
2024-07-10,大村,9,6,5.23,4.89,50.1,42.7,0.181,5
2024-07-10,三国,10,1,4.81,3.52,40.4,34.5,0.19,1
2024-07-10,三国,10,2,6.4,6.72,34.9,33.0,0.094,3
2024-07-10,三国,10,3,7.48,6.95,30.2,46.4,0.17,2
2024-07-10,三国,10,4,2.84,1.81,32.0,38.9,0.175,4
2024-07-10,三国,10,5,6.22,5.36,32.3,40.6,0.256,5
2024-07-10,三国,10,6,4.34,4.46,36.7,38.6,0.18,6
2024-07-10,若松,11,1,6.64,7.07,37.2,34.4,0.195,2
2024-07-10,若松,11,2,4.22,3.97,28.0,31.0,0.08,4
2024-07-10,若松,11,3,4.73,5.19,42.0,37.7,0.105,1
2024-07-10,若松,11,4,5.71,5.06,38.5,29.1,0.107,6
2024-07-10,若松,11,5,4.9,6.19,36.6,30.9,0.166,3
2024-07-10,若松,11,6,5.27,4.73,29.5,43.4,0.133,5
2024-07-10,住之江,12,1,4.9,5.06,39.5,39.5,0.154,1
2024-07-10,住之江,12,2,5.28,4.04,36.7,26.8,0.162,3
2024-07-10,住之江,12,3,4.91,4.88,26.3,34.1,0.216,5
2024-07-10,住之江,12,4,7.23,7.95,38.3,45.9,0.161,2
2024-07-10,住之江,12,5,6.03,6.17,29.4,36.2,0.228,4
2024-07-10,住之江,12,6,5.14,5.3,32.9,33.9,0.133,6
2024-07-11,徳山,1,1,4.79,6.37,35.9,31.7,0.172,1
2024-07-11,徳山,1,2,4.91,5.19,26.3,38.9,0.139,5
2024-07-11,徳山,1,3,5.4,4.66,41.8,43.5,0.121,4
2024-07-11,徳山,1,4,4.24,3.54,28.8,33.5,0.11,2
2024-07-11,徳山,1,5,7.67,7.08,35.3,30.8,0.08,6
2024-07-11,徳山,1,6,7.2,7.18,46.4,34.6,0.192,3
2024-07-11,津,2,1,7.05,6.51,35.7,30.9,0.146,1
2024-07-11,津,2,2,5.63,6.35,35.3,41.1,0.124,3
2024-07-11,津,2,3,2.0,2.75,42.5,26.1,0.127,6
2024-07-11,津,2,4,4.38,5.19,47.6,35.8,0.172,4
2024-07-11,津,2,5,4.09,3.18,30.0,33.4,0.203,5
2024-07-11,津,2,6,5.83,7.03,48.5,40.3,0.195,2
2024-07-11,芦屋,3,1,4.38,4.12,28.6,40.8,0.175,3
2024-07-11,芦屋,3,2,5.59,4.97,34.3,28.1,0.11,2
2024-07-11,芦屋,3,3,6.37,6.19,27.5,30.3,0.159,4
2024-07-11,芦屋,3,4,5.1,4.75,40.5,31.7,0.224,5
2024-07-11,芦屋,3,5,2.6,2.07,38.9,35.9,0.184,6
2024-07-11,芦屋,3,6,7.18,6.87,43.1,35.4,0.154,1
2024-07-11,蒲郡,4,1,5.21,5.11,42.5,41.4,0.114,2
2024-07-11,蒲郡,4,2,4.59,4.83,37.6,42.6,0.207,4
2024-07-11,蒲郡,4,3,4.35,5.21,29.0,44.5,0.197,6
2024-07-11,蒲郡,4,4,6.24,6.64,34.5,26.3,0.194,5
2024-07-11,蒲郡,4,5,6.09,5.97,42.4,30.7,0.116,1
2024-07-11,蒲郡,4,6,5.22,4.88,32.3,43.8,0.175,3
2024-07-12,びわこ,5,1,4.22,4.0,28.9,34.8,0.216,1
2024-07-12,びわこ,5,2,4.41,4.35,39.2,32.1,0.108,5
2024-07-12,びわこ,5,3,4.47,3.8,36.3,33.8,0.13,2
2024-07-12,びわこ,5,4,5.17,6.2,32.7,35.4,0.147,3
2024-07-12,びわこ,5,5,4.39,3.61,28.2,38.3,0.189,4
2024-07-12,びわこ,5,6,4.08,4.95,38.0,28.1,0.15,6
2024-07-12,下関,6,1,5.3,5.84,35.2,32.1,0.099,1
2024-07-12,下関,6,2,5.83,5.84,37.7,27.4,0.08,4
2024-07-12,下関,6,3,4.91,4.71,44.6,41.8,0.171,3
2024-07-12,下関,6,4,5.68,5.56,42.5,24.2,0.187,2
2024-07-12,下関,6,5,5.09,4.14,37.0,27.2,0.117,5
2024-07-12,下関,6,6,5.14,5.1,29.4,33.3,0.218,6
2024-07-12,平和島,7,1,5.77,6.75,22.1,24.2,0.166,1
2024-07-12,平和島,7,2,4.2,3.94,31.4,37.7,0.129,3
2024-07-12,平和島,7,3,4.76,4.22,35.4,33.3,0.187,5
2024-07-12,平和島,7,4,4.96,4.41,49.4,29.0,0.18,4
2024-07-12,平和島,7,5,4.34,4.79,37.7,29.2,0.105,2
2024-07-12,平和島,7,6,4.84,4.2,28.4,36.5,0.131,6
2024-07-12,江戸川,8,1,6.7,5.41,32.4,41.4,0.154,2
2024-07-12,江戸川,8,2,5.37,5.74,29.6,33.5,0.141,3
2024-07-12,江戸川,8,3,5.63,5.19,34.0,34.8,0.202,1
2024-07-12,江戸川,8,4,4.55,4.58,48.9,41.6,0.208,6
2024-07-12,江戸川,8,5,7.35,7.64,37.1,34.4,0.178,5
2024-07-12,江戸川,8,6,6.38,5.54,46.8,35.7,0.136,4
2024-07-13,鳴門,9,1,5.1,4.68,37.3,30.1,0.151,2
2024-07-13,鳴門,9,2,3.75,4.05,29.1,36.9,0.174,4
2024-07-13,鳴門,9,3,6.02,6.65,33.7,31.7,0.196,3
2024-07-13,鳴門,9,4,4.43,3.65,29.2,41.2,0.206,1
2024-07-13,鳴門,9,5,3.91,3.43,36.1,43.2,0.151,6
2024-07-13,鳴門,9,6,6.17,5.28,42.9,41.7,0.179,5
2024-07-13,福岡,10,1,5.19,4.9,36.8,34.9,0.147,5
2024-07-13,福岡,10,2,5.27,6.04,42.7,33.7,0.163,4
2024-07-13,福岡,10,3,4.55,4.81,41.9,22.6,0.125,3
2024-07-13,福岡,10,4,6.79,6.24,27.1,25.3,0.196,2
2024-07-13,福岡,10,5,5.27,4.76,40.0,31.2,0.207,1
2024-07-13,福岡,10,6,6.21,6.52,35.8,32.1,0.22,6
2024-07-13,尼崎,11,1,4.39,3.84,41.2,29.4,0.16,1
2024-07-13,尼崎,11,2,4.74,4.1,26.1,31.5,0.196,6
2024-07-13,尼崎,11,3,5.11,6.14,44.7,39.1,0.175,2
2024-07-13,尼崎,11,4,6.39,6.57,41.7,35.4,0.195,3
2024-07-13,尼崎,11,5,4.33,5.22,44.2,29.0,0.123,5
2024-07-13,尼崎,11,6,5.16,5.21,44.5,37.4,0.163,4
2024-07-13,桐生,12,1,7.39,6.63,39.1,36.0,0.128,1
2024-07-13,桐生,12,2,2.34,2.81,34.8,30.1,0.109,6
2024-07-13,桐生,12,3,4.24,3.6,34.7,24.9,0.134,3
2024-07-13,桐生,12,4,7.41,7.68,16.4,37.8,0.253,2
2024-07-13,桐生,12,5,5.86,6.17,48.2,47.0,0.17,4
2024-07-13,桐生,12,6,5.29,4.27,24.7,40.0,0.152,5
2024-07-14,浜名湖,1,1,5.11,5.01,32.7,40.1,0.19,5
2024-07-14,浜名湖,1,2,6.58,5.75,38.1,25.8,0.08,2
2024-07-14,浜名湖,1,3,6.22,6.13,35.7,28.6,0.134,4
2024-07-14,浜名湖,1,4,5.25,5.34,34.7,33.5,0.152,1
2024-07-14,浜名湖,1,5,6.06,5.54,38.4,40.5,0.111,3
2024-07-14,浜名湖,1,6,5.02,4.37,31.5,30.2,0.216,6
2024-07-14,児島,2,1,6.65,6.74,20.3,31.3,0.193,1
2024-07-14,児島,2,2,5.11,5.6,37.0,29.4,0.167,5
2024-07-14,児島,2,3,6.16,6.06,30.9,33.6,0.181,3
2024-07-14,児島,2,4,6.55,6.33,34.7,32.9,0.174,4
2024-07-14,児島,2,5,6.69,6.53,44.9,42.8,0.112,2
2024-07-14,児島,2,6,5.98,5.96,39.1,28.8,0.194,6
2024-07-14,宮島,3,1,4.07,3.17,38.0,41.8,0.169,1
2024-07-14,宮島,3,2,5.57,6.59,38.8,26.6,0.209,3
2024-07-14,宮島,3,3,5.39,5.3,45.4,37.8,0.153,2
2024-07-14,宮島,3,4,5.08,4.97,22.8,31.9,0.256,5
2024-07-14,宮島,3,5,4.08,4.68,29.6,39.7,0.22,6
2024-07-14,宮島,3,6,4.84,5.5,39.2,43.3,0.154,4
2024-07-14,唐津,4,1,5.53,5.47,34.0,41.6,0.16,2
2024-07-14,唐津,4,2,5.27,4.16,31.6,29.0,0.097,3
2024-07-14,唐津,4,3,5.38,5.68,38.2,28.5,0.127,1
2024-07-14,唐津,4,4,6.35,6.93,35.4,28.1,0.183,4
2024-07-14,唐津,4,5,4.83,4.17,31.1,40.9,0.206,6
2024-07-14,唐津,4,6,5.59,6.54,25.2,30.9,0.151,5
2024-07-15,常滑,5,1,6.24,6.25,28.2,39.4,0.149,2
2024-07-15,常滑,5,2,6.7,5.82,39.8,39.2,0.237,5
2024-07-15,常滑,5,3,6.19,7.52,37.5,34.2,0.147,3
2024-07-15,常滑,5,4,6.72,5.94,21.8,38.6,0.196,1
2024-07-15,常滑,5,5,6.22,5.62,34.3,31.7,0.128,4
2024-07-15,常滑,5,6,4.3,4.18,45.0,33.2,0.153,6
2024-07-15,丸亀,6,1,4.94,5.4,27.7,27.0,0.214,1
2024-07-15,丸亀,6,2,5.17,4.36,31.1,42.6,0.176,2
2024-07-15,丸亀,6,3,3.46,3.92,37.7,40.8,0.143,5
2024-07-15,丸亀,6,4,4.75,3.83,21.1,38.0,0.145,4
2024-07-15,丸亀,6,5,3.7,4.67,30.4,22.7,0.11,6
2024-07-15,丸亀,6,6,6.3,6.53,38.0,29.3,0.187,3
2024-07-15,戸田,7,1,5.84,5.52,23.4,30.7,0.132,3
2024-07-15,戸田,7,2,5.47,5.5,34.2,42.4,0.103,1
2024-07-15,戸田,7,3,5.58,4.92,43.5,26.3,0.163,5
2024-07-15,戸田,7,4,4.96,4.5,40.8,40.5,0.139,4
2024-07-15,戸田,7,5,5.65,4.89,40.1,32.9,0.142,6
2024-07-15,戸田,7,6,5.71,5.2,30.7,37.5,0.184,2
2024-07-15,多摩川,8,1,6.67,7.09,29.4,31.9,0.2,1
2024-07-15,多摩川,8,2,4.87,4.72,42.4,26.6,0.154,3
2024-07-15,多摩川,8,3,6.42,5.78,34.0,36.0,0.168,4
2024-07-15,多摩川,8,4,4.8,4.62,35.9,34.0,0.218,6
2024-07-15,多摩川,8,5,6.13,6.49,32.7,39.0,0.139,2
2024-07-15,多摩川,8,6,6.05,5.73,40.8,31.3,0.188,5
2024-07-16,大村,9,1,5.28,4.31,31.0,30.9,0.088,3
2024-07-16,大村,9,2,5.2,4.89,31.3,41.5,0.108,4
2024-07-16,大村,9,3,6.48,6.54,24.9,36.3,0.08,6
2024-07-16,大村,9,4,5.9,5.06,39.4,34.1,0.157,1
2024-07-16,大村,9,5,6.14,6.19,22.8,24.4,0.144,5
2024-07-16,大村,9,6,5.97,5.36,31.4,36.7,0.105,2
2024-07-16,三国,10,1,5.2,4.93,32.5,37.2,0.127,1
2024-07-16,三国,10,2,2.8,3.12,46.6,34.5,0.181,5
2024-07-16,三国,10,3,8.15,8.71,45.4,30.6,0.162,2
2024-07-16,三国,10,4,5.05,4.65,35.8,28.5,0.188,6
2024-07-16,三国,10,5,6.07,5.65,38.0,48.9,0.193,4
2024-07-16,三国,10,6,6.29,7.08,44.8,31.0,0.147,3
2024-07-16,若松,11,1,4.82,3.75,25.0,28.3,0.22,2
2024-07-16,若松,11,2,6.48,6.64,34.0,43.6,0.157,1
2024-07-16,若松,11,3,5.71,5.33,31.7,37.8,0.148,3
2024-07-16,若松,11,4,5.07,5.48,35.6,33.5,0.177,4
2024-07-16,若松,11,5,4.77,4.41,36.6,35.2,0.202,6
2024-07-16,若松,11,6,6.26,6.82,34.1,40.6,0.141,5
2024-07-16,住之江,12,1,4.98,5.81,44.5,29.2,0.174,1
2024-07-16,住之江,12,2,4.7,4.28,37.1,39.0,0.158,4
2024-07-16,住之江,12,3,5.75,6.03,38.0,28.6,0.093,3
2024-07-16,住之江,12,4,4.61,3.36,44.5,29.7,0.192,6
2024-07-16,住之江,12,5,5.67,5.85,37.3,32.8,0.15,5
2024-07-16,住之江,12,6,8.15,8.96,29.6,32.9,0.118,2
2024-07-17,徳山,1,1,5.04,4.91,26.5,35.1,0.157,2
2024-07-17,徳山,1,2,4.04,4.48,42.3,36.0,0.131,5
2024-07-17,徳山,1,3,5.28,5.45,38.3,34.2,0.101,1
2024-07-17,徳山,1,4,5.34,5.0,37.6,40.5,0.118,4
2024-07-17,徳山,1,5,4.54,3.97,32.8,45.0,0.179,6
2024-07-17,徳山,1,6,6.54,6.57,38.0,27.6,0.123,3
2024-07-17,津,2,1,4.18,2.94,30.9,43.3,0.208,6
2024-07-17,津,2,2,5.39,5.22,42.7,35.9,0.127,1
2024-07-17,津,2,3,6.16,5.65,43.2,38.9,0.203,2
2024-07-17,津,2,4,5.55,5.13,33.7,32.6,0.174,4
2024-07-17,津,2,5,6.41,6.14,37.7,33.3,0.17,3
2024-07-17,津,2,6,5.02,5.54,31.9,36.3,0.155,5
2024-07-17,芦屋,3,1,5.98,7.55,28.4,36.5,0.185,1
2024-07-17,芦屋,3,2,5.56,5.96,52.0,29.7,0.178,3
2024-07-17,芦屋,3,3,7.52,8.45,48.7,37.4,0.174,2
2024-07-17,芦屋,3,4,5.04,4.58,37.6,38.7,0.171,6
2024-07-17,芦屋,3,5,5.94,7.6,34.5,27.7,0.206,4
2024-07-17,芦屋,3,6,5.54,5.72,31.3,28.5,0.17,5
2024-07-17,蒲郡,4,1,4.67,3.94,31.5,34.9,0.185,1
2024-07-17,蒲郡,4,2,4.54,4.47,16.6,38.9,0.16,4
2024-07-17,蒲郡,4,3,5.12,3.97,37.1,34.8,0.157,3
2024-07-17,蒲郡,4,4,5.25,4.93,42.9,32.6,0.13,6
2024-07-17,蒲郡,4,5,4.94,4.68,27.3,36.7,0.102,2
2024-07-17,蒲郡,4,6,5.43,6.02,34.8,32.2,0.195,5
2024-07-18,びわこ,5,1,4.48,5.59,25.0,40.2,0.148,3
2024-07-18,びわこ,5,2,3.86,2.7,36.5,28.0,0.196,5
2024-07-18,びわこ,5,3,5.73,6.87,23.2,34.7,0.144,4
2024-07-18,びわこ,5,4,5.22,4.89,29.3,32.6,0.109,1
2024-07-18,びわこ,5,5,2.59,2.89,38.4,34.3,0.148,6
2024-07-18,びわこ,5,6,6.14,6.61,31.9,36.5,0.156,2
2024-07-18,下関,6,1,6.06,6.22,26.6,33.8,0.184,2
2024-07-18,下関,6,2,6.07,6.29,47.5,28.3,0.224,1
2024-07-18,下関,6,3,5.75,6.26,51.0,40.0,0.225,3
2024-07-18,下関,6,4,6.1,6.63,25.7,35.4,0.167,4
2024-07-18,下関,6,5,7.02,7.43,37.1,34.7,0.163,5
2024-07-18,下関,6,6,5.19,4.66,25.5,40.1,0.127,6
2024-07-18,平和島,7,1,5.92,5.97,36.8,23.9,0.165,1
2024-07-18,平和島,7,2,5.19,5.12,25.2,35.5,0.182,3
2024-07-18,平和島,7,3,3.86,4.72,24.5,38.2,0.19,6
2024-07-18,平和島,7,4,5.08,4.62,29.9,29.5,0.101,4
2024-07-18,平和島,7,5,4.84,4.55,40.0,38.2,0.161,5
2024-07-18,平和島,7,6,5.94,5.75,21.7,30.6,0.131,2
2024-07-18,江戸川,8,1,4.03,3.96,38.5,31.8,0.207,4
2024-07-18,江戸川,8,2,6.22,6.02,34.5,44.0,0.126,2
2024-07-18,江戸川,8,3,3.73,3.56,41.1,46.9,0.188,1
2024-07-18,江戸川,8,4,5.1,4.89,35.3,34.3,0.203,5
2024-07-18,江戸川,8,5,4.49,5.12,39.4,31.3,0.152,3
2024-07-18,江戸川,8,6,5.11,4.68,35.8,38.2,0.127,6
2024-07-19,鳴門,9,1,7.74,8.13,28.3,47.5,0.187,1
2024-07-19,鳴門,9,2,5.75,5.29,34.1,32.7,0.222,3
2024-07-19,鳴門,9,3,5.1,5.25,39.0,41.6,0.191,6
2024-07-19,鳴門,9,4,6.58,5.87,31.7,24.9,0.147,5
2024-07-19,鳴門,9,5,5.44,6.07,42.0,32.7,0.141,2
2024-07-19,鳴門,9,6,6.09,6.7,43.6,32.2,0.136,4
2024-07-19,福岡,10,1,5.98,6.72,37.1,35.3,0.177,1
2024-07-19,福岡,10,2,5.77,5.43,35.9,26.2,0.197,5
2024-07-19,福岡,10,3,5.87,5.04,28.2,30.3,0.089,3
2024-07-19,福岡,10,4,5.99,6.0,42.3,23.1,0.123,4
2024-07-19,福岡,10,5,6.11,6.03,37.9,34.6,0.143,2
2024-07-19,福岡,10,6,4.41,4.37,33.3,39.1,0.103,6
2024-07-19,尼崎,11,1,6.35,5.36,26.9,28.1,0.112,1
2024-07-19,尼崎,11,2,6.96,5.87,38.9,36.1,0.142,2
2024-07-19,尼崎,11,3,5.12,4.88,27.8,32.6,0.162,3
2024-07-19,尼崎,11,4,4.23,4.61,25.2,29.5,0.116,5
2024-07-19,尼崎,11,5,5.47,4.93,43.3,31.9,0.188,6
2024-07-19,尼崎,11,6,4.71,4.95,31.1,28.1,0.159,4
2024-07-19,桐生,12,1,4.16,3.93,44.9,36.7,0.118,3
2024-07-19,桐生,12,2,3.87,5.19,31.5,26.4,0.212,1
2024-07-19,桐生,12,3,4.35,3.78,26.7,32.5,0.152,5
2024-07-19,桐生,12,4,4.46,4.08,37.4,41.2,0.228,4
2024-07-19,桐生,12,5,4.12,3.89,39.3,28.3,0.113,2
2024-07-19,桐生,12,6,5.29,4.83,31.8,26.2,0.17,6
2024-07-20,浜名湖,1,1,4.55,5.74,40.2,42.3,0.177,1
2024-07-20,浜名湖,1,2,5.57,6.48,49.9,36.1,0.164,2
2024-07-20,浜名湖,1,3,6.14,6.07,30.6,29.8,0.215,5
2024-07-20,浜名湖,1,4,5.08,4.87,26.5,37.0,0.158,6
2024-07-20,浜名湖,1,5,6.81,6.69,35.7,29.8,0.191,3
2024-07-20,浜名湖,1,6,6.47,7.43,25.8,43.5,0.116,4
2024-07-20,児島,2,1,4.15,4.12,27.0,32.3,0.208,2
2024-07-20,児島,2,2,5.71,6.16,31.4,26.5,0.12,4
2024-07-20,児島,2,3,6.58,6.57,31.5,34.4,0.134,1
2024-07-20,児島,2,4,6.17,5.69,46.8,26.6,0.175,3
2024-07-20,児島,2,5,6.22,6.73,35.5,35.6,0.11,6
2024-07-20,児島,2,6,5.39,5.56,31.2,37.6,0.198,5
2024-07-20,宮島,3,1,2.92,3.18,32.3,37.7,0.139,1
2024-07-20,宮島,3,2,5.73,6.32,33.9,36.2,0.124,2
2024-07-20,宮島,3,3,5.77,6.91,29.0,34.8,0.142,3
2024-07-20,宮島,3,4,4.59,5.08,27.5,44.0,0.162,5
2024-07-20,宮島,3,5,5.5,5.66,37.5,40.3,0.162,4
2024-07-20,宮島,3,6,4.02,3.71,28.2,39.6,0.121,6
2024-07-20,唐津,4,1,6.12,4.82,34.3,28.3,0.145,2
2024-07-20,唐津,4,2,6.92,6.43,46.3,44.0,0.109,3
2024-07-20,唐津,4,3,5.99,6.9,40.1,31.6,0.144,5
2024-07-20,唐津,4,4,4.65,4.81,35.4,29.1,0.241,1
2024-07-20,唐津,4,5,7.55,8.21,42.4,30.3,0.141,4
2024-07-20,唐津,4,6,5.29,4.57,50.7,48.2,0.181,6
2024-07-21,常滑,5,1,7.56,7.54,36.7,32.5,0.172,2
2024-07-21,常滑,5,2,7.02,7.34,26.0,34.1,0.202,1
2024-07-21,常滑,5,3,4.8,5.19,37.4,30.4,0.172,4
2024-07-21,常滑,5,4,5.02,4.27,41.6,40.2,0.145,5
2024-07-21,常滑,5,5,6.87,5.93,34.6,37.3,0.18,3
2024-07-21,常滑,5,6,3.43,3.01,42.1,30.3,0.167,6
2024-07-21,丸亀,6,1,6.36,6.59,30.1,30.2,0.113,1
2024-07-21,丸亀,6,2,3.31,3.51,35.0,33.7,0.247,3
2024-07-21,丸亀,6,3,6.14,5.35,32.4,30.0,0.165,5
2024-07-21,丸亀,6,4,4.68,4.25,36.5,26.2,0.165,6
2024-07-21,丸亀,6,5,5.48,6.17,35.4,35.0,0.167,4
2024-07-21,丸亀,6,6,5.84,5.85,39.7,29.2,0.188,2
2024-07-21,戸田,7,1,4.93,5.3,37.3,26.9,0.203,1
2024-07-21,戸田,7,2,4.52,4.25,26.4,30.1,0.152,3
2024-07-21,戸田,7,3,4.06,5.16,34.6,31.7,0.142,4
2024-07-21,戸田,7,4,5.0,4.86,33.6,34.1,0.169,2
2024-07-21,戸田,7,5,4.59,4.95,35.8,34.1,0.091,5
2024-07-21,戸田,7,6,4.61,3.97,31.4,28.2,0.091,6
2024-07-21,多摩川,8,1,6.44,6.33,37.0,29.8,0.142,1
2024-07-21,多摩川,8,2,4.82,5.1,26.6,36.9,0.125,2
2024-07-21,多摩川,8,3,6.6,7.61,24.5,37.5,0.209,4
2024-07-21,多摩川,8,4,6.73,6.23,34.9,47.3,0.185,3
2024-07-21,多摩川,8,5,5.21,5.08,41.1,34.3,0.217,5
2024-07-21,多摩川,8,6,4.5,4.75,24.7,37.5,0.209,6
2024-07-22,大村,9,1,5.28,5.63,30.3,36.7,0.163,1
2024-07-22,大村,9,2,4.43,4.31,37.2,32.5,0.182,5
2024-07-22,大村,9,3,4.25,4.27,42.2,37.5,0.149,6
2024-07-22,大村,9,4,5.51,5.63,42.9,33.5,0.16,2
2024-07-22,大村,9,5,6.74,7.32,48.3,31.0,0.196,4
2024-07-22,大村,9,6,6.9,6.62,40.1,38.1,0.13,3
2024-07-22,三国,10,1,5.54,5.47,37.2,30.1,0.128,1
2024-07-22,三国,10,2,5.74,6.04,37.8,26.8,0.12,5
2024-07-22,三国,10,3,7.2,7.55,27.3,39.8,0.186,2
2024-07-22,三国,10,4,6.07,6.17,35.1,35.7,0.201,3
2024-07-22,三国,10,5,3.7,3.34,44.4,47.0,0.123,4
2024-07-22,三国,10,6,3.96,4.7,33.4,40.8,0.181,6
2024-07-22,若松,11,1,4.36,4.41,32.5,37.0,0.144,2
2024-07-22,若松,11,2,5.83,5.59,26.7,22.7,0.183,1
2024-07-22,若松,11,3,3.58,3.1,32.4,43.3,0.196,6
2024-07-22,若松,11,4,6.08,5.18,31.8,31.6,0.113,3
2024-07-22,若松,11,5,5.02,5.79,23.9,39.6,0.188,4
2024-07-22,若松,11,6,5.71,5.86,39.7,31.5,0.129,5
2024-07-22,住之江,12,1,5.55,6.34,37.3,32.3,0.191,1
2024-07-22,住之江,12,2,4.87,5.5,31.5,22.8,0.125,3
2024-07-22,住之江,12,3,5.93,6.03,41.6,34.8,0.169,2
2024-07-22,住之江,12,4,3.6,5.25,37.8,47.6,0.167,5
2024-07-22,住之江,12,5,5.98,6.26,36.1,33.1,0.213,6
2024-07-22,住之江,12,6,7.11,6.27,22.3,37.3,0.219,4
2024-07-23,徳山,1,1,5.34,5.54,24.0,22.9,0.171,1
2024-07-23,徳山,1,2,4.74,4.89,36.2,38.0,0.141,2
2024-07-23,徳山,1,3,7.18,6.7,32.3,30.8,0.187,3
2024-07-23,徳山,1,4,4.09,3.65,25.1,35.7,0.226,4
2024-07-23,徳山,1,5,5.97,6.25,32.8,24.8,0.124,5
2024-07-23,徳山,1,6,3.99,5.02,27.2,31.6,0.13,6
2024-07-23,津,2,1,5.0,4.46,30.3,33.3,0.201,1
2024-07-23,津,2,2,5.02,5.14,26.7,31.6,0.137,4
2024-07-23,津,2,3,6.0,5.49,30.5,27.3,0.17,5
2024-07-23,津,2,4,7.47,6.86,41.0,37.2,0.191,2
2024-07-23,津,2,5,4.4,5.71,36.6,27.6,0.205,6
2024-07-23,津,2,6,4.72,5.12,35.7,37.8,0.16,3
2024-07-23,芦屋,3,1,5.57,5.92,38.5,26.2,0.122,2
2024-07-23,芦屋,3,2,6.24,6.38,45.8,43.5,0.189,3
2024-07-23,芦屋,3,3,5.27,4.78,36.6,27.5,0.191,4
2024-07-23,芦屋,3,4,6.6,6.5,30.1,34.9,0.165,1
2024-07-23,芦屋,3,5,4.15,2.49,41.8,34.3,0.186,6
2024-07-23,芦屋,3,6,5.04,4.47,36.0,39.9,0.12,5
2024-07-23,蒲郡,4,1,6.63,7.08,43.3,39.4,0.157,1
2024-07-23,蒲郡,4,2,4.22,3.09,30.9,35.9,0.155,3
2024-07-23,蒲郡,4,3,6.23,6.78,33.4,33.4,0.109,2
2024-07-23,蒲郡,4,4,5.23,3.66,35.1,32.8,0.185,5
2024-07-23,蒲郡,4,5,5.88,5.55,40.9,27.3,0.155,4
2024-07-23,蒲郡,4,6,5.08,5.6,37.7,35.5,0.167,6
2024-07-24,びわこ,5,1,5.42,4.65,33.3,39.9,0.182,5
2024-07-24,びわこ,5,2,4.82,5.04,25.9,34.9,0.213,4
2024-07-24,びわこ,5,3,4.49,4.69,22.8,33.3,0.091,2
2024-07-24,びわこ,5,4,3.5,3.07,32.0,40.0,0.173,3
2024-07-24,びわこ,5,5,6.67,6.71,39.5,28.2,0.161,1
2024-07-24,びわこ,5,6,4.41,5.0,30.5,36.0,0.149,6
2024-07-24,下関,6,1,5.97,6.92,31.2,30.2,0.145,1
2024-07-24,下関,6,2,4.44,5.12,30.4,29.9,0.204,3
2024-07-24,下関,6,3,4.92,4.52,33.6,34.6,0.197,4
2024-07-24,下関,6,4,4.52,4.43,25.7,30.8,0.218,6
2024-07-24,下関,6,5,4.93,5.43,36.6,32.4,0.135,2
2024-07-24,下関,6,6,6.11,6.05,37.3,38.0,0.11,5
2024-07-24,平和島,7,1,4.89,4.57,38.4,18.3,0.142,1
2024-07-24,平和島,7,2,5.04,4.37,37.1,26.0,0.189,5
2024-07-24,平和島,7,3,6.73,6.92,26.5,33.1,0.155,4
2024-07-24,平和島,7,4,4.0,4.5,28.3,23.0,0.152,6
2024-07-24,平和島,7,5,5.43,6.33,33.9,43.8,0.23,3
2024-07-24,平和島,7,6,5.61,6.4,44.2,41.6,0.16,2
2024-07-24,江戸川,8,1,4.27,5.0,33.4,38.7,0.15,2
2024-07-24,江戸川,8,2,4.72,3.36,38.6,25.5,0.234,5
2024-07-24,江戸川,8,3,5.58,4.96,24.6,33.6,0.135,1
2024-07-24,江戸川,8,4,5.13,3.7,35.0,28.6,0.142,3
2024-07-24,江戸川,8,5,4.43,3.42,36.5,34.0,0.157,6
2024-07-24,江戸川,8,6,6.98,6.55,31.4,43.7,0.17,4
2024-07-25,鳴門,9,1,5.51,5.9,39.7,32.5,0.133,1
2024-07-25,鳴門,9,2,6.05,5.98,32.2,42.0,0.151,3
2024-07-25,鳴門,9,3,6.77,6.77,35.1,32.6,0.214,4
2024-07-25,鳴門,9,4,6.82,7.29,35.5,39.9,0.14,2
2024-07-25,鳴門,9,5,4.65,4.87,41.6,36.0,0.203,6
2024-07-25,鳴門,9,6,4.28,4.1,38.8,35.1,0.153,5
2024-07-25,福岡,10,1,4.26,3.5,36.9,43.6,0.111,3
2024-07-25,福岡,10,2,6.74,6.1,50.5,27.0,0.13,1
2024-07-25,福岡,10,3,5.91,4.88,35.4,34.1,0.138,5
2024-07-25,福岡,10,4,4.98,5.19,29.7,28.9,0.119,6
2024-07-25,福岡,10,5,6.76,7.06,23.8,34.1,0.177,2
2024-07-25,福岡,10,6,5.35,4.85,49.5,34.0,0.133,4
2024-07-25,尼崎,11,1,5.7,3.92,34.1,26.5,0.121,1
2024-07-25,尼崎,11,2,5.01,4.82,34.2,22.2,0.102,4
2024-07-25,尼崎,11,3,4.35,4.09,38.4,32.0,0.155,6
2024-07-25,尼崎,11,4,4.17,4.28,36.0,40.1,0.183,3
2024-07-25,尼崎,11,5,5.47,5.05,39.2,29.4,0.175,2
2024-07-25,尼崎,11,6,6.76,6.19,34.7,25.5,0.193,5
2024-07-25,桐生,12,1,5.12,5.11,20.7,30.2,0.228,1
2024-07-25,桐生,12,2,3.14,4.09,33.2,26.0,0.18,5
2024-07-25,桐生,12,3,6.11,6.37,45.7,33.3,0.18,2
2024-07-25,桐生,12,4,5.51,4.59,45.2,34.8,0.119,4
2024-07-25,桐生,12,5,6.5,6.42,36.9,23.2,0.165,3
2024-07-25,桐生,12,6,4.14,5.07,36.3,23.0,0.136,6
2024-07-26,浜名湖,1,1,5.04,4.17,33.1,33.5,0.151,1
2024-07-26,浜名湖,1,2,6.07,4.85,34.9,41.1,0.215,3
2024-07-26,浜名湖,1,3,4.0,3.54,40.7,40.8,0.143,4
2024-07-26,浜名湖,1,4,6.08,6.71,31.5,27.6,0.099,5
2024-07-26,浜名湖,1,5,3.75,3.25,42.6,36.1,0.14,2
2024-07-26,浜名湖,1,6,3.9,4.16,30.6,36.2,0.199,6
2024-07-26,児島,2,1,5.4,5.24,26.7,42.4,0.15,1
2024-07-26,児島,2,2,5.02,4.48,43.2,40.5,0.143,3
2024-07-26,児島,2,3,5.79,4.92,30.9,21.3,0.191,4
2024-07-26,児島,2,4,5.12,4.28,33.7,32.0,0.139,5
2024-07-26,児島,2,5,4.98,5.43,36.3,26.9,0.146,6
2024-07-26,児島,2,6,6.11,6.79,33.0,35.3,0.156,2
2024-07-26,宮島,3,1,5.8,5.36,46.3,25.4,0.166,1
2024-07-26,宮島,3,2,4.97,4.38,30.9,34.9,0.196,5
2024-07-26,宮島,3,3,5.8,6.2,36.7,37.3,0.176,3
2024-07-26,宮島,3,4,4.56,4.17,29.8,45.0,0.152,2
2024-07-26,宮島,3,5,6.51,6.78,32.2,40.3,0.128,4
2024-07-26,宮島,3,6,4.54,5.3,34.7,40.7,0.12,6
2024-07-26,唐津,4,1,4.01,3.57,29.3,22.1,0.123,3
2024-07-26,唐津,4,2,4.89,4.56,35.5,36.5,0.173,4
2024-07-26,唐津,4,3,4.46,4.5,36.1,53.8,0.146,2
2024-07-26,唐津,4,4,6.04,6.46,20.7,32.4,0.107,1
2024-07-26,唐津,4,5,3.85,2.67,28.1,44.6,0.191,6
2024-07-26,唐津,4,6,4.74,4.92,28.0,32.5,0.197,5
2024-07-27,常滑,5,1,5.76,6.44,46.3,33.3,0.182,4
2024-07-27,常滑,5,2,5.91,7.34,39.5,42.9,0.188,1
2024-07-27,常滑,5,3,6.53,5.82,31.7,42.2,0.136,2
2024-07-27,常滑,5,4,4.65,4.48,29.5,39.7,0.171,6
2024-07-27,常滑,5,5,4.21,3.52,38.4,36.0,0.095,5
2024-07-27,常滑,5,6,6.54,6.6,39.0,56.3,0.158,3
2024-07-27,丸亀,6,1,4.2,5.26,30.2,25.5,0.149,3
2024-07-27,丸亀,6,2,5.52,6.48,40.8,35.9,0.137,2
2024-07-27,丸亀,6,3,5.52,5.2,34.2,38.1,0.171,1
2024-07-27,丸亀,6,4,7.64,8.03,40.7,38.4,0.179,4
2024-07-27,丸亀,6,5,4.78,4.5,28.5,38.3,0.114,6
2024-07-27,丸亀,6,6,4.54,4.05,39.9,35.0,0.193,5
2024-07-27,戸田,7,1,5.22,4.82,46.7,24.8,0.128,1
2024-07-27,戸田,7,2,4.46,3.37,44.8,38.6,0.139,5
2024-07-27,戸田,7,3,5.17,4.69,30.1,38.3,0.131,2
2024-07-27,戸田,7,4,4.66,5.1,33.8,40.6,0.115,6
2024-07-27,戸田,7,5,5.1,5.13,31.6,46.2,0.139,3
2024-07-27,戸田,7,6,4.02,3.75,50.1,35.5,0.127,4
2024-07-27,多摩川,8,1,5.58,5.83,41.4,30.2,0.122,3
2024-07-27,多摩川,8,2,6.3,6.05,42.2,24.0,0.135,2
2024-07-27,多摩川,8,3,3.37,4.62,34.1,46.3,0.177,6
2024-07-27,多摩川,8,4,6.71,7.07,49.1,38.6,0.152,1
2024-07-27,多摩川,8,5,5.16,4.5,32.1,40.2,0.124,4
2024-07-27,多摩川,8,6,6.67,6.75,32.3,38.7,0.141,5
2024-07-28,大村,9,1,5.24,5.34,32.4,36.7,0.194,1
2024-07-28,大村,9,2,5.32,4.78,29.9,32.3,0.195,3
2024-07-28,大村,9,3,4.75,4.69,33.2,32.3,0.216,2
2024-07-28,大村,9,4,3.51,3.74,39.5,26.8,0.211,5
2024-07-28,大村,9,5,7.03,6.22,32.6,29.2,0.134,4
2024-07-28,大村,9,6,4.01,4.03,23.9,39.8,0.184,6
2024-07-28,三国,10,1,5.48,4.74,26.0,23.1,0.165,1
2024-07-28,三国,10,2,4.62,5.5,30.5,34.7,0.192,3
2024-07-28,三国,10,3,5.96,6.29,37.1,41.1,0.196,2
2024-07-28,三国,10,4,5.88,5.89,32.9,42.8,0.165,4
2024-07-28,三国,10,5,6.55,5.96,31.0,32.2,0.124,5
2024-07-28,三国,10,6,4.43,4.59,35.3,34.2,0.177,6
2024-07-28,若松,11,1,4.51,5.67,43.6,34.7,0.184,4
2024-07-28,若松,11,2,6.23,5.9,39.9,34.8,0.123,2
2024-07-28,若松,11,3,5.35,5.08,34.3,39.1,0.168,3
2024-07-28,若松,11,4,4.95,4.85,23.9,29.2,0.143,6
2024-07-28,若松,11,5,7.28,7.2,44.7,32.6,0.159,1
2024-07-28,若松,11,6,3.7,3.03,38.4,31.6,0.171,5
2024-07-28,住之江,12,1,6.45,7.22,39.1,30.0,0.125,1
2024-07-28,住之江,12,2,5.62,5.12,27.5,47.2,0.183,5
2024-07-28,住之江,12,3,5.52,5.38,41.3,38.0,0.21,6
2024-07-28,住之江,12,4,6.08,6.21,41.1,37.3,0.09,4
2024-07-28,住之江,12,5,6.89,7.32,28.5,23.0,0.202,2
2024-07-28,住之江,12,6,5.87,5.36,42.3,32.5,0.152,3
2024-07-29,徳山,1,1,5.73,6.26,34.8,25.5,0.156,1
2024-07-29,徳山,1,2,5.42,4.62,40.5,36.1,0.208,3
2024-07-29,徳山,1,3,6.12,5.96,20.6,21.7,0.153,6
2024-07-29,徳山,1,4,5.35,4.72,27.8,39.9,0.168,4
2024-07-29,徳山,1,5,6.98,6.53,37.8,28.1,0.143,2
2024-07-29,徳山,1,6,5.14,4.68,32.5,39.4,0.129,5
2024-07-29,津,2,1,6.06,5.84,45.1,30.8,0.196,1
2024-07-29,津,2,2,6.4,6.37,37.5,33.2,0.08,2
2024-07-29,津,2,3,5.92,5.94,34.0,29.8,0.137,4
2024-07-29,津,2,4,6.25,6.39,36.1,38.4,0.134,5
2024-07-29,津,2,5,4.95,5.28,30.4,39.3,0.119,3
2024-07-29,津,2,6,4.9,4.61,29.4,27.4,0.149,6
2024-07-29,芦屋,3,1,4.78,4.64,16.9,25.6,0.08,3
2024-07-29,芦屋,3,2,5.99,6.66,44.7,29.8,0.172,1
2024-07-29,芦屋,3,3,5.69,5.75,28.6,40.3,0.141,6
2024-07-29,芦屋,3,4,5.04,4.61,22.4,32.8,0.171,5
2024-07-29,芦屋,3,5,5.01,5.95,30.3,30.2,0.08,4
2024-07-29,芦屋,3,6,6.47,7.23,23.7,37.9,0.101,2
2024-07-29,蒲郡,4,1,3.88,4.38,17.6,44.8,0.14,1
2024-07-29,蒲郡,4,2,5.29,6.63,39.6,33.5,0.179,4
2024-07-29,蒲郡,4,3,6.31,5.92,31.9,31.8,0.199,2
2024-07-29,蒲郡,4,4,5.11,4.17,41.2,31.4,0.168,5
2024-07-29,蒲郡,4,5,5.65,5.76,23.0,23.2,0.149,6
2024-07-29,蒲郡,4,6,6.0,5.99,42.3,37.9,0.18,3
2024-07-30,びわこ,5,1,5.01,4.67,42.3,40.6,0.151,2
2024-07-30,びわこ,5,2,6.1,6.82,39.0,26.4,0.102,1
2024-07-30,びわこ,5,3,6.25,5.94,34.3,33.1,0.16,4
2024-07-30,びわこ,5,4,6.23,5.8,26.8,40.5,0.161,5
2024-07-30,びわこ,5,5,5.65,6.18,46.1,35.4,0.195,3
2024-07-30,びわこ,5,6,5.78,4.31,33.8,28.7,0.099,6
2024-07-30,下関,6,1,4.09,4.47,35.8,29.8,0.13,1
2024-07-30,下関,6,2,3.24,3.83,39.7,36.9,0.184,3
2024-07-30,下関,6,3,3.94,4.03,38.7,38.0,0.144,4
2024-07-30,下関,6,4,6.06,6.4,47.2,23.3,0.161,2
2024-07-30,下関,6,5,5.64,5.66,30.3,35.3,0.114,6
2024-07-30,下関,6,6,4.33,4.43,40.1,40.9,0.112,5
2024-07-30,平和島,7,1,5.45,5.0,34.5,32.1,0.222,1
2024-07-30,平和島,7,2,4.77,4.75,36.4,21.1,0.12,4
2024-07-30,平和島,7,3,5.16,5.42,28.5,24.1,0.182,2
2024-07-30,平和島,7,4,5.28,5.55,41.2,30.7,0.124,6
2024-07-30,平和島,7,5,4.42,4.46,53.3,36.5,0.138,5
2024-07-30,平和島,7,6,4.98,4.09,34.5,35.8,0.164,3
2024-07-30,江戸川,8,1,2.74,2.57,39.2,51.4,0.128,5
2024-07-30,江戸川,8,2,4.4,4.97,39.8,32.6,0.12,6
2024-07-30,江戸川,8,3,6.43,7.3,33.0,32.5,0.136,2
2024-07-30,江戸川,8,4,4.87,5.49,40.9,36.6,0.125,4
2024-07-30,江戸川,8,5,4.84,5.62,40.0,33.0,0.191,3
2024-07-30,江戸川,8,6,4.49,5.37,42.5,26.8,0.148,1
2024-07-31,鳴門,9,1,5.66,5.45,38.9,25.8,0.114,1
2024-07-31,鳴門,9,2,7.35,8.51,47.5,30.3,0.127,2
2024-07-31,鳴門,9,3,5.06,4.37,38.5,27.6,0.199,4
2024-07-31,鳴門,9,4,5.02,4.21,34.5,33.8,0.181,3
2024-07-31,鳴門,9,5,5.34,4.53,30.5,34.0,0.174,6
2024-07-31,鳴門,9,6,3.91,3.22,31.3,37.2,0.147,5
2024-07-31,福岡,10,1,5.83,4.68,31.8,27.4,0.136,3
2024-07-31,福岡,10,2,6.72,7.12,36.6,27.4,0.168,1
2024-07-31,福岡,10,3,3.78,2.73,43.6,39.9,0.161,6
2024-07-31,福岡,10,4,6.28,7.67,15.5,35.8,0.199,2
2024-07-31,福岡,10,5,4.68,3.86,44.0,46.0,0.09,5
2024-07-31,福岡,10,6,5.99,6.46,30.7,25.1,0.197,4
2024-07-31,尼崎,11,1,5.88,6.01,24.8,47.2,0.139,3
2024-07-31,尼崎,11,2,6.66,7.06,33.5,20.8,0.159,5
2024-07-31,尼崎,11,3,5.2,4.31,43.4,47.0,0.194,4
2024-07-31,尼崎,11,4,3.64,3.29,18.4,39.9,0.179,6
2024-07-31,尼崎,11,5,6.02,6.62,28.9,32.3,0.212,1
2024-07-31,尼崎,11,6,5.81,6.4,36.7,31.7,0.167,2
2024-07-31,桐生,12,1,5.26,6.21,26.6,44.4,0.13,2
2024-07-31,桐生,12,2,4.0,3.88,31.6,34.5,0.153,1
2024-07-31,桐生,12,3,5.81,4.33,43.0,33.9,0.157,5
2024-07-31,桐生,12,4,6.28,6.05,42.6,26.9,0.216,3
2024-07-31,桐生,12,5,4.15,4.61,31.0,26.6,0.141,6
2024-07-31,桐生,12,6,4.71,4.99,43.2,25.2,0.09,4
2024-08-01,浜名湖,1,1,4.49,4.35,24.8,36.7,0.153,5
2024-08-01,浜名湖,1,2,3.91,4.85,41.0,37.3,0.133,4
2024-08-01,浜名湖,1,3,6.85,6.52,40.6,45.7,0.1,1
2024-08-01,浜名湖,1,4,5.78,4.77,32.3,30.6,0.19,6
2024-08-01,浜名湖,1,5,5.53,5.88,26.9,27.6,0.193,2
2024-08-01,浜名湖,1,6,3.79,2.87,46.7,34.7,0.138,3
2024-08-01,児島,2,1,5.02,6.0,42.7,22.4,0.145,3
2024-08-01,児島,2,2,6.55,7.27,31.3,27.9,0.165,2
2024-08-01,児島,2,3,5.63,4.93,33.0,37.3,0.172,1
2024-08-01,児島,2,4,4.52,4.25,35.6,16.0,0.15,6
2024-08-01,児島,2,5,5.81,5.52,33.7,38.1,0.155,5
2024-08-01,児島,2,6,5.84,4.8,28.9,46.5,0.17,4
2024-08-01,宮島,3,1,5.75,5.83,41.4,41.0,0.21,2
2024-08-01,宮島,3,2,5.72,6.76,31.3,29.9,0.144,1
2024-08-01,宮島,3,3,4.6,5.57,31.4,34.7,0.124,3
2024-08-01,宮島,3,4,4.38,3.6,41.7,30.1,0.164,5
2024-08-01,宮島,3,5,4.17,5.19,31.4,17.5,0.164,6
2024-08-01,宮島,3,6,4.01,5.48,31.7,22.8,0.158,4
2024-08-01,唐津,4,1,5.72,6.55,27.9,44.1,0.201,1
2024-08-01,唐津,4,2,5.18,5.6,32.8,40.1,0.159,3
2024-08-01,唐津,4,3,5.19,4.61,40.1,32.6,0.131,4
2024-08-01,唐津,4,4,5.44,6.21,30.8,36.8,0.141,2
2024-08-01,唐津,4,5,5.77,7.16,19.2,34.5,0.217,6
2024-08-01,唐津,4,6,6.3,6.34,37.9,30.3,0.144,5
2024-08-02,常滑,5,1,5.77,5.14,33.8,33.0,0.144,2
2024-08-02,常滑,5,2,6.06,5.87,38.5,28.8,0.143,3
2024-08-02,常滑,5,3,6.51,7.07,46.3,34.3,0.152,1
2024-08-02,常滑,5,4,6.44,7.31,35.3,33.9,0.202,5
2024-08-02,常滑,5,5,5.64,5.23,34.2,35.0,0.169,4
2024-08-02,常滑,5,6,6.5,6.59,33.6,32.2,0.174,6
2024-08-02,丸亀,6,1,6.13,6.56,29.8,31.3,0.193,2
2024-08-02,丸亀,6,2,4.83,4.45,38.9,42.0,0.236,4
2024-08-02,丸亀,6,3,5.83,5.33,33.6,19.2,0.093,1
2024-08-02,丸亀,6,4,5.74,5.32,42.7,33.0,0.142,5
2024-08-02,丸亀,6,5,5.22,6.16,31.7,46.0,0.183,3
2024-08-02,丸亀,6,6,5.43,4.67,42.0,27.6,0.199,6
2024-08-02,戸田,7,1,5.86,4.12,25.1,40.1,0.175,4
2024-08-02,戸田,7,2,5.0,4.79,51.7,26.8,0.126,1
2024-08-02,戸田,7,3,5.79,5.49,40.8,34.2,0.138,5
2024-08-02,戸田,7,4,5.21,5.15,37.7,41.4,0.152,3
2024-08-02,戸田,7,5,6.22,5.9,19.8,34.5,0.169,2
2024-08-02,戸田,7,6,3.31,3.68,33.7,36.3,0.202,6
2024-08-02,多摩川,8,1,3.64,4.08,36.8,33.2,0.148,4
2024-08-02,多摩川,8,2,5.76,6.22,38.3,31.2,0.172,3
2024-08-02,多摩川,8,3,4.96,5.26,36.2,41.9,0.161,2
2024-08-02,多摩川,8,4,4.72,4.39,38.1,41.1,0.103,5
2024-08-02,多摩川,8,5,5.72,6.04,29.8,28.5,0.154,1
2024-08-02,多摩川,8,6,5.91,5.64,37.9,32.2,0.15,6
2024-08-03,大村,9,1,5.21,5.2,45.6,36.5,0.165,3
2024-08-03,大村,9,2,5.06,5.44,25.6,26.4,0.181,4
2024-08-03,大村,9,3,4.89,4.87,31.8,33.5,0.194,1
2024-08-03,大村,9,4,7.66,8.55,38.1,33.2,0.197,2
2024-08-03,大村,9,5,5.75,6.24,35.6,30.8,0.181,5
2024-08-03,大村,9,6,4.81,5.21,28.8,26.7,0.229,6
2024-08-03,三国,10,1,5.91,6.71,45.4,35.5,0.213,1
2024-08-03,三国,10,2,6.58,7.51,32.9,35.8,0.158,2
2024-08-03,三国,10,3,5.67,6.42,45.6,31.7,0.164,3
2024-08-03,三国,10,4,4.98,4.99,49.8,33.6,0.192,6
2024-08-03,三国,10,5,4.03,4.45,23.8,25.9,0.208,4
2024-08-03,三国,10,6,5.4,6.03,44.3,37.1,0.12,5
2024-08-03,若松,11,1,6.17,6.45,43.5,23.2,0.12,1
2024-08-03,若松,11,2,5.93,6.95,43.7,26.4,0.146,2
2024-08-03,若松,11,3,6.18,5.44,39.9,38.2,0.193,5
2024-08-03,若松,11,4,5.9,6.55,38.1,41.0,0.193,4
2024-08-03,若松,11,5,5.18,5.67,42.4,31.4,0.133,6
2024-08-03,若松,11,6,6.17,5.79,38.5,46.9,0.096,3
2024-08-03,住之江,12,1,6.27,7.49,34.8,39.1,0.205,3
2024-08-03,住之江,12,2,5.14,4.75,34.2,40.8,0.139,2
2024-08-03,住之江,12,3,7.57,7.18,37.1,39.2,0.124,4
2024-08-03,住之江,12,4,5.52,5.05,35.9,29.9,0.146,6
2024-08-03,住之江,12,5,5.58,6.16,36.4,37.2,0.122,1
2024-08-03,住之江,12,6,6.59,7.6,35.4,30.2,0.18,5
2024-08-04,徳山,1,1,5.54,5.46,22.0,38.3,0.161,1
2024-08-04,徳山,1,2,7.21,6.74,20.9,34.1,0.192,6
2024-08-04,徳山,1,3,7.2,7.29,30.2,32.7,0.168,2
2024-08-04,徳山,1,4,4.89,4.94,40.0,32.2,0.165,5
2024-08-04,徳山,1,5,5.94,6.41,31.4,25.7,0.13,4
2024-08-04,徳山,1,6,5.91,5.67,29.7,31.5,0.171,3
2024-08-04,津,2,1,6.38,6.72,32.4,31.9,0.149,1
2024-08-04,津,2,2,5.9,4.94,39.2,24.7,0.14,2
2024-08-04,津,2,3,5.44,5.29,16.5,38.0,0.15,3
2024-08-04,津,2,4,4.09,3.51,34.4,22.3,0.184,4
2024-08-04,津,2,5,4.33,3.77,35.6,33.8,0.13,5
2024-08-04,津,2,6,4.3,3.33,40.2,36.4,0.113,6
2024-08-04,芦屋,3,1,4.69,4.08,50.1,28.3,0.206,1
2024-08-04,芦屋,3,2,4.76,5.88,21.2,34.2,0.176,2
2024-08-04,芦屋,3,3,4.31,3.71,50.1,22.6,0.118,3
2024-08-04,芦屋,3,4,3.99,4.42,28.1,30.8,0.154,6
2024-08-04,芦屋,3,5,5.69,4.79,33.6,38.5,0.193,4
2024-08-04,芦屋,3,6,3.77,4.96,40.9,21.7,0.191,5
2024-08-04,蒲郡,4,1,5.99,6.74,38.0,25.8,0.157,2
2024-08-04,蒲郡,4,2,5.66,5.12,30.5,30.0,0.115,3
2024-08-04,蒲郡,4,3,4.62,5.4,30.6,22.6,0.162,1
2024-08-04,蒲郡,4,4,6.52,6.01,31.5,31.5,0.174,4
2024-08-04,蒲郡,4,5,2.57,3.14,38.5,26.5,0.151,6
2024-08-04,蒲郡,4,6,4.31,4.36,26.2,32.4,0.18,5
2024-08-05,びわこ,5,1,4.3,3.15,35.0,42.7,0.182,2
2024-08-05,びわこ,5,2,5.68,7.21,47.9,38.2,0.223,1
2024-08-05,びわこ,5,3,4.18,4.46,45.9,38.1,0.186,4
2024-08-05,びわこ,5,4,4.81,5.21,40.3,31.2,0.206,6
2024-08-05,びわこ,5,5,3.37,3.62,25.5,31.5,0.163,5
2024-08-05,びわこ,5,6,5.96,6.39,36.9,29.5,0.173,3
2024-08-05,下関,6,1,5.62,5.38,47.9,41.8,0.234,1
2024-08-05,下関,6,2,5.9,5.81,29.9,37.3,0.134,2
2024-08-05,下関,6,3,5.27,5.7,32.2,33.1,0.145,3
2024-08-05,下関,6,4,6.51,6.8,31.2,34.6,0.182,4
2024-08-05,下関,6,5,5.83,4.77,30.9,30.9,0.15,5
2024-08-05,下関,6,6,3.97,4.08,31.5,27.6,0.136,6
2024-08-05,平和島,7,1,5.17,4.72,27.7,26.5,0.081,1
2024-08-05,平和島,7,2,3.04,3.37,27.4,38.3,0.144,2
2024-08-05,平和島,7,3,4.69,4.38,35.2,31.2,0.176,6
2024-08-05,平和島,7,4,4.53,3.63,45.3,42.8,0.159,5
2024-08-05,平和島,7,5,4.94,4.76,48.6,35.7,0.157,4
2024-08-05,平和島,7,6,5.77,6.11,30.8,32.5,0.183,3
2024-08-05,江戸川,8,1,4.86,4.15,29.0,33.1,0.132,3
2024-08-05,江戸川,8,2,6.32,5.41,28.9,39.7,0.134,1
2024-08-05,江戸川,8,3,3.84,3.8,21.7,38.3,0.14,5
2024-08-05,江戸川,8,4,4.82,3.98,29.4,41.7,0.165,6
2024-08-05,江戸川,8,5,6.55,5.5,32.0,39.3,0.126,4
2024-08-05,江戸川,8,6,4.96,5.76,38.8,35.0,0.149,2
2024-08-06,鳴門,9,1,5.72,6.62,27.4,29.7,0.172,1
2024-08-06,鳴門,9,2,6.19,6.69,33.6,30.9,0.149,2
2024-08-06,鳴門,9,3,6.98,6.97,45.5,28.1,0.226,3
2024-08-06,鳴門,9,4,5.25,5.59,42.5,42.7,0.163,4
2024-08-06,鳴門,9,5,6.92,6.82,26.7,26.2,0.145,6
2024-08-06,鳴門,9,6,5.08,4.73,45.0,38.6,0.152,5
2024-08-06,福岡,10,1,6.73,6.43,27.6,34.4,0.131,1
2024-08-06,福岡,10,2,5.39,5.0,30.2,43.3,0.159,3
2024-08-06,福岡,10,3,6.9,7.16,44.1,30.1,0.153,2
2024-08-06,福岡,10,4,6.06,5.8,48.6,27.2,0.179,5
2024-08-06,福岡,10,5,5.12,5.02,51.0,29.8,0.094,4
2024-08-06,福岡,10,6,5.69,5.94,39.8,45.2,0.133,6
2024-08-06,尼崎,11,1,2.11,2.32,17.6,48.1,0.201,4
2024-08-06,尼崎,11,2,7.0,6.46,35.2,28.4,0.178,1
2024-08-06,尼崎,11,3,5.87,5.56,35.8,28.7,0.14,2
2024-08-06,尼崎,11,4,5.12,5.38,42.6,28.6,0.187,5
2024-08-06,尼崎,11,5,6.83,6.79,28.8,32.9,0.187,6
2024-08-06,尼崎,11,6,5.87,5.84,50.4,40.1,0.169,3
2024-08-06,桐生,12,1,6.37,6.01,33.7,47.5,0.13,1
2024-08-06,桐生,12,2,4.93,4.02,30.2,30.1,0.154,4
2024-08-06,桐生,12,3,4.94,4.78,42.4,38.5,0.131,2
2024-08-06,桐生,12,4,4.92,5.58,24.6,37.1,0.184,5
2024-08-06,桐生,12,5,4.89,5.08,24.2,29.5,0.109,3
2024-08-06,桐生,12,6,4.35,4.11,20.1,30.1,0.194,6
2024-08-07,浜名湖,1,1,6.21,6.49,37.6,36.9,0.19,1
2024-08-07,浜名湖,1,2,5.67,5.97,36.8,34.5,0.161,2
2024-08-07,浜名湖,1,3,5.58,6.0,34.1,33.3,0.219,4
2024-08-07,浜名湖,1,4,5.53,5.09,45.1,24.6,0.214,5
2024-08-07,浜名湖,1,5,4.91,4.82,27.6,35.0,0.121,6
2024-08-07,浜名湖,1,6,5.56,5.17,34.0,32.0,0.132,3
2024-08-07,児島,2,1,6.23,6.14,25.9,38.1,0.113,1
2024-08-07,児島,2,2,3.83,3.54,33.6,30.0,0.165,2
2024-08-07,児島,2,3,5.46,5.54,44.0,38.1,0.171,4
2024-08-07,児島,2,4,4.2,3.79,40.9,34.3,0.182,5
2024-08-07,児島,2,5,3.47,3.5,16.8,31.6,0.1,6
2024-08-07,児島,2,6,5.74,4.92,42.1,35.4,0.151,3
2024-08-07,宮島,3,1,5.54,5.31,40.3,36.5,0.187,1
2024-08-07,宮島,3,2,6.2,6.35,20.7,37.8,0.188,4
2024-08-07,宮島,3,3,4.13,4.38,42.0,36.4,0.146,5
2024-08-07,宮島,3,4,4.5,5.57,35.2,39.7,0.152,6
2024-08-07,宮島,3,5,6.69,6.97,43.3,34.4,0.118,2
2024-08-07,宮島,3,6,5.06,5.25,37.1,39.1,0.176,3
2024-08-07,唐津,4,1,6.66,6.84,42.0,33.9,0.093,2
2024-08-07,唐津,4,2,3.97,2.81,32.8,40.4,0.179,5
2024-08-07,唐津,4,3,5.86,5.65,46.2,38.6,0.181,1
2024-08-07,唐津,4,4,6.38,7.06,34.4,23.7,0.192,6
2024-08-07,唐津,4,5,5.07,4.84,33.0,27.5,0.172,4
2024-08-07,唐津,4,6,5.31,4.6,32.1,32.6,0.15,3
2024-08-08,常滑,5,1,5.66,5.73,54.4,36.1,0.233,2
2024-08-08,常滑,5,2,4.51,3.6,27.3,28.0,0.155,3
2024-08-08,常滑,5,3,5.0,4.98,29.6,28.1,0.122,6
2024-08-08,常滑,5,4,6.62,5.14,39.3,37.8,0.143,1
2024-08-08,常滑,5,5,6.77,6.31,36.5,30.7,0.148,4
2024-08-08,常滑,5,6,5.29,4.88,31.1,40.7,0.213,5
2024-08-08,丸亀,6,1,4.03,4.58,50.0,36.1,0.101,1
2024-08-08,丸亀,6,2,7.34,7.17,37.6,32.2,0.175,3
2024-08-08,丸亀,6,3,4.6,4.36,38.2,34.5,0.129,4
2024-08-08,丸亀,6,4,4.15,3.59,30.8,35.6,0.218,6
2024-08-08,丸亀,6,5,4.82,4.83,18.5,37.8,0.193,5
2024-08-08,丸亀,6,6,4.8,5.83,35.1,30.8,0.134,2
2024-08-08,戸田,7,1,6.96,6.96,42.9,38.9,0.115,1
2024-08-08,戸田,7,2,6.62,6.24,37.3,27.3,0.186,3
2024-08-08,戸田,7,3,4.34,4.98,39.6,32.9,0.197,5
2024-08-08,戸田,7,4,6.4,7.26,39.5,32.2,0.128,2
2024-08-08,戸田,7,5,4.27,4.37,32.7,32.7,0.168,6
2024-08-08,戸田,7,6,5.38,5.43,23.8,42.9,0.151,4
2024-08-08,多摩川,8,1,5.92,6.23,27.9,35.1,0.17,1
2024-08-08,多摩川,8,2,3.15,2.92,27.5,42.1,0.124,6
2024-08-08,多摩川,8,3,4.5,4.56,36.7,36.1,0.146,5
2024-08-08,多摩川,8,4,4.54,4.08,30.0,27.1,0.231,4
2024-08-08,多摩川,8,5,5.38,5.13,32.9,43.6,0.222,2
2024-08-08,多摩川,8,6,5.27,6.39,26.9,34.3,0.184,3
2024-08-09,大村,9,1,6.99,6.71,35.2,33.3,0.111,1
2024-08-09,大村,9,2,7.11,7.03,44.2,15.9,0.153,3
2024-08-09,大村,9,3,4.2,4.33,44.7,31.2,0.211,4
2024-08-09,大村,9,4,5.13,4.21,26.1,29.5,0.155,6
2024-08-09,大村,9,5,7.13,7.77,35.5,36.7,0.205,5
2024-08-09,大村,9,6,5.24,5.72,27.6,43.6,0.176,2
2024-08-09,三国,10,1,6.7,6.06,40.4,40.1,0.154,1
2024-08-09,三国,10,2,5.92,5.53,23.1,42.6,0.11,2
2024-08-09,三国,10,3,4.61,4.49,40.9,30.9,0.148,5
2024-08-09,三国,10,4,4.73,5.01,43.6,36.7,0.225,3
2024-08-09,三国,10,5,6.0,4.37,30.9,39.7,0.115,4
2024-08-09,三国,10,6,6.2,6.85,36.1,33.8,0.173,6
2024-08-09,若松,11,1,5.82,6.02,24.6,28.8,0.121,1
2024-08-09,若松,11,2,6.27,6.55,38.3,43.6,0.155,2
2024-08-09,若松,11,3,6.33,5.47,26.1,34.1,0.224,6
2024-08-09,若松,11,4,5.45,4.98,39.7,36.3,0.162,5
2024-08-09,若松,11,5,4.99,3.94,27.1,36.9,0.08,3
2024-08-09,若松,11,6,4.38,4.63,45.6,17.1,0.106,4
2024-08-09,住之江,12,1,5.02,5.58,28.6,25.9,0.2,3
2024-08-09,住之江,12,2,5.41,5.54,20.5,37.4,0.225,4
2024-08-09,住之江,12,3,5.99,6.12,43.6,37.8,0.082,1
2024-08-09,住之江,12,4,6.39,5.2,33.3,39.5,0.21,5
2024-08-09,住之江,12,5,7.98,8.29,35.9,37.0,0.181,2
2024-08-09,住之江,12,6,4.43,4.83,38.7,52.2,0.177,6
2024-08-10,徳山,1,1,5.04,5.97,41.8,34.6,0.196,1
2024-08-10,徳山,1,2,4.33,3.3,35.6,37.1,0.196,6
2024-08-10,徳山,1,3,4.5,4.51,33.5,21.3,0.157,5
2024-08-10,徳山,1,4,6.33,5.65,46.1,27.5,0.22,3
2024-08-10,徳山,1,5,6.33,6.16,26.6,41.8,0.146,2
2024-08-10,徳山,1,6,4.5,3.96,34.1,42.0,0.143,4
2024-08-10,津,2,1,5.08,6.48,28.4,36.1,0.215,2
2024-08-10,津,2,2,5.81,6.53,30.8,39.9,0.113,4
2024-08-10,津,2,3,6.53,7.12,34.1,28.0,0.155,1
2024-08-10,津,2,4,7.02,8.51,29.4,36.7,0.177,3
2024-08-10,津,2,5,5.84,6.42,19.9,31.3,0.14,5
2024-08-10,津,2,6,4.17,3.87,32.3,37.2,0.173,6
2024-08-10,芦屋,3,1,5.59,6.12,37.3,36.7,0.196,2
2024-08-10,芦屋,3,2,7.98,7.99,31.7,23.6,0.197,1
2024-08-10,芦屋,3,3,5.5,5.33,28.8,34.2,0.08,3
2024-08-10,芦屋,3,4,4.63,4.95,47.6,23.8,0.148,4
2024-08-10,芦屋,3,5,4.41,4.99,41.6,37.7,0.178,6
2024-08-10,芦屋,3,6,5.65,6.17,41.3,32.0,0.177,5
2024-08-10,蒲郡,4,1,4.92,5.38,45.6,31.1,0.132,1
2024-08-10,蒲郡,4,2,5.58,5.35,25.3,36.1,0.165,2
2024-08-10,蒲郡,4,3,4.82,4.85,33.8,29.0,0.165,3
2024-08-10,蒲郡,4,4,5.79,5.67,38.4,24.8,0.16,5
2024-08-10,蒲郡,4,5,7.03,7.0,38.6,32.4,0.17,4
2024-08-10,蒲郡,4,6,5.1,4.19,29.2,35.7,0.183,6
2024-08-11,びわこ,5,1,6.3,6.39,51.3,27.8,0.205,2
2024-08-11,びわこ,5,2,7.12,8.06,28.4,29.9,0.143,1
2024-08-11,びわこ,5,3,6.07,5.39,23.0,37.0,0.171,3
2024-08-11,びわこ,5,4,5.71,4.71,36.2,36.5,0.175,6
2024-08-11,びわこ,5,5,5.63,5.4,19.0,19.8,0.19,4
2024-08-11,びわこ,5,6,6.13,5.62,38.7,42.5,0.242,5
2024-08-11,下関,6,1,5.17,5.15,30.1,29.5,0.202,3
2024-08-11,下関,6,2,4.8,5.16,30.6,36.0,0.145,5
2024-08-11,下関,6,3,5.19,4.15,42.2,39.0,0.163,2
2024-08-11,下関,6,4,6.68,6.14,37.7,37.3,0.183,1
2024-08-11,下関,6,5,5.03,6.19,29.3,23.2,0.107,4
2024-08-11,下関,6,6,4.58,5.05,42.8,22.9,0.097,6
2024-08-11,平和島,7,1,5.59,5.82,39.2,41.5,0.198,4
2024-08-11,平和島,7,2,6.32,5.55,39.0,30.0,0.179,2
2024-08-11,平和島,7,3,5.55,5.94,37.2,32.6,0.23,3
2024-08-11,平和島,7,4,5.98,5.89,31.6,29.9,0.166,1
2024-08-11,平和島,7,5,6.13,5.92,44.3,40.2,0.08,5
2024-08-11,平和島,7,6,4.99,5.08,38.8,36.5,0.151,6
2024-08-11,江戸川,8,1,5.87,5.87,43.9,30.7,0.142,1
2024-08-11,江戸川,8,2,5.76,6.02,35.1,26.1,0.171,4
2024-08-11,江戸川,8,3,6.13,6.34,35.6,31.4,0.194,2
2024-08-11,江戸川,8,4,3.99,4.58,48.2,39.7,0.173,6
2024-08-11,江戸川,8,5,5.12,5.57,41.1,34.9,0.197,3
2024-08-11,江戸川,8,6,5.52,5.94,39.1,38.2,0.207,5
2024-08-12,鳴門,9,1,4.55,3.24,21.5,33.5,0.156,3
2024-08-12,鳴門,9,2,5.46,6.01,35.1,37.3,0.09,2
2024-08-12,鳴門,9,3,4.82,4.88,24.2,29.4,0.129,5
2024-08-12,鳴門,9,4,5.51,5.36,34.1,40.7,0.176,4
2024-08-12,鳴門,9,5,6.04,6.15,42.6,37.1,0.148,1
2024-08-12,鳴門,9,6,6.05,5.6,35.1,33.9,0.152,6
2024-08-12,福岡,10,1,6.34,5.42,26.5,38.6,0.175,2
2024-08-12,福岡,10,2,6.14,5.74,27.1,36.2,0.173,5
2024-08-12,福岡,10,3,8.13,7.88,40.9,30.8,0.157,1
2024-08-12,福岡,10,4,6.95,6.83,23.5,17.4,0.205,4
2024-08-12,福岡,10,5,6.52,6.34,27.1,29.3,0.199,3
2024-08-12,福岡,10,6,5.95,6.61,23.1,42.4,0.171,6
2024-08-12,尼崎,11,1,4.94,5.7,39.9,30.4,0.163,1
2024-08-12,尼崎,11,2,5.85,6.34,22.9,37.0,0.197,4
2024-08-12,尼崎,11,3,5.35,5.82,28.9,30.9,0.138,5
2024-08-12,尼崎,11,4,5.74,5.91,37.9,39.3,0.147,2
2024-08-12,尼崎,11,5,4.25,3.67,25.3,39.7,0.172,6
2024-08-12,尼崎,11,6,4.99,4.33,21.2,39.8,0.172,3
2024-08-12,桐生,12,1,5.05,5.19,31.2,44.5,0.149,3
2024-08-12,桐生,12,2,7.12,6.86,43.9,37.3,0.125,1
2024-08-12,桐生,12,3,2.59,2.17,37.3,30.1,0.158,2
2024-08-12,桐生,12,4,5.0,4.92,32.2,32.0,0.182,6
2024-08-12,桐生,12,5,4.79,4.8,32.7,30.8,0.173,5
2024-08-12,桐生,12,6,6.76,7.43,31.3,25.4,0.171,4
